{
"type": "FeatureCollection",
"name": "gwanak_parks",
"crs": { "type": "name", "properties": { "name": "urn:ogc:def:crs:OGC:1.3:CRS84" } },
"features": [
{ "type": "Feature", "properties": { "ID": "생활서비스시설_공원_1257", "CODE": "ZON216", "ENT_NAME": "생활서비스시설_공원", "JOSER_ID": null, "GOSI_ID": null, "LABEL": "도시자연공원((관악산)<시공원>)", "GOSI_DATE": null }, "geometry": { "type": "MultiPolygon", "coordinates": [ [ [ [ 126.911185174597591, 37.475222376014322 ], [ 126.911185047052641, 37.475222161129409 ], [ 126.911185130295564, 37.475222400419177 ], [ 126.911185174597591, 37.475222376014322 ] ] ], [ [ [ 126.91119308780911, 37.475206721742936 ], [ 126.911262342491696, 37.475058623756325 ], [ 126.911336759927551, 37.474901120498181 ], [ 126.911301189382513, 37.474759351844249 ], [ 126.911295001377994, 37.47478632673468 ], [ 126.911293801090935, 37.474797354087706 ], [ 126.911303348654826, 37.474858133988782 ], [ 126.911315304637824, 37.474918564335994 ], [ 126.911312566753381, 37.474939087080365 ], [ 126.911204521843246, 37.475166381511784 ], [ 126.911181371058959, 37.475211594133839 ], [ 126.911183116380627, 37.475216611228412 ], [ 126.91119308780911, 37.475206721742936 ] ] ], [ [ [ 126.911320577307976, 37.474679526448959 ], [ 126.911371609248405, 37.474462233710597 ], [ 126.91108289300594, 37.474170125279414 ], [ 126.91104299515878, 37.47386276100633 ], [ 126.910885921060711, 37.473706434745637 ], [ 126.910756992934751, 37.473580393665962 ], [ 126.91060221007686, 37.473603024160745 ], [ 126.910715475141998, 37.473613651575668 ], [ 126.910745041986701, 37.473619233476825 ], [ 126.910806900434906, 37.473686306558328 ], [ 126.91098573004129, 37.473875960573899 ], [ 126.911023486182685, 37.473915399344229 ], [ 126.91107299356328, 37.474213092436905 ], [ 126.911329468136941, 37.474477822782831 ], [ 126.911359177119394, 37.474506569411183 ], [ 126.911313319101922, 37.474706475637007 ], [ 126.911320577307976, 37.474679526448959 ] ] ], [ [ [ 126.908235054708882, 37.472612327557528 ], [ 126.908214519936422, 37.472647008882987 ], [ 126.908201910617777, 37.472668839232384 ], [ 126.908197246639688, 37.472683098422223 ], [ 126.908199820629648, 37.472686163008284 ], [ 126.908235054708882, 37.472612327557528 ] ] ], [ [ [ 126.908405125508608, 37.472328424660915 ], [ 126.908568690954439, 37.472211513176603 ], [ 126.908584824461983, 37.472177518922109 ], [ 126.90846842732131, 37.47225257888973 ], [ 126.908436305084493, 37.472275348962619 ], [ 126.908435568738653, 37.472276591766459 ], [ 126.90843442459763, 37.472278500991095 ], [ 126.908426280064333, 37.472291775356346 ], [ 126.90840388928504, 37.472329278570911 ], [ 126.908405125508608, 37.472328424660915 ] ] ], [ [ [ 126.909620735672291, 37.470656651884184 ], [ 126.909599008700098, 37.470545720622297 ], [ 126.909590954914776, 37.470504594384437 ], [ 126.909554704800854, 37.470454542367214 ], [ 126.909544113560628, 37.470471633650703 ], [ 126.909549535387569, 37.470502821586003 ], [ 126.909573231735095, 37.470620952513855 ], [ 126.909586248986827, 37.470690033533216 ], [ 126.909590008963136, 37.470693631460193 ], [ 126.909587774993327, 37.470699342081559 ], [ 126.909567453725018, 37.470727892668535 ], [ 126.909620735672291, 37.470656651884184 ] ] ], [ [ [ 126.909805934339246, 37.470000397053276 ], [ 126.909805100319517, 37.469982340196005 ], [ 126.909803044311715, 37.470005335757577 ], [ 126.909805934339246, 37.470000397053276 ] ] ], [ [ [ 126.909968328271603, 37.46878686622717 ], [ 126.90996716278309, 37.468790482963115 ], [ 126.91002940597194, 37.468890506493103 ], [ 126.910040538987076, 37.468908394378538 ], [ 126.909968328271603, 37.46878686622717 ] ] ], [ [ [ 126.911050762442002, 37.468020682109412 ], [ 126.911054783012375, 37.467998066040202 ], [ 126.911052730171136, 37.468006959465313 ], [ 126.911043148394342, 37.468050497626486 ], [ 126.91104276936548, 37.468057202246072 ], [ 126.911050762442002, 37.468020682109412 ] ] ], [ [ [ 126.913702615514907, 37.465377977382566 ], [ 126.91366024032726, 37.465309441669149 ], [ 126.913618190126158, 37.465241448585786 ], [ 126.913549318278271, 37.465125635470727 ], [ 126.9135069442885, 37.465054389480926 ], [ 126.913464572618622, 37.464983161496882 ], [ 126.913427035634868, 37.464922477043707 ], [ 126.913317683189035, 37.4647409963763 ], [ 126.913274787291698, 37.464671776267075 ], [ 126.913253125557333, 37.464636837180244 ], [ 126.913120292437341, 37.464449251600541 ], [ 126.91293590815998, 37.464182348250908 ], [ 126.912947911077012, 37.464240127047354 ], [ 126.912960258605011, 37.464255795750475 ], [ 126.912983010848848, 37.464285969402141 ], [ 126.913011858887899, 37.464323022275209 ], [ 126.913214557763069, 37.464588204229017 ], [ 126.91323677765152, 37.464619476657312 ], [ 126.913301820076626, 37.464733340047253 ], [ 126.913337723837188, 37.464797590403982 ], [ 126.913440435973342, 37.464973903367593 ], [ 126.913656141253242, 37.465351620603457 ], [ 126.913672787256829, 37.465380429394727 ], [ 126.913702615514907, 37.465377977382566 ] ] ], [ [ [ 126.912903042724821, 37.464002525312075 ], [ 126.912901906991749, 37.464009336413099 ], [ 126.91290851615824, 37.464050490224416 ], [ 126.91293261200417, 37.464166481432528 ], [ 126.912903042724821, 37.464002525312075 ] ] ], [ [ [ 126.914379723241041, 37.461393087890158 ], [ 126.914300351016351, 37.461218829150084 ], [ 126.914193718151068, 37.460977524262447 ], [ 126.914192363172461, 37.460997482717026 ], [ 126.914205811050437, 37.46102895573118 ], [ 126.914282568915212, 37.46120478037512 ], [ 126.914330175910564, 37.461313026145987 ], [ 126.914381198101353, 37.461429689795587 ], [ 126.914381707492268, 37.46143233550341 ], [ 126.914379723241041, 37.461393087890158 ] ] ], [ [ [ 126.91527436743624, 37.457373389009348 ], [ 126.91559990181814, 37.457432479749414 ], [ 126.915799590902836, 37.457405281692814 ], [ 126.915577113902415, 37.457403281269357 ], [ 126.91498134226832, 37.457312250497381 ], [ 126.914966808704719, 37.457317493986501 ], [ 126.91527436743624, 37.457373389009348 ] ] ], [ [ [ 126.916579894013822, 37.457432069934981 ], [ 126.916898622812923, 37.457521722406007 ], [ 126.917242909917519, 37.457358497863424 ], [ 126.917142569528309, 37.457404751582196 ], [ 126.917085455277928, 37.457427497214383 ], [ 126.917046701753563, 37.457445291404582 ], [ 126.916956981670097, 37.457486493281223 ], [ 126.916916346488037, 37.457509070419299 ], [ 126.91682719062284, 37.457480778077716 ], [ 126.916670974870073, 37.457434660716061 ], [ 126.916629536710815, 37.457427630151493 ], [ 126.916465926936766, 37.457383678629988 ], [ 126.916414442797247, 37.457385529218293 ], [ 126.916579894013822, 37.457432069934981 ] ] ], [ [ [ 126.917634026536618, 37.457090946327959 ], [ 126.917980804197214, 37.457041518625239 ], [ 126.918043124178539, 37.457032633695654 ], [ 126.918315763270556, 37.456927110107038 ], [ 126.918895746989577, 37.456900867895627 ], [ 126.918333944935583, 37.456908916994038 ], [ 126.91830036658088, 37.456918209750363 ], [ 126.918180397632312, 37.456953732945735 ], [ 126.918100381332891, 37.456969966672474 ], [ 126.918044573834734, 37.456986992309538 ], [ 126.917919652195494, 37.457024322762123 ], [ 126.917821534856557, 37.457055878603434 ], [ 126.917787553645184, 37.457061440767028 ], [ 126.917704444785002, 37.457073644541346 ], [ 126.91758082978302, 37.457094442116905 ], [ 126.917481134983788, 37.457111328190798 ], [ 126.917479985771365, 37.457112709636561 ], [ 126.917634026536618, 37.457090946327959 ] ] ], [ [ [ 126.91966087439728, 37.456760008475079 ], [ 126.919634684665837, 37.456758546528988 ], [ 126.91941063523771, 37.456821529795263 ], [ 126.91966087439728, 37.456760008475079 ] ] ], [ [ [ 126.920885612625554, 37.456828799473335 ], [ 126.921318336244113, 37.456762996153152 ], [ 126.922050725318485, 37.45664769005942 ], [ 126.922186691261587, 37.456627392552228 ], [ 126.922250232866887, 37.456575022811926 ], [ 126.922529602289828, 37.456329218304106 ], [ 126.922586509454007, 37.45608063203268 ], [ 126.92266166527854, 37.455771295903652 ], [ 126.922673812257642, 37.455721289202046 ], [ 126.922743281659407, 37.455444724780456 ], [ 126.922653122858009, 37.455770556487785 ], [ 126.922601711737045, 37.455972464508946 ], [ 126.922509808444275, 37.456331624929284 ], [ 126.922186842693677, 37.456623217177707 ], [ 126.921643227155897, 37.456704364995794 ], [ 126.92105097209091, 37.456800082502006 ], [ 126.920880756683076, 37.456828517775463 ], [ 126.920885612625554, 37.456828799473335 ] ] ], [ [ [ 126.922951256175722, 37.454860229030082 ], [ 126.922981283615854, 37.454785538514329 ], [ 126.923086636054734, 37.454523501927468 ], [ 126.923082920309469, 37.454528527100528 ], [ 126.922943717726241, 37.454859283886492 ], [ 126.922822994904308, 37.455155742505532 ], [ 126.922808277861904, 37.455209415784992 ], [ 126.922951256175722, 37.454860229030082 ] ] ], [ [ [ 126.923316912953112, 37.454223102932502 ], [ 126.92332302268926, 37.454215515145734 ], [ 126.923308226848505, 37.454223821150627 ], [ 126.92321680443618, 37.454347461735878 ], [ 126.923316912953112, 37.454223102932502 ] ] ], [ [ [ 126.924193651817561, 37.453661243222768 ], [ 126.924233017944445, 37.453483870866144 ], [ 126.924246591754553, 37.453429765339791 ], [ 126.92425669297748, 37.453389430370201 ], [ 126.924247432960016, 37.45339895548144 ], [ 126.924186436652448, 37.453666596969846 ], [ 126.924193651817561, 37.453661243222768 ] ] ], [ [ [ 126.925675860573236, 37.452921177753389 ], [ 126.925700619203809, 37.452913508058124 ], [ 126.925865326846747, 37.45279489789425 ], [ 126.925665106261775, 37.452923862289829 ], [ 126.925675860573236, 37.452921177753389 ] ] ], [ [ [ 126.926096456763531, 37.452650424341492 ], [ 126.926275093222188, 37.452537489894389 ], [ 126.926414114021441, 37.452245208218407 ], [ 126.926540220767691, 37.452002477102226 ], [ 126.926570768930404, 37.451969789961332 ], [ 126.926692555442926, 37.451732525037471 ], [ 126.927060795360745, 37.451296958097764 ], [ 126.927306263279519, 37.451009408989933 ], [ 126.927290207717562, 37.451007869699026 ], [ 126.92725969441824, 37.451041440042502 ], [ 126.927100558571766, 37.451234894096821 ], [ 126.92689549176086, 37.451485875210111 ], [ 126.92671379563771, 37.451702452318315 ], [ 126.926658584501411, 37.45177336257963 ], [ 126.926629072277336, 37.451822457723551 ], [ 126.92652098671951, 37.452000527091478 ], [ 126.92649727820293, 37.452054788647189 ], [ 126.92636573082666, 37.452333431277111 ], [ 126.926275796707628, 37.452509259429533 ], [ 126.926263085331712, 37.45254005672939 ], [ 126.926223731304773, 37.452564043474169 ], [ 126.926087000212306, 37.45265211459823 ], [ 126.926096456763531, 37.452650424341492 ] ] ], [ [ [ 126.92840046511526, 37.450986047208772 ], [ 126.928412983276161, 37.450933129854306 ], [ 126.928425488979855, 37.450880220599366 ], [ 126.928449421863647, 37.450823526973494 ], [ 126.928452806276269, 37.450808805724797 ], [ 126.928471352558432, 37.450727997840154 ], [ 126.928491705714933, 37.450621537075087 ], [ 126.928465574224902, 37.450740255301397 ], [ 126.928452034152926, 37.4508109398787 ], [ 126.928410742184028, 37.450900186039554 ], [ 126.928374133398805, 37.450991200235848 ], [ 126.92840046511526, 37.450986047208772 ] ] ], [ [ [ 126.928398255345556, 37.450212252766924 ], [ 126.928397680055582, 37.450212647133299 ], [ 126.92840717788998, 37.450242674537819 ], [ 126.928407191122815, 37.450242712412376 ], [ 126.928398255345556, 37.450212252766924 ] ] ] ] } },
{ "type": "Feature", "properties": { "ID": "생활서비스시설_공원_1426", "CODE": "ZON216", "ENT_NAME": "생활서비스시설_공원", "JOSER_ID": null, "GOSI_ID": null, "LABEL": "마을마당(신림7동)", "GOSI_DATE": null }, "geometry": { "type": "Polygon", "coordinates": [ [ [ 126.914673273687413, 37.462662696484109 ], [ 126.91467339479037, 37.462662559620483 ], [ 126.915148112425044, 37.46246734993688 ], [ 126.915165360282629, 37.462409105407986 ], [ 126.915016048263325, 37.462199194672969 ], [ 126.915016021233285, 37.462199109958796 ], [ 126.91501271734387, 37.462198104722816 ], [ 126.914989485701824, 37.462194383687731 ], [ 126.914965045262605, 37.462233258541971 ], [ 126.914919663962095, 37.462297123620139 ], [ 126.914882424781226, 37.462351733226214 ], [ 126.914859152552808, 37.462384127089273 ], [ 126.914840536665196, 37.46240819187534 ], [ 126.914788174902696, 37.462481312302799 ], [ 126.914733351901944, 37.462559690060495 ], [ 126.914699652052107, 37.462606976140037 ], [ 126.914672871259924, 37.462658814662298 ], [ 126.914673273687413, 37.462662696484109 ] ] ] } },
{ "type": "Feature", "properties": { "ID": "생활서비스시설_공원_1365", "CODE": "ZON216", "ENT_NAME": "생활서비스시설_공원", "JOSER_ID": null, "GOSI_ID": null, "LABEL": "어린이공원(미도)", "GOSI_DATE": null }, "geometry": { "type": "Polygon", "coordinates": [ [ [ 126.915108513980371, 37.462949584391353 ], [ 126.91519883849773, 37.463038110984627 ], [ 126.915273246687903, 37.462988169487417 ], [ 126.91528283208531, 37.462979130400143 ], [ 126.915497948752844, 37.462842622853998 ], [ 126.915514506469023, 37.462803530421539 ], [ 126.915369569676372, 37.462651426354554 ], [ 126.915361118312759, 37.462648410839776 ], [ 126.915251594324161, 37.462712473435758 ], [ 126.915177515972644, 37.462755946853719 ], [ 126.915093509651712, 37.462805511862655 ], [ 126.915010915658399, 37.46285548509907 ], [ 126.915014121913131, 37.46285884819148 ], [ 126.915108513980371, 37.462949584391353 ] ] ] } },
{ "type": "Feature", "properties": { "ID": "생활서비스시설_공원_1414", "CODE": "ZON216", "ENT_NAME": "생활서비스시설_공원", "JOSER_ID": null, "GOSI_ID": null, "LABEL": "도시자연공원(관악산<시공원>)", "GOSI_DATE": null }, "geometry": { "type": "MultiPolygon", "coordinates": [ [ [ [ 126.911072994890333, 37.474213093806704 ], [ 126.911329468136941, 37.474477822782831 ], [ 126.911359177119394, 37.474506569411183 ], [ 126.911295001377994, 37.47478632673468 ], [ 126.911293801090935, 37.474797354087706 ], [ 126.911303348654826, 37.474858133988782 ], [ 126.911315304637824, 37.474918564335994 ], [ 126.911312566753381, 37.474939087080365 ], [ 126.911311888421579, 37.474940514093873 ], [ 126.911311840959613, 37.474940881631404 ], [ 126.91120459023665, 37.475166770183186 ], [ 126.911181478967322, 37.475211904326798 ], [ 126.911247379626587, 37.475401341605966 ], [ 126.911328521025794, 37.475661234603137 ], [ 126.911328615995657, 37.475661604145969 ], [ 126.911615152237275, 37.475472082415784 ], [ 126.911771307208625, 37.47526686270443 ], [ 126.911668168246536, 37.474825743711506 ], [ 126.912232864509861, 37.474734522664853 ], [ 126.912818772353347, 37.474599154913264 ], [ 126.912881948452338, 37.47457892075299 ], [ 126.912837453258732, 37.474536567289341 ], [ 126.912824964898419, 37.474524827767105 ], [ 126.912705104397105, 37.47434717720607 ], [ 126.912561405992221, 37.474203591695911 ], [ 126.912439524707324, 37.47400738859583 ], [ 126.912282518604329, 37.47384727012345 ], [ 126.912107934135662, 37.473649114933494 ], [ 126.911920241305779, 37.473420785778714 ], [ 126.911903633555156, 37.473403555928243 ], [ 126.911902756306503, 37.473399761141316 ], [ 126.911860579432684, 37.473217681583961 ], [ 126.911836500409294, 37.473113372265054 ], [ 126.911794222219285, 37.47293120339917 ], [ 126.911793457727882, 37.472927660977469 ], [ 126.911749153278123, 37.472890676312417 ], [ 126.91168686284, 37.472838688880032 ], [ 126.911518092007839, 37.472633753556948 ], [ 126.91145189463974, 37.472545341792483 ], [ 126.911393271845853, 37.472467072046747 ], [ 126.91132861451554, 37.472479304286004 ], [ 126.911295904989132, 37.472485324144785 ], [ 126.9112734243744, 37.472538024645623 ], [ 126.911269648583996, 37.472547437239989 ], [ 126.911224708237185, 37.472558321261182 ], [ 126.911202980314343, 37.472548176486569 ], [ 126.911155285988684, 37.472343173629902 ], [ 126.911163608429817, 37.472267161494571 ], [ 126.911172691250655, 37.472186791788829 ], [ 126.911243602639033, 37.472180691230363 ], [ 126.911237219320469, 37.472111713694275 ], [ 126.911228830002301, 37.472093021389199 ], [ 126.911179437010446, 37.471982727935497 ], [ 126.911174575856862, 37.471965010505208 ], [ 126.911048261218966, 37.47166293378114 ], [ 126.910951876332703, 37.471326236288711 ], [ 126.910932930626402, 37.471288172417289 ], [ 126.910907787978346, 37.471226540764469 ], [ 126.910876856776667, 37.471152364507915 ], [ 126.910864783234643, 37.471124541287999 ], [ 126.910836570969991, 37.471055881243046 ], [ 126.910811522091535, 37.470997233760919 ], [ 126.91077733847564, 37.470913955750682 ], [ 126.910770645446107, 37.470894958370891 ], [ 126.910758208212783, 37.470794008561278 ], [ 126.910755106839645, 37.470759874386303 ], [ 126.910754733547407, 37.470703040636167 ], [ 126.91075924531259, 37.470656155907896 ], [ 126.910772146908258, 37.470588959104028 ], [ 126.910772471309627, 37.470553450826323 ], [ 126.910766586239916, 37.470434673391814 ], [ 126.910759467203064, 37.470272506306159 ], [ 126.910758801815945, 37.470223517360253 ], [ 126.910837482047711, 37.470130350076175 ], [ 126.910877993385895, 37.47008550309458 ], [ 126.910922234392046, 37.469948512474652 ], [ 126.910934712419902, 37.469911725074653 ], [ 126.910923782563657, 37.46984496227978 ], [ 126.910918004695674, 37.469808619495147 ], [ 126.910907394906459, 37.469730513313998 ], [ 126.910898083544296, 37.469674326829107 ], [ 126.910897834087308, 37.469647799304376 ], [ 126.910889186654316, 37.469581958177706 ], [ 126.910883758853174, 37.469582467586839 ], [ 126.910882180580927, 37.469533001305066 ], [ 126.910873308738445, 37.469470475695374 ], [ 126.910899596803191, 37.46926912255303 ], [ 126.910933584259283, 37.469239961513011 ], [ 126.910986663825952, 37.469262942628788 ], [ 126.911019239096348, 37.469190851285035 ], [ 126.911056476880532, 37.4691519375368 ], [ 126.911163574491241, 37.46906431852058 ], [ 126.91119873060849, 37.469083078151876 ], [ 126.911284612687297, 37.469089144438634 ], [ 126.911394045148754, 37.469158046567614 ], [ 126.911420273669393, 37.469193448060921 ], [ 126.911462676052793, 37.469249793980048 ], [ 126.911500360130688, 37.469339120213263 ], [ 126.911424839136757, 37.469507394378248 ], [ 126.911374262416331, 37.469517041593654 ], [ 126.911278489552132, 37.46948855446616 ], [ 126.911301394107738, 37.469531955254467 ], [ 126.911321011429209, 37.469568749176233 ], [ 126.911356647589116, 37.4696341855919 ], [ 126.911366332649081, 37.46965339335685 ], [ 126.911439922818587, 37.469862261444284 ], [ 126.911365425752962, 37.469930401559409 ], [ 126.911358223786081, 37.470025451887864 ], [ 126.911403622080485, 37.470212841987234 ], [ 126.911424136652656, 37.470299072805346 ], [ 126.911495289983819, 37.47036309103428 ], [ 126.911541946484505, 37.470531108662541 ], [ 126.911575095191779, 37.470560684991909 ], [ 126.911555194586313, 37.470621298333675 ], [ 126.911557986864338, 37.470650474935127 ], [ 126.911555258836373, 37.470718617513711 ], [ 126.911737249007089, 37.470701798138961 ], [ 126.912015423043925, 37.470685890203157 ], [ 126.912188439368563, 37.470740486741654 ], [ 126.912327280751285, 37.470674800374958 ], [ 126.912359637299346, 37.470633063303588 ], [ 126.912400050908744, 37.470595728292736 ], [ 126.912416058345926, 37.470662100132508 ], [ 126.912404965888186, 37.470674931961746 ], [ 126.912395330342378, 37.470686051181005 ], [ 126.912398512912517, 37.470739068594888 ], [ 126.912390686284667, 37.470743342456366 ], [ 126.912250873876957, 37.470865035406639 ], [ 126.912247317074844, 37.470871087459543 ], [ 126.912168660443541, 37.471005079229769 ], [ 126.912101181257597, 37.471027228902969 ], [ 126.912052512371801, 37.471075287602766 ], [ 126.912029104152964, 37.471208032654246 ], [ 126.912072192649703, 37.471276211726391 ], [ 126.912105292061256, 37.471371356547053 ], [ 126.912167293683495, 37.471487613887419 ], [ 126.912186179720791, 37.471538389763779 ], [ 126.912143999466835, 37.471736410001647 ], [ 126.912368482942952, 37.471666939253574 ], [ 126.91242692947371, 37.471532094198558 ], [ 126.912474144175675, 37.471546383648544 ], [ 126.91247053247433, 37.47158822259717 ], [ 126.912467111898025, 37.471622368927413 ], [ 126.91226760882931, 37.47207563996237 ], [ 126.912180515845634, 37.472077232900006 ], [ 126.912144129219143, 37.472155364671238 ], [ 126.912175827202574, 37.472298106569532 ], [ 126.912259762007238, 37.472416228379942 ], [ 126.912233022579159, 37.472493551151793 ], [ 126.912261679497618, 37.472617613837208 ], [ 126.912335175897766, 37.47270821018153 ], [ 126.912423850519517, 37.472851923919059 ], [ 126.912500015825174, 37.472933476103407 ], [ 126.912598837346295, 37.473118014566737 ], [ 126.912792842679764, 37.473308343108066 ], [ 126.912949512211227, 37.473436547155003 ], [ 126.912966587028635, 37.473451921143294 ], [ 126.913021028363303, 37.47355698278043 ], [ 126.913110945976626, 37.473646492603081 ], [ 126.913239648484875, 37.473774623074561 ], [ 126.913640601928208, 37.474168794242949 ], [ 126.91371469317194, 37.47424454072857 ], [ 126.913739677009943, 37.474229226030019 ], [ 126.913867019862536, 37.47413423235929 ], [ 126.91394812704263, 37.474040506244918 ], [ 126.914067424390254, 37.473919591759525 ], [ 126.91381084161975, 37.473574425767396 ], [ 126.913771397526531, 37.473238061244238 ], [ 126.913769823238965, 37.473211542668452 ], [ 126.913777472080284, 37.473167057741257 ], [ 126.91379652636148, 37.473124490504652 ], [ 126.913831815707596, 37.473088484700291 ], [ 126.913875124610996, 37.473059289204755 ], [ 126.91392580388549, 37.473040061542271 ], [ 126.913981006397961, 37.4730303454892 ], [ 126.914019512246355, 37.473027924180023 ], [ 126.914082215470415, 37.473031798049419 ], [ 126.914104129619545, 37.473036832846063 ], [ 126.914374126576618, 37.473023355937883 ], [ 126.914461059557894, 37.473081678840899 ], [ 126.914492617978112, 37.472944260443633 ], [ 126.914935757617783, 37.472648426378413 ], [ 126.915364194639679, 37.472736416974392 ], [ 126.91554283030861, 37.472946534749312 ], [ 126.915527347818625, 37.473178955128354 ], [ 126.915956136743503, 37.472912875930994 ], [ 126.916512093168407, 37.472567863365796 ], [ 126.916636274505635, 37.471887033315497 ], [ 126.916706664957445, 37.471470853882195 ], [ 126.916730355735496, 37.471342918562769 ], [ 126.916737040697271, 37.471320381167644 ], [ 126.916753394987211, 37.471217255097777 ], [ 126.916765366937852, 37.47108668043095 ], [ 126.916530043106704, 37.470574516495162 ], [ 126.916173176337452, 37.470229923885967 ], [ 126.915857086811513, 37.469919669042142 ], [ 126.915774291994893, 37.469635262325745 ], [ 126.915775009806211, 37.469629333344876 ], [ 126.915697207695032, 37.469355698973082 ], [ 126.915649666017629, 37.469184185510358 ], [ 126.915745878577127, 37.469161379808902 ], [ 126.916001685790931, 37.469108225803133 ], [ 126.916215859292834, 37.46905902273194 ], [ 126.916286253591821, 37.469036449331043 ], [ 126.917988263501243, 37.468495210151801 ], [ 126.918126941151158, 37.468969618748332 ], [ 126.9182396945493, 37.469057492915496 ], [ 126.918295511863192, 37.469111050927445 ], [ 126.918313929457099, 37.469128715450296 ], [ 126.918327250057828, 37.469135094920858 ], [ 126.918584286764826, 37.469245333124888 ], [ 126.919121392808208, 37.469290541847997 ], [ 126.919284293966626, 37.469264481170917 ], [ 126.919493003188876, 37.469221830364894 ], [ 126.919518354487067, 37.469205908309867 ], [ 126.919641619533834, 37.469129904051471 ], [ 126.919650160694985, 37.469124999500977 ], [ 126.919663011813142, 37.469105890015022 ], [ 126.919792393338795, 37.468913497331037 ], [ 126.919740241013542, 37.468785247585181 ], [ 126.919744110558071, 37.468646055162807 ], [ 126.919754922062666, 37.468571114483836 ], [ 126.919835164007466, 37.46849358367443 ], [ 126.919843511384983, 37.46847761465439 ], [ 126.919929083695578, 37.468395304937758 ], [ 126.920023870783211, 37.46830790904157 ], [ 126.920086978170431, 37.46823908885424 ], [ 126.92014317813566, 37.468160317699827 ], [ 126.920181134826734, 37.46810929297699 ], [ 126.920183227109419, 37.468109384517305 ], [ 126.920211924109509, 37.468071335969078 ], [ 126.920238022193544, 37.468032322453553 ], [ 126.92026141029497, 37.467990522968144 ], [ 126.920314600651224, 37.467881539915091 ], [ 126.920319106843976, 37.467874891803923 ], [ 126.920339580127745, 37.46775309470754 ], [ 126.920352517142149, 37.467633234091942 ], [ 126.920294847683408, 37.467568349250122 ], [ 126.920292565724935, 37.467565968131524 ], [ 126.920107550319813, 37.467548036996249 ], [ 126.920041588332566, 37.467541684514316 ], [ 126.919773825379352, 37.467514703764387 ], [ 126.919679403753705, 37.46750391647447 ], [ 126.919513476873334, 37.467489809771926 ], [ 126.919454626204299, 37.467537337400401 ], [ 126.91941115988466, 37.467560327848716 ], [ 126.91935309467425, 37.467588273562129 ], [ 126.91931384183232, 37.467728468533565 ], [ 126.919139047939481, 37.467735747662587 ], [ 126.919143927002906, 37.467587148561918 ], [ 126.919060056412391, 37.467591892421005 ], [ 126.919004819311368, 37.467586917269365 ], [ 126.918957280423797, 37.467582793512378 ], [ 126.918831584160884, 37.46753089973582 ], [ 126.918738928799158, 37.467496106593416 ], [ 126.918702144361376, 37.467456311428975 ], [ 126.918695991030077, 37.467449667622049 ], [ 126.91868700031695, 37.467370354091713 ], [ 126.918701895028519, 37.467353388723176 ], [ 126.918745131577879, 37.467304098982375 ], [ 126.918862520783534, 37.467254770109726 ], [ 126.918952339233812, 37.467217045707699 ], [ 126.91898100942656, 37.467204667925756 ], [ 126.919013902943405, 37.467216808490477 ], [ 126.919099257471828, 37.467247971590275 ], [ 126.919139559143645, 37.467213157883144 ], [ 126.919185315279435, 37.467219250819689 ], [ 126.919238691051518, 37.467195748374522 ], [ 126.919288486729016, 37.467213631912749 ], [ 126.919314014590711, 37.46722170554478 ], [ 126.919369648986091, 37.467233204994841 ], [ 126.919368525725631, 37.467228752355588 ], [ 126.919369874722676, 37.467182892213266 ], [ 126.919370836391352, 37.467129436341416 ], [ 126.919407961546625, 37.467075951540203 ], [ 126.919545524050278, 37.467041098009346 ], [ 126.919576490320381, 37.467035585520257 ], [ 126.919616989250599, 37.467018594537222 ], [ 126.91960778143627, 37.466993414115976 ], [ 126.919579871944876, 37.466940750030929 ], [ 126.919543067896512, 37.466918757139588 ], [ 126.919447367252303, 37.466852310180755 ], [ 126.919443249180276, 37.466805840763442 ], [ 126.919372261850413, 37.466738851379802 ], [ 126.919307347731646, 37.46667435745271 ], [ 126.91930202843325, 37.466668929710522 ], [ 126.919266376469508, 37.466605653547461 ], [ 126.919327459393642, 37.466506163073397 ], [ 126.919337073765021, 37.46649024001497 ], [ 126.919425429030241, 37.466484976490925 ], [ 126.919553751483861, 37.466475298678702 ], [ 126.919621058438111, 37.466459162413457 ], [ 126.919648373270334, 37.466479623309731 ], [ 126.91968456260291, 37.466474286501473 ], [ 126.91973255971503, 37.466421377653042 ], [ 126.919801023567828, 37.466340288731338 ], [ 126.919872098795196, 37.466250562749501 ], [ 126.919887680821773, 37.466224786787755 ], [ 126.919901291296938, 37.466202280105712 ], [ 126.919866582485966, 37.466146673212407 ], [ 126.919905382556223, 37.466044854157431 ], [ 126.919879099195796, 37.466015632671457 ], [ 126.919834512608119, 37.465956487909494 ], [ 126.919764081380677, 37.465913829841107 ], [ 126.919759946807162, 37.465911449232003 ], [ 126.919622588328807, 37.465833777705491 ], [ 126.919548929282044, 37.465847808427327 ], [ 126.919524790915474, 37.465852315622683 ], [ 126.919440114281798, 37.465864105043977 ], [ 126.919355222547395, 37.465854478297054 ], [ 126.919314636733944, 37.465818156741975 ], [ 126.919263181865702, 37.46571528938167 ], [ 126.919106610758647, 37.465717485973016 ], [ 126.918930462456473, 37.46571995970185 ], [ 126.918924526040527, 37.465691951455227 ], [ 126.918736007188471, 37.465688125439982 ], [ 126.918675353108668, 37.465686712511889 ], [ 126.918527803025142, 37.465698566211884 ], [ 126.918371059196346, 37.465787340059308 ], [ 126.918170321551059, 37.465864323679106 ], [ 126.918003843726126, 37.46591206747167 ], [ 126.917967632091987, 37.465921329423281 ], [ 126.917887149768433, 37.465950537098642 ], [ 126.917873308466383, 37.465955499942623 ], [ 126.91783486848432, 37.465963042062228 ], [ 126.917723276493859, 37.46599475941364 ], [ 126.917690907423562, 37.466021802609937 ], [ 126.917593916945236, 37.466099501205662 ], [ 126.917499075817176, 37.466030092573405 ], [ 126.917501090747237, 37.466028544279503 ], [ 126.917441740703296, 37.465835472836751 ], [ 126.917613188850311, 37.465792882600716 ], [ 126.91759891519412, 37.465750813611209 ], [ 126.917559934555882, 37.465662689382015 ], [ 126.917515270312151, 37.465615165735009 ], [ 126.917522530177052, 37.465613585128388 ], [ 126.917354895748744, 37.465280464775383 ], [ 126.917422878232287, 37.465277295684572 ], [ 126.917551471195409, 37.465264674854559 ], [ 126.917569857872394, 37.465259452183282 ], [ 126.917743293256891, 37.465205432129537 ], [ 126.917879854332156, 37.465163053730087 ], [ 126.917918945700364, 37.46514674979305 ], [ 126.917950181869344, 37.465123607075604 ], [ 126.917957986961994, 37.465117558749498 ], [ 126.917652998955433, 37.464700246397172 ], [ 126.917634327549024, 37.464677157534922 ], [ 126.917524105361338, 37.464517665526735 ], [ 126.917274048359928, 37.464224931559009 ], [ 126.917195608508038, 37.464120695231031 ], [ 126.917225323170328, 37.464110515260984 ], [ 126.917176201398846, 37.464048411851714 ], [ 126.917143584634061, 37.464001717463489 ], [ 126.917133416878258, 37.463988915946992 ], [ 126.917080725965775, 37.463922500446088 ], [ 126.916997262262896, 37.463817318842757 ], [ 126.916974877570439, 37.463789686156993 ], [ 126.916941460825967, 37.463753974378164 ], [ 126.91707871009524, 37.463685686310562 ], [ 126.917021976268174, 37.463608180135417 ], [ 126.916824850385652, 37.46367679105218 ], [ 126.916727161263537, 37.46371141867229 ], [ 126.916690470190488, 37.463742649074369 ], [ 126.916402010800923, 37.463979907598421 ], [ 126.916190780534549, 37.464148571896175 ], [ 126.916147697742346, 37.46418304923565 ], [ 126.915925416312945, 37.464042071448389 ], [ 126.915830714597547, 37.464103739618196 ], [ 126.9155712465774, 37.463992601577822 ], [ 126.915536922992189, 37.463977404605266 ], [ 126.914624571408964, 37.463660051533708 ], [ 126.914418560914285, 37.463588397106726 ], [ 126.91397806787937, 37.463530469560638 ], [ 126.913953395875581, 37.463516044228292 ], [ 126.913954659708565, 37.463489771885968 ], [ 126.914158130245639, 37.463252886306222 ], [ 126.914321957225013, 37.463062173715386 ], [ 126.914673273687413, 37.462662696484109 ], [ 126.914672871259924, 37.462658814662298 ], [ 126.914699652052107, 37.462606976140037 ], [ 126.914733351901944, 37.462559690060495 ], [ 126.914788173772379, 37.462481312301982 ], [ 126.914840536665196, 37.46240819187534 ], [ 126.914859152552808, 37.462384127089273 ], [ 126.914882424781226, 37.462351733226214 ], [ 126.914919663962095, 37.462297123620139 ], [ 126.914965045262605, 37.462233258541971 ], [ 126.914989485701824, 37.462194383687731 ], [ 126.91501271734387, 37.462198104722816 ], [ 126.91501601897474, 37.462199108155133 ], [ 126.914992651736711, 37.462130603011381 ], [ 126.915022300216705, 37.461827113301929 ], [ 126.914762996392483, 37.460716738034236 ], [ 126.914758714136738, 37.460685055572299 ], [ 126.914765799852788, 37.460616647500792 ], [ 126.914784577862648, 37.460417584330592 ], [ 126.914796941189593, 37.460297982344528 ], [ 126.914822122783335, 37.460028811281596 ], [ 126.914838477672916, 37.459863588940486 ], [ 126.9148409042118, 37.459837299404739 ], [ 126.914852327041373, 37.459713707963594 ], [ 126.914936613068747, 37.459611797634665 ], [ 126.915064233179251, 37.459454350386359 ], [ 126.915087211614093, 37.459425931484134 ], [ 126.915134410114902, 37.459367552954284 ], [ 126.915191003807337, 37.459584133664741 ], [ 126.915226121672603, 37.459722723016498 ], [ 126.91524546635145, 37.459797556565334 ], [ 126.915257449937442, 37.459843506638123 ], [ 126.915266204976064, 37.459877076351546 ], [ 126.915287688632787, 37.459959434841174 ], [ 126.915290307247631, 37.4601890316466 ], [ 126.915291391340148, 37.460277504780493 ], [ 126.915300067567742, 37.460319723174294 ], [ 126.915346172601687, 37.460556648014467 ], [ 126.915377376775481, 37.460716122432693 ], [ 126.915493399524721, 37.461143174939934 ], [ 126.915808407333799, 37.461178165456509 ], [ 126.917297984923607, 37.461745327471988 ], [ 126.917443370448879, 37.461851912580372 ], [ 126.917444725794269, 37.461852831667926 ], [ 126.917448090450151, 37.461855103691327 ], [ 126.917599356970797, 37.4619297251555 ], [ 126.917674321828528, 37.461976089082512 ], [ 126.917755897800134, 37.461986139964978 ], [ 126.917849782531576, 37.461974214999898 ], [ 126.917906120154242, 37.461941259190127 ], [ 126.91798138017262, 37.461897235277121 ], [ 126.918044945083295, 37.461638358564862 ], [ 126.918197785135334, 37.461383932669776 ], [ 126.918136858937018, 37.461386421524359 ], [ 126.917914550401292, 37.46002600803142 ], [ 126.91785964222295, 37.459902295479168 ], [ 126.917833506451245, 37.459480534704873 ], [ 126.917906669093171, 37.459155772474766 ], [ 126.91795585001762, 37.458929746958923 ], [ 126.917382111820459, 37.458812243537452 ], [ 126.917332299997781, 37.458802035723039 ], [ 126.917027264915205, 37.458277578292396 ], [ 126.918685238996403, 37.457901898474766 ], [ 126.91873226475694, 37.457894289999771 ], [ 126.919158637695887, 37.457825308706056 ], [ 126.919689653521786, 37.457824272875101 ], [ 126.919718095479382, 37.457704639100534 ], [ 126.919729870130141, 37.457655082963932 ], [ 126.920985719110277, 37.457638088317488 ], [ 126.921043623807279, 37.457688907499445 ], [ 126.921278416454641, 37.457894929654522 ], [ 126.921457996176059, 37.458070295999157 ], [ 126.921757961239976, 37.458363091150098 ], [ 126.922293994936666, 37.45892328203869 ], [ 126.922308487432844, 37.46018018884677 ], [ 126.922307815669214, 37.461123601441095 ], [ 126.922326281580411, 37.461137362243143 ], [ 126.922561281940574, 37.46126691452703 ], [ 126.92265432867616, 37.461321639691462 ], [ 126.922650207722199, 37.46149909967852 ], [ 126.922624695266975, 37.461512299484994 ], [ 126.922387642986067, 37.461666581274351 ], [ 126.922314449927583, 37.461692194653772 ], [ 126.922396333256742, 37.461795963214783 ], [ 126.922384891105224, 37.461875352060147 ], [ 126.922314931652508, 37.461910624568716 ], [ 126.922187893693547, 37.461901907743758 ], [ 126.922121047578059, 37.461836143596912 ], [ 126.92167362254223, 37.462009592755479 ], [ 126.921657307977213, 37.462184600923806 ], [ 126.921108601616794, 37.462435494650961 ], [ 126.920848350288551, 37.462315069266623 ], [ 126.920262733803767, 37.462470136383459 ], [ 126.920246534919301, 37.462481856320863 ], [ 126.920186299314409, 37.462525361321113 ], [ 126.920113723285141, 37.462575695512356 ], [ 126.920037919946139, 37.462630324322866 ], [ 126.919957251391651, 37.46267992302414 ], [ 126.9198991719161, 37.462714256240297 ], [ 126.919833118806153, 37.462762342251416 ], [ 126.919758968139504, 37.462816486382032 ], [ 126.919615921062245, 37.462924030309836 ], [ 126.919701604040881, 37.462992882227873 ], [ 126.919808552682241, 37.463078839034544 ], [ 126.919834164592558, 37.463090496811951 ], [ 126.919813036836771, 37.463123387780847 ], [ 126.919804120695744, 37.463131779876342 ], [ 126.919737040105232, 37.463199200668896 ], [ 126.919680193686347, 37.46325394147032 ], [ 126.919591903429762, 37.46333780793482 ], [ 126.919538459686251, 37.463388913671736 ], [ 126.919529328985092, 37.463398097579869 ], [ 126.919507537775772, 37.46341728285843 ], [ 126.919466601973042, 37.463454131642763 ], [ 126.919450916174895, 37.463523542217196 ], [ 126.919419022059088, 37.463664628118622 ], [ 126.919324857430226, 37.463814904206927 ], [ 126.919293453925661, 37.463806971547086 ], [ 126.919254163964283, 37.463797041269665 ], [ 126.919168990915026, 37.463818299709082 ], [ 126.919229039785051, 37.463991036979976 ], [ 126.919245305400665, 37.464166456667215 ], [ 126.919226249269499, 37.464277500251278 ], [ 126.919181445756323, 37.464366055757175 ], [ 126.919218411701436, 37.464424736863265 ], [ 126.919255568416006, 37.464473389915966 ], [ 126.919285143942943, 37.464512720400009 ], [ 126.919300796791035, 37.464524320003108 ], [ 126.919414441860198, 37.464608551875678 ], [ 126.919534442105984, 37.464697898540869 ], [ 126.919637472677053, 37.464772662291942 ], [ 126.919728949666307, 37.464764778779752 ], [ 126.919746267970851, 37.464754285959017 ], [ 126.919874061356822, 37.464695123392097 ], [ 126.919978495734767, 37.464682843628943 ], [ 126.920006182076648, 37.464764583783399 ], [ 126.919988101530166, 37.464831677182012 ], [ 126.919986450749676, 37.464832100416018 ], [ 126.919973218729297, 37.464912305862008 ], [ 126.919966286060216, 37.464977003068554 ], [ 126.919961776163802, 37.465017373940292 ], [ 126.91990667758067, 37.464992720478818 ], [ 126.919845282479614, 37.464965367737776 ], [ 126.919810664669214, 37.465012638404062 ], [ 126.91987002414902, 37.46508872956089 ], [ 126.919887009543601, 37.465111057357909 ], [ 126.919878110806096, 37.465178087700025 ], [ 126.919929823844114, 37.46519983760453 ], [ 126.919980860379397, 37.465098243195868 ], [ 126.920123001413941, 37.465110369578419 ], [ 126.920126520439695, 37.465086189058248 ], [ 126.920241467446843, 37.465070985337711 ], [ 126.920424988241436, 37.465118088846459 ], [ 126.92046865552355, 37.465137707526353 ], [ 126.920337892041829, 37.46526306093908 ], [ 126.920509154949954, 37.465293046733407 ], [ 126.920706952420957, 37.465326995922055 ], [ 126.920766556244232, 37.465338823595133 ], [ 126.920816628530289, 37.465400381943148 ], [ 126.920899604775101, 37.465499801275485 ], [ 126.920982884251032, 37.465604422249548 ], [ 126.921074071473868, 37.465720111070411 ], [ 126.921175940530176, 37.465847852600177 ], [ 126.921228700441489, 37.465916760281203 ], [ 126.921294286954264, 37.465999282702938 ], [ 126.921315158864743, 37.466056852987521 ], [ 126.92139645186468, 37.466229710729259 ], [ 126.921530784210958, 37.466159208984571 ], [ 126.921802939809481, 37.465939475879985 ], [ 126.921910747527107, 37.46585041314794 ], [ 126.922163823013889, 37.466067679299677 ], [ 126.922230068540401, 37.466019628182941 ], [ 126.922714072342615, 37.466288936657925 ], [ 126.922967524003582, 37.466440916401005 ], [ 126.923599418706644, 37.467064703980597 ], [ 126.923657002720191, 37.467009436530383 ], [ 126.923666937482878, 37.466999848287998 ], [ 126.923751290885349, 37.466918750430906 ], [ 126.92376632506577, 37.466917643078446 ], [ 126.92378081715178, 37.466895315831458 ], [ 126.924039083460329, 37.466856076434716 ], [ 126.924091559063186, 37.466963860045617 ], [ 126.924149236153852, 37.467081118386382 ], [ 126.924174392043881, 37.467130329647887 ], [ 126.924225386989704, 37.467215274488204 ], [ 126.924278769172076, 37.467309273248262 ], [ 126.924326873937119, 37.467390918480369 ], [ 126.924330936261754, 37.467397823721775 ], [ 126.924382426969458, 37.467484687050906 ], [ 126.924426207737994, 37.46756016385087 ], [ 126.924546656936329, 37.467689519245084 ], [ 126.924636038706439, 37.467786742543133 ], [ 126.924646321707556, 37.467800245363385 ], [ 126.924657433134357, 37.467812802667858 ], [ 126.924766224843239, 37.467977973247159 ], [ 126.924962017825933, 37.468069805274155 ], [ 126.925102879628795, 37.468135630947003 ], [ 126.925122064808406, 37.46814459842367 ], [ 126.925195533702706, 37.468175371912821 ], [ 126.925297141765256, 37.468220748951403 ], [ 126.925353527135712, 37.468273620144274 ], [ 126.925432434512715, 37.468336877262097 ], [ 126.925441195981662, 37.468343902619985 ], [ 126.925496833668561, 37.468388510160061 ], [ 126.925485208715685, 37.468460880283537 ], [ 126.925443565439693, 37.468782226064178 ], [ 126.92543929321225, 37.468802685099618 ], [ 126.925410325074537, 37.4690213300401 ], [ 126.925427148510792, 37.46909665573817 ], [ 126.9254311996431, 37.469114795542509 ], [ 126.925456157484192, 37.469229329124254 ], [ 126.92545471663847, 37.46929918478142 ], [ 126.925445909514977, 37.46930252093361 ], [ 126.925366158342968, 37.469334590336189 ], [ 126.925352255979419, 37.469345014093541 ], [ 126.925232804340595, 37.469465932771037 ], [ 126.925240830611045, 37.469511313375037 ], [ 126.925269432409095, 37.46967854090822 ], [ 126.925287016163892, 37.469784384987022 ], [ 126.925288464420987, 37.469804253041239 ], [ 126.925206590373946, 37.469824534941282 ], [ 126.925214538660313, 37.469845452357028 ], [ 126.925190047876953, 37.470039999162083 ], [ 126.925145663439082, 37.470122385243222 ], [ 126.925125720227072, 37.470155763528844 ], [ 126.925082357611146, 37.470233664150541 ], [ 126.925044269284498, 37.470291835299655 ], [ 126.92503481699201, 37.470306939004494 ], [ 126.925013202037505, 37.470338936752384 ], [ 126.924845972720789, 37.470476159263249 ], [ 126.924816400360953, 37.470499395863428 ], [ 126.924780662332083, 37.470515103275076 ], [ 126.924807693665656, 37.470587930881493 ], [ 126.924834389412538, 37.470659550919038 ], [ 126.924741442046937, 37.470662817073169 ], [ 126.924711360807009, 37.470795514371247 ], [ 126.924704747953456, 37.470817357594314 ], [ 126.924654032171077, 37.471042017647093 ], [ 126.924872681812914, 37.471044043655702 ], [ 126.924975215178009, 37.471165628381819 ], [ 126.925083764975582, 37.471292937375786 ], [ 126.925155293340524, 37.471377390473648 ], [ 126.925305868172785, 37.47155847213196 ], [ 126.925466461339795, 37.471747893416456 ], [ 126.925499721901417, 37.471789062716709 ], [ 126.925472272615622, 37.471802994382749 ], [ 126.925812589617465, 37.471811456161461 ], [ 126.925831953504769, 37.472102781705779 ], [ 126.925851295989261, 37.472396421894935 ], [ 126.925860541330849, 37.472545255451315 ], [ 126.925861788977258, 37.472562473511708 ], [ 126.925836738757738, 37.472752037457823 ], [ 126.925832235621982, 37.47277827177308 ], [ 126.925795697433003, 37.473059624300681 ], [ 126.925783075575126, 37.473495540211736 ], [ 126.925780536558861, 37.473492121081613 ], [ 126.925781365622527, 37.473495069693485 ], [ 126.926209606986262, 37.473812507998261 ], [ 126.925225972820584, 37.473762231821304 ], [ 126.925165047818126, 37.473753894239088 ], [ 126.924403630087781, 37.473649592616901 ], [ 126.924051610961257, 37.473640200086088 ], [ 126.924048548338746, 37.473641418035896 ], [ 126.924356261279982, 37.473812516119516 ], [ 126.924828789036155, 37.474067980424188 ], [ 126.925150826632034, 37.474250217609054 ], [ 126.925404837502725, 37.474399367652481 ], [ 126.925488931348994, 37.474480447135605 ], [ 126.925557633308571, 37.474546148266327 ], [ 126.925560770542091, 37.474585163688673 ], [ 126.925598734173917, 37.474605099337253 ], [ 126.92560234691959, 37.474612147497218 ], [ 126.925652396125159, 37.474711047536545 ], [ 126.925682069332822, 37.474767297242664 ], [ 126.925670485486904, 37.474864183606947 ], [ 126.925679904792034, 37.47491909763913 ], [ 126.92569857102886, 37.475040689076117 ], [ 126.925710724411019, 37.475116418012902 ], [ 126.92572570420505, 37.475207717179885 ], [ 126.925738535293618, 37.475284096169048 ], [ 126.925743213630994, 37.475290548543704 ], [ 126.925753763403009, 37.47537361600952 ], [ 126.925736661870886, 37.475460058017802 ], [ 126.925816738517554, 37.475542013154737 ], [ 126.925647785566071, 37.475737024052989 ], [ 126.925631266750798, 37.47573890555087 ], [ 126.925677874706224, 37.475764678007891 ], [ 126.925637857112761, 37.475807691394266 ], [ 126.925763145738088, 37.47587973843202 ], [ 126.925761731866544, 37.475880449317401 ], [ 126.925404774807689, 37.47607331823415 ], [ 126.925248722052856, 37.47625078713088 ], [ 126.925287079030198, 37.476274886659219 ], [ 126.92522022074462, 37.476328191849198 ], [ 126.924976991384113, 37.476524767474729 ], [ 126.924901747651347, 37.476586771631887 ], [ 126.924835980640097, 37.476611570502754 ], [ 126.92466540931629, 37.476676428253398 ], [ 126.924593925406853, 37.476704168646805 ], [ 126.924507711194096, 37.476737901874124 ], [ 126.924448028650943, 37.476761421466335 ], [ 126.924317624353733, 37.476878225148148 ], [ 126.924256519874902, 37.476933154448332 ], [ 126.924229735223378, 37.47695722972832 ], [ 126.924095378663793, 37.47708093945932 ], [ 126.923999022372129, 37.477026455765014 ], [ 126.923970098251829, 37.477009308738161 ], [ 126.923865560115047, 37.47695075784759 ], [ 126.923828825864064, 37.476996279357074 ], [ 126.923820775398269, 37.477165449812389 ], [ 126.923743694485097, 37.477088488670837 ], [ 126.923634180009046, 37.476991580445521 ], [ 126.923609753164882, 37.476968002238699 ], [ 126.923547909327326, 37.476909166559459 ], [ 126.923471613099906, 37.476839161491142 ], [ 126.92345393704673, 37.476822949798034 ], [ 126.923385358237013, 37.476759267597743 ], [ 126.923300675672493, 37.476671135917826 ], [ 126.923253586647206, 37.476619070967033 ], [ 126.923113347719394, 37.476539618637247 ], [ 126.923005590862857, 37.47647917994972 ], [ 126.922958893166609, 37.476453191042879 ], [ 126.922908816439346, 37.476489719507008 ], [ 126.922841463453594, 37.476562350415676 ], [ 126.922781924303493, 37.476626635102988 ], [ 126.922719492063649, 37.476693023472301 ], [ 126.922654403627206, 37.476761997713211 ], [ 126.92259708078592, 37.476821245380513 ], [ 126.922461059695578, 37.476966604123668 ], [ 126.922331271977214, 37.47710544633189 ], [ 126.922301631046935, 37.477104743505869 ], [ 126.922195790266585, 37.477114939424801 ], [ 126.922057636433053, 37.477265975279657 ], [ 126.921922551402602, 37.477410684398002 ], [ 126.921885586461073, 37.477449610710259 ], [ 126.921758661968795, 37.477594538672847 ], [ 126.921626876670032, 37.477740600273513 ], [ 126.921587591842965, 37.477782408127929 ], [ 126.921520043097686, 37.477858215967508 ], [ 126.921457018187184, 37.477929199264267 ], [ 126.92132206441886, 37.47807582780252 ], [ 126.921282443924568, 37.478122498933217 ], [ 126.921109177492326, 37.478312005108606 ], [ 126.920899496763042, 37.478350191761685 ], [ 126.920827899164792, 37.478358918651246 ], [ 126.920820861287183, 37.478354841316978 ], [ 126.920728361004734, 37.478306607850847 ], [ 126.920520217363162, 37.47832306992548 ], [ 126.920514609041376, 37.478312236940063 ], [ 126.920486876337733, 37.478291359733603 ], [ 126.920317912366286, 37.478142595562822 ], [ 126.92030328335801, 37.478087894696152 ], [ 126.920285236025578, 37.478071421887961 ], [ 126.920242218131918, 37.478030918402887 ], [ 126.920244743474413, 37.478025992560497 ], [ 126.920094422360719, 37.477925084085392 ], [ 126.919922269405333, 37.477812871691604 ], [ 126.919915005103434, 37.477808135514344 ], [ 126.919906669867288, 37.477791200833046 ], [ 126.919884320393038, 37.477756524752863 ], [ 126.919872628794081, 37.477748731117842 ], [ 126.919685115514554, 37.477625371377805 ], [ 126.919458483590404, 37.477503093312777 ], [ 126.919377070951867, 37.477461445598152 ], [ 126.919356555222066, 37.477448772258015 ], [ 126.919339399783098, 37.477431695351548 ], [ 126.919331991561549, 37.477424239814127 ], [ 126.919311983561443, 37.477423864595139 ], [ 126.91921865775052, 37.477422105750946 ], [ 126.919083132685671, 37.477551512297019 ], [ 126.919059347542103, 37.477580932336501 ], [ 126.919040273455863, 37.477581475844161 ], [ 126.918997470632391, 37.477582727186217 ], [ 126.918824386412766, 37.477694077247541 ], [ 126.918818532148777, 37.477711767927346 ], [ 126.918221371402822, 37.477745775781884 ], [ 126.91810423025872, 37.47769916541241 ], [ 126.9180554474964, 37.477719053020458 ], [ 126.917762650080036, 37.477734756646925 ], [ 126.917668650281314, 37.477738917485297 ], [ 126.917645415007954, 37.477641962199741 ], [ 126.917600766223146, 37.477443764134648 ], [ 126.917536784697134, 37.477507860108616 ], [ 126.917506293828552, 37.477527047796492 ], [ 126.917421353467248, 37.477580551041797 ], [ 126.917342553764414, 37.477630348273927 ], [ 126.917274092689027, 37.477676250584764 ], [ 126.917183868583862, 37.477722011185449 ], [ 126.916966169874073, 37.47777203331502 ], [ 126.916946363650965, 37.477740005643049 ], [ 126.916912806633349, 37.477722953586927 ], [ 126.916873316594589, 37.477642664056262 ], [ 126.916823536333524, 37.477643573538884 ], [ 126.916741840740855, 37.477706459851767 ], [ 126.916678597695096, 37.477676491288683 ], [ 126.916687315705133, 37.477664189861365 ], [ 126.916653265770265, 37.477644218131296 ], [ 126.9165832001148, 37.47774797132039 ], [ 126.916563193352246, 37.477783394244234 ], [ 126.916433981808254, 37.477955607977947 ], [ 126.917039647999815, 37.478040052835993 ], [ 126.917115327411167, 37.478049089903571 ], [ 126.917323367593568, 37.478074447446289 ], [ 126.917632758373131, 37.478112437479943 ], [ 126.91776891497571, 37.478130445973434 ], [ 126.917961749906468, 37.478153503970994 ], [ 126.918073885267503, 37.478167837057704 ], [ 126.918185140798897, 37.47819058477473 ], [ 126.918563230918664, 37.478264345522 ], [ 126.918715054933571, 37.478293969727261 ], [ 126.918702751914836, 37.478301386261677 ], [ 126.91872250606356, 37.478295346273001 ], [ 126.918750070484876, 37.478286919591945 ], [ 126.918698000021763, 37.478243125053815 ], [ 126.92052780112121, 37.478476065233281 ], [ 126.920528896644825, 37.478477104839229 ], [ 126.920871993995704, 37.478521340815981 ], [ 126.921288498739258, 37.478572400291512 ], [ 126.921861258548262, 37.478641281934067 ], [ 126.922418100694088, 37.478702986280808 ], [ 126.922855859922961, 37.478757251211093 ], [ 126.922975061345753, 37.478775484786368 ], [ 126.922974645657305, 37.478870206826585 ], [ 126.922969319673868, 37.479001875683096 ], [ 126.922962736124163, 37.479100395846835 ], [ 126.922958941449366, 37.479141893463733 ], [ 126.922946139138702, 37.479188051379076 ], [ 126.922931962745963, 37.479230290823388 ], [ 126.922928872737131, 37.479244470535285 ], [ 126.922907665620954, 37.479311210744385 ], [ 126.922902986397631, 37.47931854989428 ], [ 126.922894102919813, 37.479337420870401 ], [ 126.922891562472344, 37.479346096727369 ], [ 126.922848378391635, 37.479482586859298 ], [ 126.922836530563245, 37.479536989560721 ], [ 126.922803718325738, 37.479669063560394 ], [ 126.922771172766446, 37.479779610093836 ], [ 126.922764343634825, 37.47980155484322 ], [ 126.92276354069962, 37.479920277488674 ], [ 126.922755379259669, 37.480059009175363 ], [ 126.922849114056788, 37.480052386184724 ], [ 126.922963105571085, 37.480044659345829 ], [ 126.923149058743064, 37.480029456781388 ], [ 126.923329724248617, 37.48000108138627 ], [ 126.923368480437347, 37.48000243149653 ], [ 126.923514579775059, 37.479975767381156 ], [ 126.92351316136633, 37.479968783682423 ], [ 126.92356682761546, 37.479960413652961 ], [ 126.923520714224381, 37.479945408577436 ], [ 126.923501377839997, 37.479938881570973 ], [ 126.923486132831599, 37.479933645695489 ], [ 126.923424747725704, 37.479883697763213 ], [ 126.923522968079709, 37.479809935462242 ], [ 126.923317095146956, 37.479784526301799 ], [ 126.923312201517945, 37.479783892362008 ], [ 126.923362052804492, 37.479645505363692 ], [ 126.923463283302254, 37.479364441733061 ], [ 126.923469620385248, 37.479346849355757 ], [ 126.923593273733758, 37.479379466134525 ], [ 126.923595759185616, 37.479380125504768 ], [ 126.923756466467722, 37.479285868561078 ], [ 126.923818446348406, 37.479251383847142 ], [ 126.923835787369427, 37.479241286009064 ], [ 126.924053236333236, 37.479116378729245 ], [ 126.924085747159538, 37.479074643111758 ], [ 126.924105173295715, 37.47905098652388 ], [ 126.924238209730419, 37.478970947517098 ], [ 126.924495536286415, 37.479007469144072 ], [ 126.924527130164975, 37.479011789313411 ], [ 126.924743964705456, 37.47883367620134 ], [ 126.92469673270088, 37.478720181448409 ], [ 126.92468446146664, 37.478680494251805 ], [ 126.924680778336722, 37.47858969610224 ], [ 126.924852370551278, 37.478537946789629 ], [ 126.924844054934098, 37.478499531686182 ], [ 126.924990065750791, 37.478446531198706 ], [ 126.924990263411331, 37.478417887577024 ], [ 126.925089904163855, 37.478381399320149 ], [ 126.925187799598717, 37.478357892387429 ], [ 126.925322775604414, 37.478324965888454 ], [ 126.925344321129259, 37.4783189610867 ], [ 126.925432386165696, 37.478423724149444 ], [ 126.925441294528099, 37.478435333887809 ], [ 126.925506932609196, 37.478404148304385 ], [ 126.925519850827271, 37.478398146029896 ], [ 126.92551087646612, 37.478351225992093 ], [ 126.925665772943844, 37.478312549104722 ], [ 126.925732480889721, 37.478296487398403 ], [ 126.925789383830462, 37.478273341100476 ], [ 126.92586117501574, 37.47822557181771 ], [ 126.925916284083385, 37.478153751286712 ], [ 126.925887685352023, 37.478071998598971 ], [ 126.925907427705994, 37.47805795560312 ], [ 126.925871438104011, 37.47803837181803 ], [ 126.925753835291289, 37.477941077466987 ], [ 126.925850594400927, 37.477877663878829 ], [ 126.925957104260775, 37.47797830276911 ], [ 126.925989612036915, 37.477951536764031 ], [ 126.925944349113166, 37.477667520120477 ], [ 126.925835320249703, 37.477565232568693 ], [ 126.925930378609721, 37.477518510685528 ], [ 126.925924634654962, 37.477506929135622 ], [ 126.925997332640947, 37.477481838563897 ], [ 126.926011067753421, 37.477494108176252 ], [ 126.926070096920157, 37.477457106588474 ], [ 126.926120923084383, 37.477425432768221 ], [ 126.926134104582843, 37.477436234280894 ], [ 126.926263543174514, 37.477356137515052 ], [ 126.926296538809197, 37.477383675124898 ], [ 126.9263281990943, 37.477411410997149 ], [ 126.926456076702081, 37.477331895975027 ], [ 126.926462419960941, 37.477329864640581 ], [ 126.92648687132386, 37.477322014420757 ], [ 126.926520808962053, 37.477310891470424 ], [ 126.92654299136835, 37.477310904645606 ], [ 126.926401017449137, 37.477243231220491 ], [ 126.926371889260366, 37.477236184885022 ], [ 126.926569106645061, 37.477128936819852 ], [ 126.926634067910811, 37.477094622795192 ], [ 126.926736019553758, 37.477040753374318 ], [ 126.926736492047652, 37.47684338916666 ], [ 126.927324807268775, 37.476804169973938 ], [ 126.928177376981637, 37.476748658953483 ], [ 126.928133410842619, 37.476667289186139 ], [ 126.928043557637793, 37.4765015318495 ], [ 126.927998656159801, 37.47641970103502 ], [ 126.927921946839191, 37.476279551951265 ], [ 126.927926248244674, 37.476180652519488 ], [ 126.927946069593375, 37.475763329633949 ], [ 126.92798858847371, 37.475601796477306 ], [ 126.928003330589206, 37.475577406507057 ], [ 126.928338333354276, 37.475592941388562 ], [ 126.928433508480111, 37.475583520843891 ], [ 126.928549690254869, 37.475563113759463 ], [ 126.928580347823853, 37.475566430354341 ], [ 126.928631747018841, 37.475560434362329 ], [ 126.928691205507789, 37.475542954634562 ], [ 126.928760689175789, 37.475517544120301 ], [ 126.929054052185037, 37.47548900132486 ], [ 126.929234166592863, 37.475465127854811 ], [ 126.92927089625266, 37.475455427600011 ], [ 126.929358516583378, 37.475460525848462 ], [ 126.929408195089664, 37.475350877159066 ], [ 126.929500000849615, 37.475294315057845 ], [ 126.929555022710417, 37.475260407818567 ], [ 126.929590893892609, 37.475249815849807 ], [ 126.929666016449929, 37.475272341559325 ], [ 126.929695752574716, 37.475268575426149 ], [ 126.929748024512605, 37.475248099469646 ], [ 126.929827213867355, 37.475217053946068 ], [ 126.929853823676694, 37.475206619359881 ], [ 126.929865654001418, 37.475202400832572 ], [ 126.930026703885346, 37.475145022531443 ], [ 126.929547106236413, 37.474921481039367 ], [ 126.929369456032987, 37.474898910720562 ], [ 126.929342084653399, 37.474578603857552 ], [ 126.92951539049956, 37.474521235533658 ], [ 126.929761281163522, 37.474466153647285 ], [ 126.930297149122509, 37.474438908046665 ], [ 126.930707539335202, 37.474455625896397 ], [ 126.930934024169318, 37.474353329120788 ], [ 126.931040879253331, 37.474304955902504 ], [ 126.931055484178472, 37.474283276580273 ], [ 126.931009777542911, 37.47425858978017 ], [ 126.930891011325429, 37.474194271071248 ], [ 126.930822708690158, 37.47415728732409 ], [ 126.930798006752767, 37.474051098404246 ], [ 126.930790917277577, 37.474004450160137 ], [ 126.930802331925975, 37.473884405607158 ], [ 126.930828479165172, 37.473884340160708 ], [ 126.930831079215508, 37.473825604456692 ], [ 126.930863253852962, 37.473727441445334 ], [ 126.930869156673097, 37.473690846248637 ], [ 126.930873464889416, 37.473652494044067 ], [ 126.930898992574285, 37.473568274566929 ], [ 126.930926671030974, 37.473539872580076 ], [ 126.93093579886775, 37.473534769347332 ], [ 126.930954145992374, 37.473498227528324 ], [ 126.930980610772423, 37.473475294790774 ], [ 126.931023126776395, 37.473464975749401 ], [ 126.931128263232495, 37.473451667540978 ], [ 126.931138295157623, 37.473457711134749 ], [ 126.931168293791814, 37.473475766168882 ], [ 126.931219996751054, 37.473456309150514 ], [ 126.931252132130481, 37.473438019888711 ], [ 126.931335082618659, 37.473382494437118 ], [ 126.931410832979964, 37.473326911496265 ], [ 126.931473382778421, 37.473315929324997 ], [ 126.931533551246361, 37.473311559069927 ], [ 126.931608494104125, 37.473332578770545 ], [ 126.93172384398035, 37.473289110504012 ], [ 126.931792972217892, 37.473290052313942 ], [ 126.931890291419478, 37.473245817303479 ], [ 126.931955341402485, 37.473177829909936 ], [ 126.932011763691392, 37.47309124881874 ], [ 126.932047328264616, 37.473033011797078 ], [ 126.932085714819095, 37.472963385945711 ], [ 126.93212002935222, 37.472898615896568 ], [ 126.932149171839043, 37.472838796513919 ], [ 126.932174468837516, 37.472780948964058 ], [ 126.932200892594821, 37.472714841675781 ], [ 126.932279793308837, 37.472598079227218 ], [ 126.932352083771619, 37.472492506012657 ], [ 126.932421527725396, 37.472396519559538 ], [ 126.932479197272016, 37.472254247977354 ], [ 126.932458742697804, 37.472139827585615 ], [ 126.932416484105673, 37.472104871903291 ], [ 126.932352626521947, 37.472053117882886 ], [ 126.93230505082883, 37.471985731053707 ], [ 126.932293816528642, 37.471970740795619 ], [ 126.932255961636315, 37.471855740735684 ], [ 126.932261409989678, 37.471770482024098 ], [ 126.932268019844983, 37.471700577982453 ], [ 126.932263194026774, 37.47162570181132 ], [ 126.932265943491586, 37.471586283643155 ], [ 126.93226242518935, 37.471575596587499 ], [ 126.932254116718312, 37.471538407326733 ], [ 126.93225156349169, 37.471524412353467 ], [ 126.932186080422824, 37.471569893523544 ], [ 126.932142884909481, 37.471569426682109 ], [ 126.932079818090997, 37.47153241248126 ], [ 126.932041604613772, 37.47152452336482 ], [ 126.932013471754033, 37.471518731393104 ], [ 126.931951912738455, 37.471513794616513 ], [ 126.931870187850365, 37.471469489214819 ], [ 126.931847178315451, 37.471461195434628 ], [ 126.931800702245042, 37.471416945899342 ], [ 126.931731879376542, 37.47139338099133 ], [ 126.931609547882317, 37.47139862370463 ], [ 126.931487966366149, 37.471446953598125 ], [ 126.931445670066182, 37.471465408997794 ], [ 126.931364814182317, 37.471507708165376 ], [ 126.931353708323797, 37.471514017602708 ], [ 126.931321835097606, 37.471532126853639 ], [ 126.9313185115506, 37.471529710191518 ], [ 126.931291716740802, 37.471619883764433 ], [ 126.931254377628463, 37.471642883095456 ], [ 126.931184331313432, 37.47168353972932 ], [ 126.93117320320134, 37.471724411608001 ], [ 126.931161992401456, 37.471755795875495 ], [ 126.931067562494775, 37.47179458275501 ], [ 126.93105089163133, 37.471804157684353 ], [ 126.93096211175974, 37.471868094838811 ], [ 126.930857231234185, 37.471937300374719 ], [ 126.930755254200776, 37.472007013918841 ], [ 126.930712632315959, 37.472054919038655 ], [ 126.930657459105731, 37.472109694873033 ], [ 126.930653144514338, 37.472142803239436 ], [ 126.930646620650037, 37.472197820867542 ], [ 126.930617549320743, 37.472241142566695 ], [ 126.930531751576623, 37.47235679784233 ], [ 126.930439043435385, 37.472461240422319 ], [ 126.930399975669488, 37.472495625313265 ], [ 126.930306665166583, 37.472557793275101 ], [ 126.930221093452388, 37.472611927084969 ], [ 126.930203157489032, 37.472628441554313 ], [ 126.930163772700752, 37.472659568148806 ], [ 126.9301197601756, 37.472712792630659 ], [ 126.930086955075481, 37.472724493950878 ], [ 126.9300156880484, 37.47267776088907 ], [ 126.929938066747042, 37.472558673412777 ], [ 126.929901176982099, 37.472503150192203 ], [ 126.929886511821707, 37.472481345145468 ], [ 126.929870638827779, 37.472457693209833 ], [ 126.929827360566961, 37.472474696816789 ], [ 126.929783983013294, 37.472476103088333 ], [ 126.929721649254702, 37.472462612361689 ], [ 126.929681755952942, 37.47244025315986 ], [ 126.92969784031024, 37.472417792827457 ], [ 126.929701877892455, 37.472393459195615 ], [ 126.929702786388205, 37.47238797173965 ], [ 126.92970850795696, 37.472353431670051 ], [ 126.929734595595392, 37.472118402011596 ], [ 126.929602721870822, 37.472067944061664 ], [ 126.929361812760021, 37.471951566040971 ], [ 126.9292589813315, 37.471838707560082 ], [ 126.929165745166273, 37.471693417857203 ], [ 126.92911582838542, 37.471665473314438 ], [ 126.928988657187645, 37.471553274529747 ], [ 126.928934475333008, 37.471505470088438 ], [ 126.928805075290924, 37.471468098929805 ], [ 126.928825982119747, 37.471392048222327 ], [ 126.928838308926771, 37.471353186536732 ], [ 126.928888918969847, 37.471260153956642 ], [ 126.928983386942079, 37.471182437400394 ], [ 126.929148312474041, 37.471049486500711 ], [ 126.929215533814954, 37.470972951401222 ], [ 126.929219247646031, 37.470874033452418 ], [ 126.929220960589006, 37.470820883430306 ], [ 126.929096888816488, 37.470778235068039 ], [ 126.928970475660421, 37.47076287652029 ], [ 126.928904321954434, 37.470762871029834 ], [ 126.928728597175251, 37.47073637434795 ], [ 126.928696550676833, 37.470712541094365 ], [ 126.928600394864233, 37.470687063606178 ], [ 126.928543525957849, 37.470684333603067 ], [ 126.928498182905585, 37.470674801814688 ], [ 126.928461658364142, 37.470685120954137 ], [ 126.928434988890842, 37.470709521646945 ], [ 126.928421879048557, 37.470696819306809 ], [ 126.928406552195312, 37.470680853061559 ], [ 126.928437207406432, 37.470650860511931 ], [ 126.928393193155443, 37.470645462406011 ], [ 126.928369553875996, 37.470644872936319 ], [ 126.928344448360264, 37.4706327371008 ], [ 126.928309493360445, 37.470622851270406 ], [ 126.928249754537887, 37.470640743308138 ], [ 126.928245559484708, 37.470641875070037 ], [ 126.928209613377973, 37.470674532158093 ], [ 126.928134999849703, 37.470700769009767 ], [ 126.928103657900408, 37.470683791765104 ], [ 126.928034206370526, 37.470692264880576 ], [ 126.927956860308925, 37.470705982285168 ], [ 126.927856425843643, 37.470666861243046 ], [ 126.927797959232322, 37.470666870736565 ], [ 126.927686415336225, 37.470690523610969 ], [ 126.927621311379866, 37.4707404074978 ], [ 126.927572062466766, 37.470803437894482 ], [ 126.92750611918963, 37.470853681592843 ], [ 126.927426673530491, 37.470908729046442 ], [ 126.927176240284751, 37.471026809494226 ], [ 126.92706200348907, 37.471065851016483 ], [ 126.926787216839742, 37.471051162411911 ], [ 126.92664401621407, 37.470830947725418 ], [ 126.926686255687983, 37.470813621161547 ], [ 126.926833917900439, 37.470752418434643 ], [ 126.926864080130045, 37.470727741900099 ], [ 126.926902025579423, 37.470708627659093 ], [ 126.926947812480364, 37.470650110282676 ], [ 126.927034873639414, 37.470609114586352 ], [ 126.927081904124393, 37.470616461264669 ], [ 126.927129490229319, 37.470599282069692 ], [ 126.927228855561268, 37.470531417052925 ], [ 126.92728977317509, 37.470486506090147 ], [ 126.927467367011999, 37.470417473627393 ], [ 126.927554848613255, 37.470409274322257 ], [ 126.927746255653304, 37.470408466830349 ], [ 126.927853841387957, 37.4704286452315 ], [ 126.927893678024731, 37.470443742036132 ], [ 126.928023321082605, 37.470403818195251 ], [ 126.928133505966628, 37.470379848806445 ], [ 126.928254395260566, 37.47035668604218 ], [ 126.928326756908064, 37.470342856333566 ], [ 126.928349295177767, 37.470332869155619 ], [ 126.92844484131416, 37.470286165311173 ], [ 126.928518109579301, 37.470247809839783 ], [ 126.928599101193313, 37.470194043825906 ], [ 126.92866186641514, 37.470131209637259 ], [ 126.92855047556192, 37.470035716570138 ], [ 126.928540304334959, 37.470022482662245 ], [ 126.928456185918861, 37.469931214027675 ], [ 126.928457283272721, 37.469930357852078 ], [ 126.928397702253207, 37.469890128151853 ], [ 126.928368045425856, 37.469872639346882 ], [ 126.928289341674926, 37.469851398108652 ], [ 126.928265022339815, 37.469844796703441 ], [ 126.928193205415539, 37.469834949251002 ], [ 126.928120764646195, 37.469846933575603 ], [ 126.928076817019203, 37.469854825189643 ], [ 126.928032877514013, 37.469855564629114 ], [ 126.927992139839674, 37.469862773445222 ], [ 126.927827995057399, 37.469893035013456 ], [ 126.927828267149735, 37.469832343608999 ], [ 126.927969419952305, 37.46978130771857 ], [ 126.928091182016047, 37.4697317039208 ], [ 126.928124360679277, 37.469719605136788 ], [ 126.928157330602886, 37.46971172380983 ], [ 126.928256034135543, 37.469694341618187 ], [ 126.92827866820322, 37.46969257166117 ], [ 126.928351044957409, 37.469682298204837 ], [ 126.928327538130631, 37.469536877947142 ], [ 126.92836919523441, 37.469502367384038 ], [ 126.92837799571565, 37.469427995914259 ], [ 126.928359792183372, 37.469396962203838 ], [ 126.928370325495692, 37.469352866416628 ], [ 126.928279484512757, 37.469341312452201 ], [ 126.92825734034227, 37.469314954292336 ], [ 126.928213236969242, 37.469263875197534 ], [ 126.928249280537841, 37.469211738469753 ], [ 126.928180271837675, 37.469115459504181 ], [ 126.928103540017347, 37.469091128922216 ], [ 126.927970286825001, 37.469101813958531 ], [ 126.927988636297826, 37.46897205387058 ], [ 126.92816638183011, 37.46898524779705 ], [ 126.928236018597758, 37.468982244706709 ], [ 126.928294126390597, 37.468967469131158 ], [ 126.928312629141203, 37.468956983905365 ], [ 126.928350389439316, 37.468940968529658 ], [ 126.928372040828847, 37.468856936342036 ], [ 126.92825741161667, 37.468804012481684 ], [ 126.928136029559639, 37.468708195656156 ], [ 126.928011463252901, 37.468495951770166 ], [ 126.928006814525261, 37.468488353420035 ], [ 126.928144025833106, 37.46831174201121 ], [ 126.928364646622455, 37.46826539601512 ], [ 126.928417472155544, 37.468253365167463 ], [ 126.928448067617509, 37.468234957667306 ], [ 126.928515931784176, 37.468194149013122 ], [ 126.92855382704991, 37.46819002689891 ], [ 126.928676396482174, 37.46822448389986 ], [ 126.928805450150207, 37.468276345842504 ], [ 126.928931372823513, 37.468351529095322 ], [ 126.928974060985723, 37.468406004745177 ], [ 126.9289758459458, 37.468408301597549 ], [ 126.929046804974718, 37.468355855377197 ], [ 126.9291017547, 37.46835065152834 ], [ 126.929203590113062, 37.468352813223511 ], [ 126.92930468347565, 37.468329646270384 ], [ 126.929345464306408, 37.468227155913013 ], [ 126.929346439300048, 37.468177159827462 ], [ 126.929339374955262, 37.468154089824843 ], [ 126.929328342921792, 37.468118051958442 ], [ 126.929307426193233, 37.468087169900244 ], [ 126.929300063126306, 37.468077355275348 ], [ 126.929267550156595, 37.468034140395638 ], [ 126.929257530561159, 37.468003274900767 ], [ 126.929251316136401, 37.467988620784361 ], [ 126.929236447149933, 37.467965944245677 ], [ 126.929230348169824, 37.467900662812916 ], [ 126.92922947275477, 37.467894120091096 ], [ 126.929257594190716, 37.467815010261162 ], [ 126.929264953162573, 37.467745647401564 ], [ 126.929237262506518, 37.467657954717438 ], [ 126.929254723057454, 37.467638746089037 ], [ 126.929211779972206, 37.467556945643274 ], [ 126.929202652533633, 37.467537622542537 ], [ 126.929153330998673, 37.467446166620874 ], [ 126.929142803436818, 37.467379512039656 ], [ 126.929148087922911, 37.467304570699575 ], [ 126.929148923806764, 37.467270017724104 ], [ 126.92914983030974, 37.467232563560088 ], [ 126.929160636279988, 37.467208540410859 ], [ 126.929195370291723, 37.467154105014494 ], [ 126.929209679987707, 37.467130561536443 ], [ 126.929216075541149, 37.467074424815394 ], [ 126.929198144679617, 37.467019894115154 ], [ 126.929178583473004, 37.467000925026987 ], [ 126.929120415993907, 37.466942198031539 ], [ 126.929102406213175, 37.466919201493667 ], [ 126.92902356048549, 37.466819698570283 ], [ 126.928961467895832, 37.466771025188976 ], [ 126.928936461719758, 37.466753251952838 ], [ 126.928831612994458, 37.466700487808716 ], [ 126.928708733101104, 37.466706583142873 ], [ 126.928638368704938, 37.46673938045442 ], [ 126.928481778394129, 37.466714074603708 ], [ 126.928363956322855, 37.466681340347904 ], [ 126.928230726921797, 37.466673228960467 ], [ 126.928189646092306, 37.466663213149381 ], [ 126.928153045231454, 37.466661045144129 ], [ 126.928081054892317, 37.466692941912974 ], [ 126.927905475507742, 37.466699949706999 ], [ 126.927763731515768, 37.466694698581904 ], [ 126.927620335130058, 37.46666626433025 ], [ 126.927588454642049, 37.466658485848832 ], [ 126.927573305712585, 37.466661439772352 ], [ 126.927547428167244, 37.466651909880518 ], [ 126.927509382531639, 37.466638443987613 ], [ 126.927395879078105, 37.466594249803038 ], [ 126.927276583198605, 37.466531104664028 ], [ 126.927255348041797, 37.466516036451623 ], [ 126.927215529298621, 37.466487376625395 ], [ 126.927184036406999, 37.466454723368294 ], [ 126.927143675387399, 37.466393861304105 ], [ 126.927124001096701, 37.466365359183698 ], [ 126.927091479426352, 37.466318107191469 ], [ 126.927067481698231, 37.466295081342132 ], [ 126.927051401076199, 37.466257319154707 ], [ 126.926945895156678, 37.466014684399617 ], [ 126.926894548029239, 37.465895114917124 ], [ 126.926844267192166, 37.465896976166739 ], [ 126.926475355411355, 37.465911564906435 ], [ 126.925426878350166, 37.465972387106078 ], [ 126.924846350583152, 37.465994959574317 ], [ 126.924395447254682, 37.466012939443786 ], [ 126.924089554609907, 37.466024708364024 ], [ 126.924051047538867, 37.465886388963654 ], [ 126.923952400001085, 37.465512067105394 ], [ 126.924033778262199, 37.465465214228239 ], [ 126.924593957350808, 37.465130866246909 ], [ 126.925235725177828, 37.464750813496551 ], [ 126.925721872752234, 37.464466680229989 ], [ 126.925681686163614, 37.464422243962765 ], [ 126.925679812788445, 37.464420385791364 ], [ 126.925431418604035, 37.464175706259752 ], [ 126.925312342495587, 37.464058463873698 ], [ 126.92524499183007, 37.46400855886192 ], [ 126.925074074955376, 37.463881730319478 ], [ 126.925027442798935, 37.463767309569455 ], [ 126.92500106763525, 37.463738262144027 ], [ 126.924849739476983, 37.463537204113479 ], [ 126.924710250471492, 37.463364535208491 ], [ 126.924537854182333, 37.463251958802395 ], [ 126.924484080983021, 37.46312400910174 ], [ 126.924543542745383, 37.463018575391267 ], [ 126.924690020326025, 37.462896621570778 ], [ 126.924715379906559, 37.462881591282667 ], [ 126.924741522752925, 37.462872128803106 ], [ 126.924757834372315, 37.462870049068606 ], [ 126.924936243555294, 37.462866158042708 ], [ 126.925172199977567, 37.463055683769547 ], [ 126.925375217839374, 37.463055292158792 ], [ 126.925583244639242, 37.462764941334015 ], [ 126.925582219151238, 37.462749571344524 ], [ 126.925429568143386, 37.462761265509606 ], [ 126.92519184264232, 37.462467592959662 ], [ 126.925193747665759, 37.462372636444996 ], [ 126.925180670985682, 37.462372646019496 ], [ 126.925131331188126, 37.462362847253502 ], [ 126.925068586277504, 37.462331496783257 ], [ 126.924984148468042, 37.462209076736137 ], [ 126.925072819005123, 37.462013129636013 ], [ 126.925111986888155, 37.461945138143761 ], [ 126.925151897892476, 37.461734301880092 ], [ 126.925226045541137, 37.461334447954904 ], [ 126.925233906544563, 37.461316902362881 ], [ 126.925256665912613, 37.461266126527136 ], [ 126.925300857389203, 37.461247180780241 ], [ 126.92538337254922, 37.461211841606648 ], [ 126.925393402681223, 37.461207550276029 ], [ 126.925471991603615, 37.46117393213293 ], [ 126.925529684573249, 37.461149252884994 ], [ 126.925574509126577, 37.461130064171144 ], [ 126.925658460101758, 37.461094140074302 ], [ 126.925933476719749, 37.460976432447509 ], [ 126.925961530377137, 37.460964431885763 ], [ 126.926145589279301, 37.4608856583529 ], [ 126.926195100571562, 37.460864503696534 ], [ 126.926312888022082, 37.460898051925462 ], [ 126.926422363967887, 37.460758050466509 ], [ 126.927639258525986, 37.460241872313127 ], [ 126.927790351055123, 37.460211755976822 ], [ 126.928366989808637, 37.460096812716152 ], [ 126.928418764682462, 37.460086484097083 ], [ 126.928507171163062, 37.460068969151472 ], [ 126.928575453562061, 37.460055406142139 ], [ 126.928900299599007, 37.459987742506485 ], [ 126.928963970946569, 37.459977015505004 ], [ 126.929087739427459, 37.459973352249683 ], [ 126.929161630362842, 37.460062759155342 ], [ 126.929217860759778, 37.460133368362754 ], [ 126.929261123420304, 37.460185239530155 ], [ 126.929385249801683, 37.460389455977179 ], [ 126.929424869492124, 37.460455775171376 ], [ 126.929563676350142, 37.460496713111631 ], [ 126.929693344225399, 37.460506494902248 ], [ 126.929946896447774, 37.460726421761585 ], [ 126.930036713751775, 37.460806476315263 ], [ 126.930205292664255, 37.460941259415442 ], [ 126.930376067976297, 37.461257806842021 ], [ 126.930456890995586, 37.461407583492303 ], [ 126.930496887817895, 37.461591817899404 ], [ 126.930565922094971, 37.461909301247523 ], [ 126.930572545527895, 37.461933443131869 ], [ 126.930691334456085, 37.462265648022019 ], [ 126.930691848191984, 37.462271034533977 ], [ 126.930748652032008, 37.462433286285226 ], [ 126.930748190781785, 37.462469353212498 ], [ 126.93085050745708, 37.462432130875861 ], [ 126.930891183548439, 37.462508658567117 ], [ 126.930980220750854, 37.462506802512976 ], [ 126.931021701398805, 37.462400743012466 ], [ 126.931066387155596, 37.462408320074694 ], [ 126.931083661743742, 37.46235660461241 ], [ 126.931127420158006, 37.462230818938771 ], [ 126.93114003245671, 37.462195614297983 ], [ 126.93114118278109, 37.462186326528858 ], [ 126.931316741944173, 37.46204424253532 ], [ 126.931350814079323, 37.462016502823133 ], [ 126.931427044949416, 37.461953316468133 ], [ 126.931492764171892, 37.461899411389183 ], [ 126.931500302304087, 37.461889630947205 ], [ 126.931496990970231, 37.461864868482806 ], [ 126.931481377978699, 37.461758200128664 ], [ 126.931468806461083, 37.461665109908459 ], [ 126.931466783159365, 37.461650620557521 ], [ 126.931474402476113, 37.461626486262801 ], [ 126.931502999960799, 37.46152877125256 ], [ 126.931534810068044, 37.461417318718532 ], [ 126.931635439634178, 37.461440831409043 ], [ 126.931724004147313, 37.461460940102626 ], [ 126.931758934158651, 37.46146928600637 ], [ 126.931806324658609, 37.46150930955779 ], [ 126.932019134329138, 37.461465330719854 ], [ 126.931996629720658, 37.461268978691152 ], [ 126.931983231752795, 37.461187709210996 ], [ 126.931959165526806, 37.46109478436216 ], [ 126.931936656343325, 37.460989054445818 ], [ 126.931924420369, 37.460960306096815 ], [ 126.931899689069425, 37.460874129365031 ], [ 126.93187017479319, 37.460791199731943 ], [ 126.932009163932477, 37.460794842325846 ], [ 126.932075998063937, 37.460796367369923 ], [ 126.932080660410676, 37.460764717817696 ], [ 126.932085162673005, 37.460710606126256 ], [ 126.932090580305669, 37.460645664896347 ], [ 126.932094636122955, 37.460590292435725 ], [ 126.932116961175367, 37.460561474300107 ], [ 126.932143564249941, 37.460521770030276 ], [ 126.932234344323106, 37.460416903092472 ], [ 126.932323386388731, 37.460307671499841 ], [ 126.932359144524767, 37.4602631377481 ], [ 126.932415499709691, 37.46019295631713 ], [ 126.932476613517451, 37.460117613079348 ], [ 126.932481242765817, 37.46011190341364 ], [ 126.932543184826528, 37.460035453289358 ], [ 126.932568564176634, 37.460004742936071 ], [ 126.932583545902958, 37.459986480200435 ], [ 126.932638415829246, 37.459919613490811 ], [ 126.932643551916144, 37.459913362610109 ], [ 126.932673211450805, 37.459876609887054 ], [ 126.932767700253024, 37.45983028026329 ], [ 126.932818585118156, 37.459804784387245 ], [ 126.932891102611009, 37.459769155738563 ], [ 126.932901009447704, 37.459764287955807 ], [ 126.932978005105284, 37.459726102098806 ], [ 126.93294691647209, 37.459670700203908 ], [ 126.933071319832862, 37.45965176021268 ], [ 126.933115429399606, 37.459645082273823 ], [ 126.933103528965859, 37.459607559348825 ], [ 126.933101631298541, 37.45959383414548 ], [ 126.933103590549536, 37.459593308191806 ], [ 126.933103102517563, 37.459593035805867 ], [ 126.932918716793495, 37.459619101316299 ], [ 126.932840553992406, 37.459480143510056 ], [ 126.93277012376781, 37.459169460427475 ], [ 126.932858787025225, 37.458867533877168 ], [ 126.932851231094745, 37.458845384589196 ], [ 126.932846270130696, 37.45874673428375 ], [ 126.933181420773053, 37.459564291308872 ], [ 126.933178729466619, 37.459573113292642 ], [ 126.933184725925798, 37.459571502159157 ], [ 126.933187168668653, 37.459571268409192 ], [ 126.933213343172582, 37.459635165679089 ], [ 126.933233323359943, 37.459689588902741 ], [ 126.933273413120475, 37.459789236154627 ], [ 126.933322543072151, 37.459904971542393 ], [ 126.9333457549792, 37.459959297498756 ], [ 126.933369487629136, 37.459999063514012 ], [ 126.933427096820338, 37.46008911519791 ], [ 126.933479276045233, 37.460170660945302 ], [ 126.933485010178643, 37.460179186849601 ], [ 126.933475260576557, 37.460236295924524 ], [ 126.933468895333306, 37.460275621114299 ], [ 126.933452978546526, 37.460391679370865 ], [ 126.933443513164093, 37.460469359442001 ], [ 126.933439360091839, 37.460500953480874 ], [ 126.933437070102855, 37.460545860035246 ], [ 126.933424260703546, 37.460650350272111 ], [ 126.93341675794322, 37.460710036604254 ], [ 126.933412225468658, 37.46074617328749 ], [ 126.933408236334103, 37.460782671586294 ], [ 126.933395689126002, 37.460884622034989 ], [ 126.933384429481208, 37.460972661712191 ], [ 126.933379929580411, 37.461012726791267 ], [ 126.933364872219499, 37.461133004020034 ], [ 126.933272161222391, 37.461150745361813 ], [ 126.933220012386627, 37.461160814597768 ], [ 126.933125829380842, 37.461178871226551 ], [ 126.933063932834258, 37.461192601840928 ], [ 126.933061776614721, 37.461264086291713 ], [ 126.93304620434759, 37.461409220088591 ], [ 126.933037057648235, 37.461485126220218 ], [ 126.933014059351876, 37.461669699877888 ], [ 126.933001812790295, 37.461774633669052 ], [ 126.932989267147533, 37.461883989413366 ], [ 126.932975309170118, 37.461993931790069 ], [ 126.932960196222155, 37.462119692427308 ], [ 126.933019615218385, 37.462418988274592 ], [ 126.932950054566007, 37.463368033407484 ], [ 126.932986874461548, 37.46342336741143 ], [ 126.93306709937076, 37.463544383626591 ], [ 126.933078532918685, 37.463561545367654 ], [ 126.933135217929674, 37.463650003629624 ], [ 126.93321005460642, 37.463766464752538 ], [ 126.933276580449871, 37.463872596421041 ], [ 126.93327463241296, 37.463900462452806 ], [ 126.933294504256324, 37.463901249690281 ], [ 126.933322038428955, 37.463902329667299 ], [ 126.933343354460533, 37.463904792696525 ], [ 126.933354114192142, 37.463906041387446 ], [ 126.933509282743927, 37.463923969760543 ], [ 126.933549416620735, 37.463929065501674 ], [ 126.93368432491927, 37.464025901842668 ], [ 126.933774279376678, 37.464101790954118 ], [ 126.933770435117736, 37.464164382405691 ], [ 126.933761680696847, 37.464295789732503 ], [ 126.933726681993534, 37.464773758606533 ], [ 126.933691016714207, 37.465203301691709 ], [ 126.933664595261547, 37.465568959858018 ], [ 126.933660687974267, 37.465617304581087 ], [ 126.933657402624561, 37.465661632084533 ], [ 126.933635232069392, 37.465858621138757 ], [ 126.933623872115618, 37.465959562179862 ], [ 126.933709682809933, 37.465759853491562 ], [ 126.934099036904598, 37.465385835277004 ], [ 126.934104546098126, 37.465382288464276 ], [ 126.934133828193239, 37.465363412012756 ], [ 126.934376518563283, 37.465146100949944 ], [ 126.934472087395221, 37.465061119353692 ], [ 126.93446711622812, 37.464957140676489 ], [ 126.934460613760592, 37.464846474777829 ], [ 126.934430904433782, 37.464823868846153 ], [ 126.934281519225578, 37.464709709639386 ], [ 126.934210333913057, 37.464654301522394 ], [ 126.934256882500932, 37.464552677650694 ], [ 126.9343377791823, 37.464376244001095 ], [ 126.934369740681305, 37.464304505300291 ], [ 126.934547053199921, 37.464158390066835 ], [ 126.934671025528644, 37.46406015349708 ], [ 126.934681377716998, 37.464078656966244 ], [ 126.934722175192618, 37.464163895196741 ], [ 126.934765517690749, 37.464258725136844 ], [ 126.934782001837007, 37.464254597936467 ], [ 126.934916415927518, 37.46421142556445 ], [ 126.934932685879616, 37.464206632380289 ], [ 126.935036301105285, 37.464173822082529 ], [ 126.935152984410379, 37.464136910453924 ], [ 126.935211565496914, 37.464243442919113 ], [ 126.935220696535211, 37.464261269001355 ], [ 126.935228559213343, 37.46427666256141 ], [ 126.935238838173532, 37.464273307581188 ], [ 126.935348344886847, 37.464236472825796 ], [ 126.935448115630237, 37.464203696955742 ], [ 126.935543660207074, 37.464170593379656 ], [ 126.935641067249051, 37.464137788095584 ], [ 126.935629642331804, 37.464121616812157 ], [ 126.935617280283623, 37.464104247570589 ], [ 126.935538758466834, 37.463998839438332 ], [ 126.935456992834716, 37.463889521784047 ], [ 126.935442859662643, 37.463870817146429 ], [ 126.935472456918433, 37.463865257375389 ], [ 126.935478877407235, 37.463852240552313 ], [ 126.935493747537024, 37.463818271093125 ], [ 126.935545974997595, 37.463707595679757 ], [ 126.93559407483886, 37.463602753742919 ], [ 126.935598182528949, 37.463596269705022 ], [ 126.935626144169248, 37.463482383951884 ], [ 126.93564529203077, 37.463402539523997 ], [ 126.935692551978505, 37.463378617163627 ], [ 126.935799437679563, 37.463325562448105 ], [ 126.935901211889743, 37.463275062748615 ], [ 126.93599425777613, 37.463395282205461 ], [ 126.9360834064599, 37.463511722419447 ], [ 126.936234544163398, 37.46343462688241 ], [ 126.936370472336407, 37.463364698365616 ], [ 126.936501707013562, 37.46329749264747 ], [ 126.936594130690025, 37.463250809266533 ], [ 126.936659898322006, 37.463297543525371 ], [ 126.936747063691655, 37.463225843459242 ], [ 126.936850451637568, 37.463138134151727 ], [ 126.937041032222297, 37.463117163787715 ], [ 126.937220103212141, 37.463098051032972 ], [ 126.937232706072948, 37.463138046259992 ], [ 126.937260623286562, 37.463219610435885 ], [ 126.937336720474249, 37.463442028639626 ], [ 126.9373906987813, 37.463592641871919 ], [ 126.937404400236048, 37.463632952123895 ], [ 126.937488674350192, 37.463853671752148 ], [ 126.937588532469832, 37.463929003805582 ], [ 126.937690791811349, 37.46434457514134 ], [ 126.937715855791382, 37.464447474329546 ], [ 126.937740355866836, 37.464534317314232 ], [ 126.937750180686322, 37.464649029440082 ], [ 126.937750944449604, 37.464657435318777 ], [ 126.937759588960262, 37.464753803263896 ], [ 126.937756793884262, 37.464757450822219 ], [ 126.93777817512283, 37.464775436484665 ], [ 126.937802032949222, 37.464793461320561 ], [ 126.937875557549134, 37.464852805020151 ], [ 126.938085203673282, 37.465016179651819 ], [ 126.938209740926993, 37.46511554607639 ], [ 126.938284002993186, 37.465171061548119 ], [ 126.938338831601627, 37.465163872928606 ], [ 126.938404293571267, 37.465106856334586 ], [ 126.938457880230942, 37.46506018590361 ], [ 126.938480028879553, 37.465040898214419 ], [ 126.938613779874046, 37.464926199592377 ], [ 126.93869498882826, 37.46487817422512 ], [ 126.938827433089173, 37.464850790962068 ], [ 126.938974853660355, 37.464797251221277 ], [ 126.939102489587725, 37.464747573364328 ], [ 126.93917790584166, 37.464694409782261 ], [ 126.939193977781528, 37.464684208982106 ], [ 126.939237699192816, 37.464656445065827 ], [ 126.939318495703361, 37.46460332837745 ], [ 126.939415074688497, 37.464531713304325 ], [ 126.939496605475327, 37.464452827261432 ], [ 126.939593637080662, 37.464355516542476 ], [ 126.939640860493597, 37.46431614937751 ], [ 126.939708984196727, 37.464264187177434 ], [ 126.939803794154273, 37.464180626245486 ], [ 126.940113378636383, 37.464072219205647 ], [ 126.940157333566759, 37.464033102415165 ], [ 126.940206175247511, 37.464035128893364 ], [ 126.940503491898852, 37.464060474835897 ], [ 126.940855587721813, 37.464101020168819 ], [ 126.940922486684045, 37.46410872293405 ], [ 126.941011828271542, 37.464125354391093 ], [ 126.940992381552746, 37.464157907623637 ], [ 126.940940185982342, 37.464238611751277 ], [ 126.940860455240866, 37.464363786099788 ], [ 126.940822134223851, 37.464420990997112 ], [ 126.940795404022566, 37.46446251265332 ], [ 126.940725777271879, 37.464569236830876 ], [ 126.940612896526858, 37.464729876388503 ], [ 126.94059857455315, 37.46475959222893 ], [ 126.940585553510317, 37.464786642667278 ], [ 126.940566407638102, 37.464824115462946 ], [ 126.940539234887765, 37.464879918644591 ], [ 126.940499427665173, 37.464971007623532 ], [ 126.940463921323357, 37.465044077828885 ], [ 126.94042901377334, 37.465116041899265 ], [ 126.940418131532766, 37.465138579393113 ], [ 126.940408464398828, 37.46515698190597 ], [ 126.940387729938649, 37.465200310374584 ], [ 126.940335337620098, 37.46531131307907 ], [ 126.940316134506745, 37.465350741880656 ], [ 126.940309952377405, 37.465363423913459 ], [ 126.940268895690565, 37.465433571927775 ], [ 126.940231587695095, 37.465496218310399 ], [ 126.940189738347428, 37.465567905700212 ], [ 126.940164982716539, 37.46562255765879 ], [ 126.940144432541246, 37.465651684553578 ], [ 126.940091291601803, 37.465738756990412 ], [ 126.940041951341712, 37.465819705453825 ], [ 126.939983358244646, 37.465908315719915 ], [ 126.939951246324298, 37.465963800832583 ], [ 126.939962234470542, 37.466042663312827 ], [ 126.939967734240724, 37.466076534010043 ], [ 126.939989041241105, 37.466206912247564 ], [ 126.939988730153502, 37.466252719118749 ], [ 126.939989343888541, 37.466374184659713 ], [ 126.939990083229418, 37.466567221496653 ], [ 126.939995085508926, 37.466656485640407 ], [ 126.940009066781599, 37.466755009566306 ], [ 126.940039825444899, 37.466947235790066 ], [ 126.940056376530592, 37.467081268695999 ], [ 126.940037630182474, 37.467114335690873 ], [ 126.940054529939388, 37.467113839018175 ], [ 126.940036312265192, 37.467260521045844 ], [ 126.940027991161728, 37.467331253611093 ], [ 126.940026660336827, 37.467342723595848 ], [ 126.939943481641677, 37.467334119852218 ], [ 126.93995999485611, 37.467350165418267 ], [ 126.940043482982759, 37.467448896703246 ], [ 126.939994699979678, 37.467471882048905 ], [ 126.939975964089243, 37.467532032304455 ], [ 126.93995854439018, 37.467546150968403 ], [ 126.939880161420021, 37.467616442453831 ], [ 126.939878175214616, 37.467722580540311 ], [ 126.939782727614883, 37.467802286653452 ], [ 126.939791113772117, 37.467816392640579 ], [ 126.939846287836602, 37.467886240210575 ], [ 126.939868737858362, 37.467954808382061 ], [ 126.939794396642341, 37.468004550924462 ], [ 126.939758893766751, 37.468069449680286 ], [ 126.939818295897268, 37.468068913075612 ], [ 126.940024337329177, 37.468066001203177 ], [ 126.940194365359034, 37.468062836929832 ], [ 126.94024538177915, 37.468059963060753 ], [ 126.940418431180149, 37.468052852734999 ], [ 126.940529767276985, 37.468049820702355 ], [ 126.940579323288716, 37.468049612905851 ], [ 126.940607844670637, 37.468048067972063 ], [ 126.940749550064851, 37.468038247903081 ], [ 126.940664036547247, 37.467714050755234 ], [ 126.940677939109477, 37.467632030547144 ], [ 126.940717838460372, 37.467388169226687 ], [ 126.94072472406134, 37.467358403609047 ], [ 126.940910779223074, 37.467172081516374 ], [ 126.94116839304175, 37.466912279192115 ], [ 126.941715646341791, 37.466675833968822 ], [ 126.942771494491026, 37.466570558658638 ], [ 126.943290022085108, 37.466518906642818 ], [ 126.94395536972651, 37.4664524916288 ], [ 126.944178655221279, 37.466817940076055 ], [ 126.944205691487326, 37.466809483755263 ], [ 126.944224685576884, 37.466803294960194 ], [ 126.944250435053732, 37.466833895615963 ], [ 126.94428446915289, 37.466882304111827 ], [ 126.94444011453426, 37.466952172034063 ], [ 126.944481064230871, 37.467003954467046 ], [ 126.944529668709777, 37.467109719707828 ], [ 126.944526376055663, 37.467143740920079 ], [ 126.944522695035047, 37.467212854235719 ], [ 126.944520309798847, 37.467257668106676 ], [ 126.944519449800453, 37.467273743399225 ], [ 126.944543080520972, 37.467475061532973 ], [ 126.944544971137816, 37.467504073860177 ], [ 126.944538376290964, 37.467507197163329 ], [ 126.944436474353296, 37.467709433209798 ], [ 126.944387023797688, 37.467809051301273 ], [ 126.944415621762147, 37.468003853983561 ], [ 126.944443983663817, 37.468076658859054 ], [ 126.944468628316471, 37.468075770655751 ], [ 126.944498014484168, 37.468080054693395 ], [ 126.944498109528496, 37.468073981975422 ], [ 126.944519376222729, 37.468069027704736 ], [ 126.944572877034389, 37.468100539064523 ], [ 126.94458354980452, 37.46811315735512 ], [ 126.944596595340272, 37.468128706851061 ], [ 126.944597570127044, 37.468168469507127 ], [ 126.944601421984231, 37.468233342714491 ], [ 126.944576116758924, 37.468271973664173 ], [ 126.944570078111241, 37.468286882362491 ], [ 126.944536796950302, 37.468320690892995 ], [ 126.944563527018332, 37.468379764557 ], [ 126.944610631752283, 37.468453632593189 ], [ 126.94465281546691, 37.468559405477656 ], [ 126.944668925959419, 37.468632763919864 ], [ 126.944689151192946, 37.468676256073614 ], [ 126.944684111509545, 37.468685604263825 ], [ 126.944706833334507, 37.468776094854839 ], [ 126.944637783306305, 37.468783125508097 ], [ 126.944549400205872, 37.468792535363164 ], [ 126.944519803280173, 37.468764715225532 ], [ 126.944382276354517, 37.468765359708193 ], [ 126.944313524945031, 37.468764697549091 ], [ 126.944274818639201, 37.468764336425878 ], [ 126.944194596923253, 37.468803617331055 ], [ 126.944130448462062, 37.468845942369121 ], [ 126.944139758396418, 37.468880203039369 ], [ 126.944188512130125, 37.469062373546741 ], [ 126.944258050336558, 37.469319779771304 ], [ 126.944285662670467, 37.469413920064262 ], [ 126.944293661713147, 37.469447836802004 ], [ 126.944313517443291, 37.469516360509196 ], [ 126.944348324281961, 37.469647202130957 ], [ 126.944383118011302, 37.469768691319267 ], [ 126.944208542605182, 37.469905767417991 ], [ 126.944090174158248, 37.469995440870662 ], [ 126.943933131671244, 37.470113649058064 ], [ 126.943865802195063, 37.470161637900709 ], [ 126.943823633869243, 37.470193512835479 ], [ 126.943690291129883, 37.470278241975009 ], [ 126.943483642268433, 37.470399739164506 ], [ 126.943461498120072, 37.470411360238963 ], [ 126.943304760021718, 37.470474299297067 ], [ 126.943146208711042, 37.470525245799983 ], [ 126.94308995947739, 37.470539173641193 ], [ 126.943045026655213, 37.470552206953222 ], [ 126.943036184187335, 37.470540779659828 ], [ 126.94295823823758, 37.470572212200608 ], [ 126.942845235871246, 37.470603844432006 ], [ 126.942689197911704, 37.470623273577587 ], [ 126.942642425886476, 37.47062890858497 ], [ 126.942489356070766, 37.470638654062519 ], [ 126.942413355723431, 37.470640813623355 ], [ 126.942511443211032, 37.471086733933852 ], [ 126.942518063692688, 37.471120543775186 ], [ 126.942612794449147, 37.471568560725622 ], [ 126.942708946346755, 37.472009171128491 ], [ 126.942714551777172, 37.472083470618472 ], [ 126.942721221003836, 37.472212597563754 ], [ 126.942723963018338, 37.472263756970989 ], [ 126.942730280466733, 37.472365754540498 ], [ 126.94263597356688, 37.47244171528952 ], [ 126.942591277274332, 37.472424061285871 ], [ 126.942440576540008, 37.472362123188418 ], [ 126.942311249117608, 37.472308267693016 ], [ 126.942223610946826, 37.472313548680383 ], [ 126.942131975519317, 37.472400162023888 ], [ 126.942116548092841, 37.472437167467668 ], [ 126.942125900661566, 37.472491239547502 ], [ 126.942154087090316, 37.4726151515111 ], [ 126.942176446789787, 37.472715192975201 ], [ 126.942157960222843, 37.472762242166489 ], [ 126.942134094016438, 37.472807452407608 ], [ 126.942059616443061, 37.472965226497635 ], [ 126.941988099922767, 37.473113646916453 ], [ 126.941988495679055, 37.473167707280624 ], [ 126.941987994812678, 37.473287531381786 ], [ 126.941865422374804, 37.473351143435053 ], [ 126.941864980811999, 37.473351991055736 ], [ 126.941940984578181, 37.473350426513136 ], [ 126.941978923879816, 37.473337325232343 ], [ 126.942141532235325, 37.473280932195593 ], [ 126.942206077681263, 37.47348639322648 ], [ 126.942210527274042, 37.473535049604955 ], [ 126.942242992861139, 37.473637835160375 ], [ 126.942307303532758, 37.473771908665313 ], [ 126.942319212400037, 37.473793070173805 ], [ 126.942572839660485, 37.473704907704636 ], [ 126.942591314671574, 37.473717188574746 ], [ 126.942790758554338, 37.473887136767765 ], [ 126.942843213911857, 37.473928481903791 ], [ 126.942925109295359, 37.47399926926343 ], [ 126.942993560533552, 37.474056121308891 ], [ 126.943015455378799, 37.474074296362652 ], [ 126.94311304412085, 37.474155929518666 ], [ 126.943217252244509, 37.474244711710355 ], [ 126.943407320713348, 37.474408293144748 ], [ 126.943417828485181, 37.474417362397105 ], [ 126.943320433897625, 37.474447516078442 ], [ 126.943368344731923, 37.474549451160392 ], [ 126.943407969174658, 37.474633760339444 ], [ 126.943449846523251, 37.474722817092292 ], [ 126.943513375776973, 37.474858260859016 ], [ 126.943428188384004, 37.47492282990271 ], [ 126.943240087959595, 37.475060599676873 ], [ 126.943236523524789, 37.475063426165697 ], [ 126.943422214404052, 37.475219824405627 ], [ 126.943461371469795, 37.475255585514866 ], [ 126.943461849343549, 37.475258940181682 ], [ 126.94373976422942, 37.475476955891864 ], [ 126.943739928330515, 37.475476727117503 ], [ 126.943740941518499, 37.475477878192919 ], [ 126.943976225632937, 37.475745160921647 ], [ 126.944297378534003, 37.476108417199256 ], [ 126.944454950206534, 37.476286893647895 ], [ 126.944662338890041, 37.476521434397647 ], [ 126.945503290245938, 37.47643832211304 ], [ 126.945573253836884, 37.476431406726533 ], [ 126.945688464612445, 37.47642002208876 ], [ 126.945907428417954, 37.476398384149668 ], [ 126.945988867659651, 37.476390340455957 ], [ 126.946822015922507, 37.476308099900777 ], [ 126.946889287276605, 37.476301463601402 ], [ 126.94730061123623, 37.476260852946737 ], [ 126.947426785599447, 37.476471898470955 ], [ 126.947455308486354, 37.476519600671772 ], [ 126.9476447483774, 37.476836381361352 ], [ 126.947792592729357, 37.47708360348016 ], [ 126.947824369793977, 37.477072814907096 ], [ 126.947909746365568, 37.4770438323891 ], [ 126.948031761289513, 37.477002350576846 ], [ 126.94807344422405, 37.476988181354564 ], [ 126.948092684243164, 37.477020849581542 ], [ 126.948138325577716, 37.477098346482947 ], [ 126.948252741369174, 37.477059483827311 ], [ 126.948304682066421, 37.477148436141697 ], [ 126.948474984884285, 37.477089020435862 ], [ 126.948367500688363, 37.476888164883412 ], [ 126.948486071039397, 37.477109730441335 ], [ 126.948683399694076, 37.477478438628673 ], [ 126.948699264109834, 37.477474410132196 ], [ 126.948856857662363, 37.477434457952874 ], [ 126.949040038692957, 37.477388046832637 ], [ 126.949083232089151, 37.477377073780396 ], [ 126.949093975290651, 37.477374375540506 ], [ 126.949264197700586, 37.477331238871422 ], [ 126.949336747395833, 37.477312853545143 ], [ 126.949401537857668, 37.477296484799325 ], [ 126.949500884957871, 37.477271318532303 ], [ 126.949543219962194, 37.477260597214389 ], [ 126.949671446164047, 37.477228036363435 ], [ 126.949714753560301, 37.477217064031009 ], [ 126.949841963006278, 37.477184864751834 ], [ 126.949983869729266, 37.477148887536764 ], [ 126.950014738909658, 37.47714106137488 ], [ 126.950246768188222, 37.477574452397931 ], [ 126.95028227260218, 37.477568522985173 ], [ 126.950381127782322, 37.477551942316097 ], [ 126.950965314321735, 37.477453939390912 ], [ 126.950998669211543, 37.477448367442065 ], [ 126.951418375294608, 37.477377908459694 ], [ 126.95145399150995, 37.477371885037805 ], [ 126.951538471848153, 37.476955476695075 ], [ 126.951553683428756, 37.476880494516038 ], [ 126.95153838897015, 37.47687790127101 ], [ 126.95143298968776, 37.476858043607642 ], [ 126.951334195491015, 37.476835855059633 ], [ 126.951209781388542, 37.476816628832118 ], [ 126.951156097770109, 37.476808271695099 ], [ 126.951060250448336, 37.476623822680885 ], [ 126.950962226959646, 37.476480197065335 ], [ 126.950950356072369, 37.476463856815009 ], [ 126.950909028337676, 37.476408525692143 ], [ 126.950830147332724, 37.476246790804105 ], [ 126.950759043186935, 37.47610399556568 ], [ 126.950594029820323, 37.475889846414816 ], [ 126.950576543443702, 37.475819056132259 ], [ 126.950500515062515, 37.475500796495687 ], [ 126.950566215743549, 37.475373269026605 ], [ 126.950979448924983, 37.475381250056557 ], [ 126.951317210617461, 37.475388423643672 ], [ 126.951484322999093, 37.475389161257759 ], [ 126.951800897540508, 37.475394980194338 ], [ 126.95185484624588, 37.475395966951581 ], [ 126.952020818353191, 37.474581752869447 ], [ 126.952089194627106, 37.474238372459418 ], [ 126.952096077920373, 37.474204506649698 ], [ 126.952105674069557, 37.474157406245055 ], [ 126.952024999074752, 37.474163210982027 ], [ 126.952017167226771, 37.47419370664069 ], [ 126.95200884938221, 37.474222300078544 ], [ 126.951980896335073, 37.474388988263115 ], [ 126.951954803019603, 37.47450917827544 ], [ 126.951945624381253, 37.474555529205951 ], [ 126.951897221904844, 37.474788069363818 ], [ 126.951827482653741, 37.474787175097624 ], [ 126.951631370587748, 37.47478492736343 ], [ 126.951451260845616, 37.474782698698625 ], [ 126.951420974816401, 37.474782324561446 ], [ 126.9512751894882, 37.474780166036467 ], [ 126.951089924786899, 37.474777744517588 ], [ 126.950999880516505, 37.474776860017556 ], [ 126.950966156591605, 37.474776529344219 ], [ 126.950817734128549, 37.474773907813436 ], [ 126.950736892360041, 37.474772772978085 ], [ 126.950677067298756, 37.474770774059664 ], [ 126.950524619556106, 37.474770843525476 ], [ 126.950524491351118, 37.474693303191728 ], [ 126.950524903674165, 37.47449905622792 ], [ 126.950524926888292, 37.474466548064989 ], [ 126.95052784812853, 37.474461521731087 ], [ 126.950527737272282, 37.474375079495118 ], [ 126.950527690436331, 37.474342509132072 ], [ 126.950528049447129, 37.474215079587147 ], [ 126.950527680762448, 37.474107112283399 ], [ 126.950527842569144, 37.474055305602519 ], [ 126.950580127226431, 37.47405478664821 ], [ 126.950802598970739, 37.474052630727058 ], [ 126.950966554628451, 37.47405118639039 ], [ 126.95111233377439, 37.474048644762526 ], [ 126.951243992933499, 37.474047917875076 ], [ 126.951012969434359, 37.473839417451565 ], [ 126.950881333385041, 37.473573474323395 ], [ 126.950678025836822, 37.473305425215656 ], [ 126.950346425020413, 37.473018943410374 ], [ 126.950068610556229, 37.472603370381279 ], [ 126.950599806639445, 37.471790174104889 ], [ 126.951956669806663, 37.472178273212762 ], [ 126.952880568272818, 37.472755749421594 ], [ 126.952890126209766, 37.472817201749052 ], [ 126.95290406798, 37.472934788354699 ], [ 126.952913488827122, 37.473052643397907 ], [ 126.952918498445058, 37.473170676824516 ], [ 126.952919101393292, 37.4732887985367 ], [ 126.952915190335318, 37.473408630295324 ], [ 126.952913121950459, 37.473444670455564 ], [ 126.953305933635548, 37.473495196515728 ], [ 126.95340677496894, 37.473508185022162 ], [ 126.953433644437865, 37.473511655808636 ], [ 126.953701570652726, 37.473546173815429 ], [ 126.953690692973126, 37.473599595271381 ], [ 126.953680826709785, 37.473648254434906 ], [ 126.953658712662545, 37.473757258699806 ], [ 126.953628660149704, 37.473905371367159 ], [ 126.953602280609431, 37.474035600609696 ], [ 126.953571277610564, 37.474188262032229 ], [ 126.953565944916448, 37.47421501964665 ], [ 126.953557836307624, 37.474255002852665 ], [ 126.953501302733869, 37.474533587919964 ], [ 126.953744534300839, 37.474564888218808 ], [ 126.953808210357977, 37.474573086036834 ], [ 126.953777727004635, 37.474723108672933 ], [ 126.953753434373496, 37.474842643874027 ], [ 126.954016319044086, 37.474776887451704 ], [ 126.954106885825922, 37.47475421765629 ], [ 126.954678448404465, 37.474611096075229 ], [ 126.95471078587579, 37.474602999864864 ], [ 126.954737243054325, 37.474670135032603 ], [ 126.955066429992314, 37.475505558175747 ], [ 126.955167847771747, 37.475479666246251 ], [ 126.955364386327048, 37.475429422182685 ], [ 126.955744638338913, 37.475332225775517 ], [ 126.955819736621251, 37.475522798838497 ], [ 126.955840143758024, 37.475574560307976 ], [ 126.955937704159169, 37.475822139380007 ], [ 126.9561315671627, 37.47631408199225 ], [ 126.956174171355698, 37.476343740422621 ], [ 126.956986059741766, 37.476444329817213 ], [ 126.957731437660513, 37.476440221372535 ], [ 126.95777667473007, 37.476413117055166 ], [ 126.957950712471074, 37.475943130226071 ], [ 126.958693946073836, 37.476112006471581 ], [ 126.958690443925434, 37.475929326070897 ], [ 126.958666175656319, 37.475846920604717 ], [ 126.958638620597284, 37.475753370342026 ], [ 126.958612906025905, 37.475665871871954 ], [ 126.958612022419928, 37.475570131933779 ], [ 126.958611882747761, 37.475555391483148 ], [ 126.958652130735757, 37.475416120120315 ], [ 126.95866434939488, 37.475400212848307 ], [ 126.958707125976346, 37.475344519369997 ], [ 126.958660948170689, 37.475318156418787 ], [ 126.958612457563987, 37.475263755214456 ], [ 126.958609498000172, 37.475257608401932 ], [ 126.958565881834531, 37.475318510235894 ], [ 126.958504048796257, 37.475270328262049 ], [ 126.958451466457731, 37.47517353333442 ], [ 126.958393926987156, 37.475127858554387 ], [ 126.958406617695218, 37.475057729149306 ], [ 126.958452078936276, 37.47501240727847 ], [ 126.958506809642017, 37.47500966924234 ], [ 126.958574795735956, 37.475034318366156 ], [ 126.9585936707429, 37.47506199501094 ], [ 126.958649045137108, 37.475056582967326 ], [ 126.958758310384525, 37.475076031048978 ], [ 126.95883569751696, 37.475069642085082 ], [ 126.958894110838386, 37.47508989157582 ], [ 126.958919187585721, 37.474909069410693 ], [ 126.959291051308611, 37.474555711633045 ], [ 126.959343870445977, 37.474509870363448 ], [ 126.959610433609953, 37.474224977161214 ], [ 126.959805496098653, 37.474046855777686 ], [ 126.959838966698314, 37.474016296566134 ], [ 126.95994864371275, 37.473918764714483 ], [ 126.959956076062269, 37.473911767438693 ], [ 126.959975428176293, 37.473894844402437 ], [ 126.960019501043476, 37.473863126571949 ], [ 126.96006553333757, 37.473830828265434 ], [ 126.960169272667656, 37.473739053332316 ], [ 126.960189831308597, 37.473725536472848 ], [ 126.960211048066611, 37.473711694577844 ], [ 126.960266730321692, 37.473658330516692 ], [ 126.960524614464333, 37.473440665907553 ], [ 126.960598291338954, 37.47341431909053 ], [ 126.960704711824164, 37.473377081406532 ], [ 126.960788496934185, 37.473347376319701 ], [ 126.960894330717963, 37.473309751732081 ], [ 126.960890036623397, 37.47330443433939 ], [ 126.960917965826752, 37.473292910201074 ], [ 126.960980722797942, 37.473267072063386 ], [ 126.961116977540811, 37.473210807849775 ], [ 126.961253455964325, 37.473154451652363 ], [ 126.961334755911892, 37.473120331317418 ], [ 126.961486508844544, 37.473058032522914 ], [ 126.961981086947745, 37.472855111176763 ], [ 126.962019984861229, 37.472837104126448 ], [ 126.961951120443956, 37.472721743711681 ], [ 126.961923280250573, 37.472691668821888 ], [ 126.961873752504246, 37.47263265364694 ], [ 126.961982501695502, 37.472529993766543 ], [ 126.962035833338319, 37.472475402710089 ], [ 126.962246971513068, 37.472473453912968 ], [ 126.962410403526945, 37.472471941264828 ], [ 126.962556067815115, 37.472470600932766 ], [ 126.962719522426866, 37.472469086963542 ], [ 126.962866936688187, 37.472467720693686 ], [ 126.963024242618658, 37.472466268263041 ], [ 126.963108814762379, 37.472465484877439 ], [ 126.963169647363799, 37.47245954810257 ], [ 126.963348414760759, 37.472448001058723 ], [ 126.963501957839782, 37.472445483593297 ], [ 126.963898040330307, 37.472287082477735 ], [ 126.964102888286206, 37.472205165249584 ], [ 126.964143923633799, 37.472183752383373 ], [ 126.964349581589218, 37.472108674495814 ], [ 126.964356790111225, 37.47209134146523 ], [ 126.964390728131448, 37.47209075747012 ], [ 126.964465556722644, 37.472061730816058 ], [ 126.964523696398516, 37.47203917079603 ], [ 126.964543823674703, 37.472031337467747 ], [ 126.96443655163057, 37.471509343785698 ], [ 126.964375968191973, 37.471214489515262 ], [ 126.9643060949806, 37.470874464985151 ], [ 126.964291320589211, 37.470802652180438 ], [ 126.964220544880192, 37.470458156513672 ], [ 126.964164340890107, 37.470184612192043 ], [ 126.964155882023775, 37.470145596075824 ], [ 126.964064901387346, 37.469766498963793 ], [ 126.964020962522497, 37.469583417365875 ], [ 126.964177629871799, 37.469374073781275 ], [ 126.964183835391353, 37.469372838664121 ], [ 126.964183839225598, 37.469365127878163 ], [ 126.964294715308355, 37.469220322948168 ], [ 126.964640385005595, 37.469151560415256 ], [ 126.964628227816277, 37.469148240928426 ], [ 126.964741395537118, 37.469122779603012 ], [ 126.964795331230619, 37.469092972259403 ], [ 126.964825283293393, 37.469101361795644 ], [ 126.964877613044166, 37.469119308900773 ], [ 126.964929602552715, 37.469139596684258 ], [ 126.965057648974025, 37.469202165895801 ], [ 126.965059465219454, 37.469186579096643 ], [ 126.965135966911532, 37.469013249607634 ], [ 126.965222027536583, 37.468939483885165 ], [ 126.965221274750206, 37.468857492336873 ], [ 126.965225543635796, 37.46878878672527 ], [ 126.965378085341513, 37.468734999411723 ], [ 126.965432649755542, 37.468760099121312 ], [ 126.965506304263528, 37.468696510739591 ], [ 126.965629027269443, 37.468591194629596 ], [ 126.965749139179778, 37.468487200273159 ], [ 126.965869946120179, 37.468387629929865 ], [ 126.965984912432504, 37.468286968392107 ], [ 126.966097107751978, 37.46818882061126 ], [ 126.966273284917506, 37.468107485626319 ], [ 126.966416334135786, 37.468045304889941 ], [ 126.966474088944409, 37.468040177298732 ], [ 126.966590694196768, 37.468056016321299 ], [ 126.966626933330019, 37.468057180310183 ], [ 126.966762664342085, 37.468050254644417 ], [ 126.966794171514167, 37.467897607761543 ], [ 126.966825732439403, 37.467750671443234 ], [ 126.966953732661665, 37.467789110624459 ], [ 126.96711492918368, 37.467835720625814 ], [ 126.96731992105515, 37.467899824360487 ], [ 126.96746983860838, 37.46794452138603 ], [ 126.967244675253212, 37.468284782486606 ], [ 126.967222567993076, 37.468324050819589 ], [ 126.96641692461688, 37.468980195355975 ], [ 126.966550288713364, 37.469034754610576 ], [ 126.966696537225332, 37.469094876702506 ], [ 126.966817423051424, 37.469144431408253 ], [ 126.966959277531259, 37.469200740639209 ], [ 126.967096419579065, 37.469256850106156 ], [ 126.967241154633115, 37.469313530149122 ], [ 126.967372257796995, 37.469368403168701 ], [ 126.967512790212425, 37.469425386202808 ], [ 126.967641645212282, 37.469478060728377 ], [ 126.967648386239489, 37.469469898668635 ], [ 126.967711768042221, 37.469377239605102 ], [ 126.967772853556824, 37.469280084744305 ], [ 126.96783439373695, 37.469179532295882 ], [ 126.967856294049241, 37.469145335543651 ], [ 126.967891520828672, 37.469086015395156 ], [ 126.967955432252012, 37.468990652433973 ], [ 126.968076394301605, 37.468796961962518 ], [ 126.968299005370085, 37.468443579977226 ], [ 126.96834780381127, 37.468370035751938 ], [ 126.968592028119502, 37.467985311534065 ], [ 126.968711367939193, 37.468032755532462 ], [ 126.969319294797742, 37.46827926611801 ], [ 126.969356832225785, 37.468234550520421 ], [ 126.969943003381616, 37.468481430388969 ], [ 126.969996226243268, 37.468503754345441 ], [ 126.969902698067585, 37.468654368145941 ], [ 126.969886570050633, 37.468649929992075 ], [ 126.969875608354371, 37.468719826911645 ], [ 126.969903853488177, 37.468731899808688 ], [ 126.969922014247885, 37.468797559890596 ], [ 126.969908490721053, 37.468862834879516 ], [ 126.969910374900323, 37.468868745065414 ], [ 126.969912673625075, 37.468993570703994 ], [ 126.969898916816121, 37.469126835348916 ], [ 126.969846991142816, 37.469383507414953 ], [ 126.969853156257159, 37.469397447589849 ], [ 126.969915428654943, 37.469538291090949 ], [ 126.969933215977449, 37.469578506726542 ], [ 126.970052831737121, 37.469622950892571 ], [ 126.970074610477724, 37.469631308990287 ], [ 126.970205785986067, 37.469681645935204 ], [ 126.970411912282017, 37.46975737654185 ], [ 126.970431384422028, 37.469799945064224 ], [ 126.970428705491329, 37.469824048902382 ], [ 126.970497129561295, 37.469853817111904 ], [ 126.970465992394907, 37.470106550280718 ], [ 126.970392006378702, 37.47044757407717 ], [ 126.970397033253548, 37.470483507410918 ], [ 126.970298647239801, 37.470685252127467 ], [ 126.970262859568351, 37.470758655509492 ], [ 126.970078699943443, 37.470917311167774 ], [ 126.970668656232732, 37.471173242516379 ], [ 126.970671857570366, 37.471330325140016 ], [ 126.970678794902284, 37.471672229695564 ], [ 126.970683615546861, 37.471910805750241 ], [ 126.970686233239036, 37.472033045513847 ], [ 126.970686787996399, 37.472058553053955 ], [ 126.970692446972336, 37.472152493103579 ], [ 126.970698439651414, 37.472149564604777 ], [ 126.970879842423173, 37.472127213738666 ], [ 126.970892883607661, 37.472226687849606 ], [ 126.970928663854252, 37.472496322254266 ], [ 126.97093343223645, 37.472532274406881 ], [ 126.970960525977119, 37.472738548015286 ], [ 126.971067886633293, 37.472876752630079 ], [ 126.971095285899651, 37.472913349413766 ], [ 126.971245517386606, 37.473104230310568 ], [ 126.971236507679492, 37.473131681559245 ], [ 126.97117907543776, 37.473297612630844 ], [ 126.971149806097131, 37.473381361434164 ], [ 126.971090778551343, 37.473449184554589 ], [ 126.970986078126245, 37.473572430951251 ], [ 126.970871054249528, 37.473708219237267 ], [ 126.970762836787529, 37.473835402801392 ], [ 126.97064950674023, 37.473965632119494 ], [ 126.970528506308298, 37.474108516600715 ], [ 126.970592995794519, 37.474127004950255 ], [ 126.970646727506008, 37.474318662268821 ], [ 126.970673696588477, 37.474415262201838 ], [ 126.970676405979049, 37.474424542335264 ], [ 126.97068679130885, 37.474461756454438 ], [ 126.97068938648502, 37.47447112665796 ], [ 126.970692096861299, 37.474480768994226 ], [ 126.970679503865568, 37.47458338990873 ], [ 126.970665552231623, 37.474696371094403 ], [ 126.970661129649926, 37.474732229843404 ], [ 126.970645364998063, 37.474860798796129 ], [ 126.970617082827388, 37.474902597924014 ], [ 126.970594345647569, 37.474936470574292 ], [ 126.970588577692155, 37.474944937588006 ], [ 126.970522176171343, 37.475043310571515 ], [ 126.970490275123211, 37.475090513832797 ], [ 126.970425004492455, 37.47518735445081 ], [ 126.970461066897329, 37.475192409547667 ], [ 126.970608138716543, 37.475208938254937 ], [ 126.970621930533795, 37.475210021262491 ], [ 126.970779398988896, 37.475242229017155 ], [ 126.970935721865757, 37.475278444825562 ], [ 126.971090915244687, 37.47531810196579 ], [ 126.971355110815338, 37.475388771348555 ], [ 126.971387605602246, 37.475238592429648 ], [ 126.971414038311366, 37.475116963823588 ], [ 126.971449342864915, 37.474953783228322 ], [ 126.971485643866686, 37.474786214087501 ], [ 126.971506166487657, 37.474691582492603 ], [ 126.97166460966875, 37.474627625308912 ], [ 126.971788905764612, 37.474577821286196 ], [ 126.971821670095508, 37.474511922082215 ], [ 126.971831230465824, 37.474492651136693 ], [ 126.971676849918609, 37.474322639005088 ], [ 126.971662974546959, 37.474304614546234 ], [ 126.971589971200302, 37.474149146088259 ], [ 126.971571154233359, 37.4741090656225 ], [ 126.971571088479266, 37.474101028661735 ], [ 126.971570554394916, 37.473912393696686 ], [ 126.971579297871088, 37.473730384347519 ], [ 126.971799204120146, 37.473665388353837 ], [ 126.97192684903068, 37.473544577891303 ], [ 126.972058442765999, 37.473419748899218 ], [ 126.972148032079389, 37.473334608411804 ], [ 126.972152872016295, 37.47327596424163 ], [ 126.972158868496834, 37.473202696180849 ], [ 126.972195657547076, 37.472775018171127 ], [ 126.972198507588189, 37.472742898124494 ], [ 126.972193568811804, 37.472739301897533 ], [ 126.971993746030833, 37.472592227390045 ], [ 126.971728580357848, 37.472397092808578 ], [ 126.971673993927652, 37.472361399319084 ], [ 126.971654894641318, 37.472347158647487 ], [ 126.971487546092632, 37.472218444006032 ], [ 126.971687864601293, 37.472159902513447 ], [ 126.971788578837049, 37.472131959857606 ], [ 126.971957204041274, 37.472091204740082 ], [ 126.971965141817975, 37.472089243439726 ], [ 126.971725426601125, 37.471801078522489 ], [ 126.972020326902864, 37.471461420274089 ], [ 126.972315217749255, 37.471121770277193 ], [ 126.972336705951832, 37.471097025028065 ], [ 126.972402117917383, 37.471083679284298 ], [ 126.972445938801698, 37.471074734100547 ], [ 126.972524815458698, 37.471058643540573 ], [ 126.97306120613969, 37.470949191203268 ], [ 126.973763107524746, 37.470805973377836 ], [ 126.973777444125119, 37.470863370648246 ], [ 126.973847836003486, 37.471078033139527 ], [ 126.974132251043031, 37.471315811049294 ], [ 126.97425369080463, 37.471416715437542 ], [ 126.974285945444322, 37.471443491676794 ], [ 126.974440976860393, 37.471664400098803 ], [ 126.974480063709308, 37.471711305356862 ], [ 126.974522830319714, 37.471764329253041 ], [ 126.974703082293402, 37.471831107585409 ], [ 126.975047645682523, 37.471967047511995 ], [ 126.975051496552382, 37.471968814340414 ], [ 126.97512856257886, 37.471997771791372 ], [ 126.975132350291531, 37.471995908461828 ], [ 126.975192686931734, 37.472049765858308 ], [ 126.97521648284976, 37.472050870380173 ], [ 126.975358253837911, 37.472056207853051 ], [ 126.975367202267918, 37.472131822006823 ], [ 126.975475909697394, 37.472126864365293 ], [ 126.975520985065955, 37.472148966883147 ], [ 126.975560053596354, 37.472218838342755 ], [ 126.975554713586106, 37.472260401339 ], [ 126.975533405825942, 37.472288498038331 ], [ 126.975546660367613, 37.472305449719045 ], [ 126.975551330118378, 37.472335499194699 ], [ 126.975712968538602, 37.472426382728877 ], [ 126.975848020239837, 37.472502636990804 ], [ 126.975873261086804, 37.472516886426327 ], [ 126.975866148937868, 37.47258737214559 ], [ 126.975913131284784, 37.472620951901533 ], [ 126.975923124548871, 37.472651174605701 ], [ 126.975969097989946, 37.47268980153892 ], [ 126.975978348652603, 37.472719760984717 ], [ 126.976035308369674, 37.472764355805715 ], [ 126.976046915320794, 37.472776656997681 ], [ 126.976153465727776, 37.472828082129944 ], [ 126.97616354399689, 37.472851329266511 ], [ 126.976234356773517, 37.472785256774856 ], [ 126.976319951214563, 37.472834631995219 ], [ 126.976383775027983, 37.472877217973313 ], [ 126.976396806532222, 37.472885914521022 ], [ 126.976647330736029, 37.473056478700073 ], [ 126.976664871897498, 37.473068268408767 ], [ 126.976864221017877, 37.473202288387405 ], [ 126.977021710263145, 37.47330813671207 ], [ 126.977178608291439, 37.473411783553381 ], [ 126.977203223663835, 37.473470615094143 ], [ 126.977205343054379, 37.473384191339896 ], [ 126.977208085669218, 37.473258339828192 ], [ 126.977215455870777, 37.473116873984765 ], [ 126.977221150848308, 37.47298534675592 ], [ 126.977225603502447, 37.472853535452579 ], [ 126.977238762097528, 37.472714233194594 ], [ 126.977251833228109, 37.472565580305293 ], [ 126.977254776963505, 37.472516665459281 ], [ 126.977262278756456, 37.472359289711392 ], [ 126.977270292433587, 37.472223491283799 ], [ 126.977276204988129, 37.47211432697187 ], [ 126.977284008736746, 37.471966815455055 ], [ 126.977286790245856, 37.471926533080214 ], [ 126.977291360657105, 37.471811096604455 ], [ 126.977286864649685, 37.471769559441206 ], [ 126.977313036921686, 37.471584264509502 ], [ 126.9773271277124, 37.471469660699931 ], [ 126.977406428033461, 37.471360889787512 ], [ 126.977409189820648, 37.471357106137752 ], [ 126.977462742209866, 37.471239247818403 ], [ 126.977527157846225, 37.471235304607113 ], [ 126.977536176355414, 37.471275013646412 ], [ 126.977541510987336, 37.471278494402938 ], [ 126.97757406412353, 37.471219970035754 ], [ 126.977637913925022, 37.471107691830646 ], [ 126.977811697526974, 37.471109987433998 ], [ 126.977984474698303, 37.4711133655872 ], [ 126.978010224499386, 37.471119397522017 ], [ 126.978137496342967, 37.471141407246101 ], [ 126.978204086609054, 37.471152800971886 ], [ 126.978285158034055, 37.471061769664701 ], [ 126.978365060832317, 37.470972929311294 ], [ 126.978383947524748, 37.470953705601481 ], [ 126.978644212105394, 37.471053533353576 ], [ 126.978961968676884, 37.471176318266046 ], [ 126.979202058176909, 37.471269466302417 ], [ 126.979527549614303, 37.471393649506965 ], [ 126.979831687824657, 37.47150985401867 ], [ 126.979850394843965, 37.471516975374435 ], [ 126.980341297620399, 37.471595879601701 ], [ 126.980747791375862, 37.471420435429884 ], [ 126.981008156275053, 37.470686297549591 ], [ 126.981828802437036, 37.470257461341077 ], [ 126.982003728430271, 37.469767398589731 ], [ 126.982818134553071, 37.469225836174566 ], [ 126.983101872082273, 37.469036244719859 ], [ 126.983492426569128, 37.468777763770021 ], [ 126.983988564371828, 37.468447457504901 ], [ 126.984148925338772, 37.468199732215659 ], [ 126.984221444722039, 37.468085432518343 ], [ 126.984317415642906, 37.467939826311884 ], [ 126.984513781189463, 37.467626711791247 ], [ 126.984612828741803, 37.467467312309594 ], [ 126.984624660395752, 37.467392873071219 ], [ 126.984648182147595, 37.467244824392388 ], [ 126.984732447859827, 37.466994653763216 ], [ 126.984776248098456, 37.466949476435666 ], [ 126.984898255932336, 37.466824974023169 ], [ 126.984998668123609, 37.466722652081906 ], [ 126.985039190055517, 37.466682040484152 ], [ 126.98507937176737, 37.466646275324713 ], [ 126.985363254679228, 37.466765175796603 ], [ 126.984726709344613, 37.466214013275888 ], [ 126.984513416632765, 37.466221507967518 ], [ 126.984254365695691, 37.466231066106651 ], [ 126.983954236597754, 37.466241248283666 ], [ 126.983592764114107, 37.466383704905965 ], [ 126.983392384672555, 37.466464485387284 ], [ 126.983272699583836, 37.466470260427627 ], [ 126.98310466630285, 37.466478523605382 ], [ 126.982929400092829, 37.466475946330029 ], [ 126.982812958721425, 37.466474352104008 ], [ 126.982738367381245, 37.466473159960799 ], [ 126.982699140880229, 37.466477631711051 ], [ 126.982411571811141, 37.466566135335739 ], [ 126.982216302184526, 37.466682199759489 ], [ 126.981862851231057, 37.466915077133507 ], [ 126.981738958450862, 37.466996390080482 ], [ 126.981518958953131, 37.466795626525652 ], [ 126.981407261680047, 37.46669149747877 ], [ 126.981351360870704, 37.466615263026817 ], [ 126.981220380705864, 37.466432412501248 ], [ 126.981205566546478, 37.466409237036906 ], [ 126.980896091981961, 37.466199376574409 ], [ 126.980543288413543, 37.465961494498572 ], [ 126.980469161323299, 37.465911015186997 ], [ 126.980037368976255, 37.465760469834763 ], [ 126.979922510984437, 37.465720652458586 ], [ 126.979722832420379, 37.465563984366305 ], [ 126.979574005521116, 37.465449195943968 ], [ 126.979477839998296, 37.465359249736835 ], [ 126.979226574651506, 37.465118966996044 ], [ 126.979170593681658, 37.465061382262547 ], [ 126.979003846362531, 37.464857508345538 ], [ 126.978950175900735, 37.464789659705964 ], [ 126.978795600241725, 37.464750348111302 ], [ 126.978730856419872, 37.464587847654329 ], [ 126.978565341328206, 37.464505490875617 ], [ 126.978436704037392, 37.464442377511062 ], [ 126.978261904673317, 37.464415484311125 ], [ 126.977634245995858, 37.4641906757222 ], [ 126.977122510278178, 37.463965392223059 ], [ 126.976999220730804, 37.463905089525397 ], [ 126.976816823529219, 37.463848207186828 ], [ 126.976399083751588, 37.463609163793379 ], [ 126.976162944532604, 37.463479062406762 ], [ 126.976023545140421, 37.462994734456416 ], [ 126.97596915055135, 37.462854433618361 ], [ 126.976001187604055, 37.462780701434276 ], [ 126.976074747557178, 37.462615500103496 ], [ 126.976145658500783, 37.462534957437036 ], [ 126.976299996652898, 37.462354995896575 ], [ 126.976316420456712, 37.462256546635139 ], [ 126.976370695609944, 37.462193822150233 ], [ 126.976459586702759, 37.462113893994697 ], [ 126.976613740478754, 37.461977181113021 ], [ 126.976690353569012, 37.461907595527883 ], [ 126.976761539553834, 37.461808165681269 ], [ 126.976703742695449, 37.461580876047087 ], [ 126.976706359682481, 37.461494360328565 ], [ 126.976707636138769, 37.461390682891484 ], [ 126.976723568701374, 37.461237280277231 ], [ 126.976743169580288, 37.461075339604086 ], [ 126.976763658475065, 37.460876627303648 ], [ 126.976784858513028, 37.46068387889229 ], [ 126.976765373893684, 37.460373596691845 ], [ 126.977159460220534, 37.459922337298288 ], [ 126.977160956410032, 37.45991282299493 ], [ 126.977204660129928, 37.459884289058664 ], [ 126.977276280839519, 37.459830675957384 ], [ 126.97742724287157, 37.459716478319841 ], [ 126.977643755084458, 37.459555600965977 ], [ 126.977942555530404, 37.459306389806656 ], [ 126.977979664306943, 37.45915250554814 ], [ 126.977962492645958, 37.459013775284845 ], [ 126.977936971861197, 37.458835127925362 ], [ 126.978103844133742, 37.45858598814339 ], [ 126.978104649592154, 37.45857645476795 ], [ 126.978296078503533, 37.458325283293384 ], [ 126.97840532846142, 37.458148203133 ], [ 126.978407085916331, 37.458133814424087 ], [ 126.978592487013472, 37.458002123570985 ], [ 126.978635975500453, 37.457902958355447 ], [ 126.978759995949417, 37.457798285492736 ], [ 126.978772682661045, 37.457743480687753 ], [ 126.978885013527417, 37.457646625265554 ], [ 126.978900334835558, 37.457625255452719 ], [ 126.979020778449495, 37.457425922913878 ], [ 126.979295327268446, 37.457151807945642 ], [ 126.979581588981205, 37.456900958459279 ], [ 126.979924140030221, 37.456709277678321 ], [ 126.980222378878338, 37.456652118843095 ], [ 126.980698285312656, 37.456619758418768 ], [ 126.981135428028438, 37.456615473738729 ], [ 126.981597638718839, 37.456609011235905 ], [ 126.981980008291842, 37.456651233098079 ], [ 126.982033360237097, 37.456662753441492 ], [ 126.982033525483217, 37.456662407137543 ], [ 126.982388801071053, 37.45591672990561 ], [ 126.982397662920349, 37.455891077757585 ], [ 126.981200982160018, 37.455777487764912 ], [ 126.979790220515156, 37.455647247897396 ], [ 126.978477242135213, 37.455734711251125 ], [ 126.97775677180816, 37.455199210926835 ], [ 126.976552686339147, 37.45489771962513 ], [ 126.974579301888184, 37.454412769649799 ], [ 126.974061585727995, 37.453904674286527 ], [ 126.974012304704118, 37.453855566121483 ], [ 126.97337131054833, 37.453237585594664 ], [ 126.973324177802041, 37.453164269421713 ], [ 126.973256362901836, 37.453048744266852 ], [ 126.972843208822511, 37.452382260733152 ], [ 126.971752600719853, 37.451737428501303 ], [ 126.971067345770521, 37.450469873364192 ], [ 126.970569068637332, 37.449452552771106 ], [ 126.970523041252378, 37.449774920823501 ], [ 126.970338577616516, 37.450859637109154 ], [ 126.970309417125392, 37.451034830981463 ], [ 126.970053481394118, 37.45133395035716 ], [ 126.969823084818273, 37.451593802957433 ], [ 126.96958308923405, 37.451872455600387 ], [ 126.96928766422171, 37.452219073549287 ], [ 126.969133497893083, 37.452400467901057 ], [ 126.969101284957418, 37.452433822423473 ], [ 126.968897592713489, 37.452671795054592 ], [ 126.968766865817926, 37.452826559841668 ], [ 126.968752055648423, 37.452868794896673 ], [ 126.968667800207754, 37.453149632180342 ], [ 126.968580871099732, 37.453425650966977 ], [ 126.968504673950946, 37.453680370193581 ], [ 126.96839181902574, 37.454051733212019 ], [ 126.967635494880042, 37.455828355105936 ], [ 126.966612601274164, 37.456066986095315 ], [ 126.96668207033062, 37.456613404206635 ], [ 126.966914436828276, 37.457347953979358 ], [ 126.966583792845583, 37.457957953478719 ], [ 126.967442535463562, 37.458561653252126 ], [ 126.967285704250244, 37.458654464616032 ], [ 126.966779357960135, 37.458955918408172 ], [ 126.966492935679028, 37.459132368690504 ], [ 126.966287029620162, 37.459257700357512 ], [ 126.965515247918304, 37.459725935392001 ], [ 126.965075495193844, 37.459992002512301 ], [ 126.96494249062205, 37.460069899248658 ], [ 126.964584999810398, 37.460287489767474 ], [ 126.964428905402968, 37.460379874069432 ], [ 126.963838005306869, 37.460736377833975 ], [ 126.962119532302793, 37.461766451480599 ], [ 126.961914361607242, 37.461890857590951 ], [ 126.961842688276434, 37.461910484462024 ], [ 126.96174590045068, 37.461932291381054 ], [ 126.961435241387633, 37.461918085712618 ], [ 126.96076979454358, 37.461976063055474 ], [ 126.960554926981786, 37.462130339865695 ], [ 126.9602144900051, 37.462574931064665 ], [ 126.959892987721943, 37.462827738322616 ], [ 126.959251030017924, 37.462827466339505 ], [ 126.959190659418724, 37.462915421506167 ], [ 126.959935183275434, 37.463788386870675 ], [ 126.959978270972471, 37.463849300899767 ], [ 126.960237157289029, 37.464214154154512 ], [ 126.960594498775521, 37.46472209247576 ], [ 126.960657849553456, 37.464815557530315 ], [ 126.961265877850707, 37.465390643704872 ], [ 126.961322161133211, 37.465447426112952 ], [ 126.961432417043724, 37.465551223180221 ], [ 126.962221682036486, 37.46631744069326 ], [ 126.962472118945939, 37.466462673617379 ], [ 126.962775639202732, 37.46661534228609 ], [ 126.962925227258239, 37.466672857251744 ], [ 126.963718952561052, 37.466961034041901 ], [ 126.964329069948477, 37.467161827979062 ], [ 126.964624418722849, 37.467251732599451 ], [ 126.964618058589139, 37.467386241460034 ], [ 126.964612919022301, 37.467447642357094 ], [ 126.964608114661502, 37.467606668909696 ], [ 126.96441315284261, 37.467702068299182 ], [ 126.964333620628736, 37.467742164995855 ], [ 126.964210125781705, 37.467807494792268 ], [ 126.964134954291723, 37.467852431120512 ], [ 126.964066148997148, 37.467827405584444 ], [ 126.96380973442507, 37.467745964321452 ], [ 126.963577035703594, 37.467692341397225 ], [ 126.963250364550817, 37.467619553909813 ], [ 126.962988616898102, 37.467558579038467 ], [ 126.962907599381978, 37.467582023744029 ], [ 126.963450617900136, 37.467722576270504 ], [ 126.96333986895246, 37.467840815295403 ], [ 126.963186756193053, 37.468004194277967 ], [ 126.963111124027947, 37.468084079733693 ], [ 126.963077616144446, 37.468111332307679 ], [ 126.963026292818725, 37.46816324134133 ], [ 126.962917412016381, 37.468273137276427 ], [ 126.962914257374692, 37.46827469498222 ], [ 126.962741310441814, 37.468395120560459 ], [ 126.962465615745558, 37.468479795294471 ], [ 126.96226197350326, 37.468485614984729 ], [ 126.962257327293202, 37.468486028803966 ], [ 126.962295671172285, 37.468368601129185 ], [ 126.962310702761158, 37.468330799106454 ], [ 126.962266563076284, 37.468280003893838 ], [ 126.962162171428119, 37.468171236965979 ], [ 126.961890498183323, 37.468133036436043 ], [ 126.961769134389726, 37.468115824353376 ], [ 126.961700884219567, 37.468091652680592 ], [ 126.96169968378139, 37.468051053053884 ], [ 126.961695741772019, 37.467917316660184 ], [ 126.961563076344603, 37.468045034196365 ], [ 126.961414682350537, 37.468055651817551 ], [ 126.961395163783337, 37.468068070032331 ], [ 126.961272739560215, 37.468074667901909 ], [ 126.960794104733424, 37.468121671480269 ], [ 126.960555315229243, 37.468146817056777 ], [ 126.96021494895767, 37.468189244884726 ], [ 126.96000322032026, 37.46821564218444 ], [ 126.959700338808773, 37.468256215712699 ], [ 126.959533701134021, 37.468283835461875 ], [ 126.959364213539786, 37.468311517029704 ], [ 126.959362338069994, 37.468311731700581 ], [ 126.959294924156367, 37.468323232371368 ], [ 126.959249501135801, 37.468330856644528 ], [ 126.95901229709439, 37.468366783780482 ], [ 126.9587863332289, 37.468399445663835 ], [ 126.958638124406448, 37.468422384691877 ], [ 126.958422332066249, 37.468454329667082 ], [ 126.958119110041608, 37.468500032934415 ], [ 126.958093515830285, 37.468502932873321 ], [ 126.958074037046529, 37.468506008047569 ], [ 126.958041579941352, 37.468511130029903 ], [ 126.95797625930544, 37.468520449388492 ], [ 126.957912869875756, 37.468493911285371 ], [ 126.95792478138975, 37.468615946694705 ], [ 126.957932670009654, 37.468696714656915 ], [ 126.957766094311808, 37.468750976409041 ], [ 126.957717329840563, 37.468750038421426 ], [ 126.957467628181121, 37.468735762917241 ], [ 126.957430437099646, 37.468715269239766 ], [ 126.957427850657538, 37.468790430886408 ], [ 126.957050828799197, 37.46868485420174 ], [ 126.957020344633946, 37.468681481984824 ], [ 126.95700487135835, 37.468655049725371 ], [ 126.956923982363179, 37.468632070671838 ], [ 126.956907534767197, 37.468613160510017 ], [ 126.956864720892071, 37.46862173180557 ], [ 126.956841455139198, 37.468603911074425 ], [ 126.956780101027832, 37.468559890962496 ], [ 126.956716763929123, 37.468503138886987 ], [ 126.956738923543739, 37.468400550914787 ], [ 126.956754460979653, 37.468355147123589 ], [ 126.956821437615162, 37.467937665437269 ], [ 126.95648889895709, 37.467741398824863 ], [ 126.956444876009357, 37.467716063841245 ], [ 126.956189404212424, 37.467809949820897 ], [ 126.956069327527402, 37.46774416648028 ], [ 126.955723200309762, 37.467558164823927 ], [ 126.955657065113527, 37.46749544644269 ], [ 126.955438352166681, 37.467297033338944 ], [ 126.955334032463881, 37.467251328850068 ], [ 126.955230048202949, 37.467198957873677 ], [ 126.9551600037274, 37.467163674143791 ], [ 126.954681657870822, 37.46759689534435 ], [ 126.954198337471283, 37.467947228362227 ], [ 126.95396776247425, 37.468748215353784 ], [ 126.953960913149615, 37.468780550513252 ], [ 126.953756038885473, 37.46892068114925 ], [ 126.953727515156473, 37.468943574026682 ], [ 126.953709717157096, 37.469006781229119 ], [ 126.952928521550376, 37.469245651100813 ], [ 126.952883587709991, 37.469258850337638 ], [ 126.952201737269405, 37.46946417944352 ], [ 126.95219424489359, 37.469441669252909 ], [ 126.952127302710082, 37.469301662312709 ], [ 126.95209136471631, 37.469218547745612 ], [ 126.951978830430434, 37.469032820944122 ], [ 126.951907408888118, 37.468915473129584 ], [ 126.951843954972034, 37.468835372497537 ], [ 126.951735954296538, 37.468699897223203 ], [ 126.951648168932564, 37.468593741824762 ], [ 126.95153818616707, 37.468482113288644 ], [ 126.9514255934114, 37.468369089689496 ], [ 126.951310454842982, 37.46827705647982 ], [ 126.951263397872353, 37.468242052313798 ], [ 126.951173182554243, 37.468169094799165 ], [ 126.951110759588644, 37.468119693196122 ], [ 126.950923680697684, 37.467998914817045 ], [ 126.950877194153904, 37.467971773798119 ], [ 126.950727522799468, 37.467880122554973 ], [ 126.950548532309767, 37.467783882282568 ], [ 126.950359385425813, 37.46767965354848 ], [ 126.950291971053417, 37.467642592197059 ], [ 126.950156385792582, 37.467567517589536 ], [ 126.950044857828303, 37.467505758426839 ], [ 126.94989881844819, 37.467423495266445 ], [ 126.949777640205809, 37.467357570799827 ], [ 126.9495894224235, 37.467254926098761 ], [ 126.949531560959585, 37.467217392778231 ], [ 126.949520182062486, 37.467211386186747 ], [ 126.949243100777636, 37.467061138715621 ], [ 126.949211824141869, 37.46704470949048 ], [ 126.949049310509949, 37.46695850960576 ], [ 126.94891913095762, 37.466886695802103 ], [ 126.948787130502737, 37.466813412405763 ], [ 126.948738476680148, 37.466766367301595 ], [ 126.948695943035347, 37.466730271207339 ], [ 126.948618951306244, 37.466621217116774 ], [ 126.948560336370733, 37.466593979650966 ], [ 126.948516201457807, 37.466650336573267 ], [ 126.948441019731405, 37.466680522498912 ], [ 126.948425950600395, 37.466635718723843 ], [ 126.948426528767442, 37.466615769858961 ], [ 126.948412414248082, 37.466610149362936 ], [ 126.948373926590122, 37.466623421867958 ], [ 126.948306951226357, 37.466623580942617 ], [ 126.948279885249306, 37.466598161347768 ], [ 126.948182697093671, 37.46661253178582 ], [ 126.948127338332412, 37.466632275713629 ], [ 126.947922485556319, 37.466654509864838 ], [ 126.947887717004463, 37.466667432506462 ], [ 126.947861040851024, 37.466683539355451 ], [ 126.94783274674171, 37.466698573268943 ], [ 126.947765572506952, 37.466708004176127 ], [ 126.947731994464547, 37.466700042046092 ], [ 126.947727663985248, 37.466684226558158 ], [ 126.947733049216097, 37.46663204287087 ], [ 126.947763093057844, 37.466572933573175 ], [ 126.9477960987263, 37.46651028376769 ], [ 126.947830352538674, 37.466505767284204 ], [ 126.947923422425134, 37.466307994140983 ], [ 126.947946711118831, 37.466177205973466 ], [ 126.947990368546215, 37.466096341738307 ], [ 126.947991612114166, 37.466077096859152 ], [ 126.947990365426222, 37.466051562746131 ], [ 126.948156192008582, 37.465796341889678 ], [ 126.948311867079894, 37.465733697699662 ], [ 126.948379521110724, 37.465570461721711 ], [ 126.948386644414413, 37.46545583109323 ], [ 126.948406002287655, 37.4652715565514 ], [ 126.948382675947343, 37.46515356950453 ], [ 126.948399426321828, 37.465012002273767 ], [ 126.948397693455362, 37.464863435840662 ], [ 126.948381709707448, 37.464769886414601 ], [ 126.948425754588555, 37.464665182506131 ], [ 126.948400729421692, 37.464564861575766 ], [ 126.948378162427915, 37.464495466006625 ], [ 126.948368438808103, 37.464465592447119 ], [ 126.948347556698991, 37.464329893636261 ], [ 126.948343786674357, 37.464304789965048 ], [ 126.948350025605251, 37.464209844054743 ], [ 126.948342718805151, 37.464152708094225 ], [ 126.948371924317044, 37.46404624956903 ], [ 126.948386375820803, 37.463974301873122 ], [ 126.948381244666152, 37.463923923521207 ], [ 126.948394579143468, 37.463801150574348 ], [ 126.948406665608417, 37.463700856217024 ], [ 126.948525476856076, 37.463538962146608 ], [ 126.948501960526485, 37.463480837726635 ], [ 126.948502360554983, 37.463437765397323 ], [ 126.948515033397811, 37.463404821355283 ], [ 126.948562715052205, 37.463349314736817 ], [ 126.948610732897833, 37.463267353862129 ], [ 126.948693470783127, 37.463176136254845 ], [ 126.948723979235183, 37.463142857777605 ], [ 126.94878608250815, 37.463071183579103 ], [ 126.948823910442499, 37.463015995915669 ], [ 126.948864538653041, 37.462929454536045 ], [ 126.948870751972493, 37.462803831167783 ], [ 126.94889640663466, 37.462680133791402 ], [ 126.948901096186376, 37.462585188036563 ], [ 126.948900940701023, 37.462518332539616 ], [ 126.948923888645254, 37.462403537671918 ], [ 126.948933705068711, 37.462360537999409 ], [ 126.948959611839285, 37.462231561726981 ], [ 126.949010917872457, 37.46208638676125 ], [ 126.949022376909568, 37.462055811759569 ], [ 126.949085041444263, 37.462007446625712 ], [ 126.949166405144197, 37.461922742319963 ], [ 126.94912641969988, 37.46180048622081 ], [ 126.949127145806273, 37.461735036673005 ], [ 126.949142549906739, 37.461687705623149 ], [ 126.949212984231735, 37.461453709891906 ], [ 126.949187896630505, 37.461331081974038 ], [ 126.94913796246594, 37.461100355822154 ], [ 126.949075145955348, 37.46106156674692 ], [ 126.949053411068761, 37.461044259613807 ], [ 126.949041026051759, 37.460991336310919 ], [ 126.949027304555202, 37.46096012932783 ], [ 126.949012604253483, 37.460933741382043 ], [ 126.9489902494456, 37.460883311228343 ], [ 126.948969948921956, 37.460833774878992 ], [ 126.948829757609587, 37.460723456523795 ], [ 126.948801704782383, 37.46072028058731 ], [ 126.948786911487758, 37.460702561137019 ], [ 126.948749529061303, 37.460657780737769 ], [ 126.948738080082151, 37.460627548720034 ], [ 126.948666219510258, 37.460572779670969 ], [ 126.948620761508664, 37.460505211011338 ], [ 126.948612822737161, 37.460493413306239 ], [ 126.948549911383552, 37.460461995025227 ], [ 126.948546318323181, 37.460460200415525 ], [ 126.948544983436676, 37.460461820724731 ], [ 126.948524971514729, 37.460486012740496 ], [ 126.948487915497864, 37.460507583291914 ], [ 126.948442920647565, 37.460458270027722 ], [ 126.948427617053696, 37.460441504466573 ], [ 126.948313518422282, 37.460339791894135 ], [ 126.948272656503846, 37.460294723255537 ], [ 126.948028436822497, 37.460070011414807 ], [ 126.947887475737758, 37.459939951465927 ], [ 126.947742848618489, 37.459808158848034 ], [ 126.947722181253766, 37.459851001231968 ], [ 126.947653354318859, 37.459839328902504 ], [ 126.947537268663481, 37.459705738015309 ], [ 126.947539914658122, 37.459641245297327 ], [ 126.947527643400747, 37.459557661581385 ], [ 126.947516353588057, 37.459508192157749 ], [ 126.947502776853014, 37.459368110329727 ], [ 126.947533572414784, 37.45924689509193 ], [ 126.94757046874733, 37.459100966261239 ], [ 126.947671960614116, 37.458968068362914 ], [ 126.947788182235556, 37.458971959535134 ], [ 126.947767119641696, 37.458788803580532 ], [ 126.947768315565142, 37.458637039745135 ], [ 126.947817718749334, 37.458478276286222 ], [ 126.947865238236901, 37.458424607878243 ], [ 126.947890701211435, 37.458333726045765 ], [ 126.947908624560981, 37.458193212526879 ], [ 126.947886694573398, 37.458089777106181 ], [ 126.947880847385093, 37.458014333296603 ], [ 126.947882343922728, 37.457958823051491 ], [ 126.947881828146322, 37.457813742072666 ], [ 126.947914858745932, 37.457775545429755 ], [ 126.947926680058572, 37.457632949607223 ], [ 126.947878936217947, 37.457620115656276 ], [ 126.947823155308882, 37.457589735464644 ], [ 126.947790104339276, 37.45753163264213 ], [ 126.947810904005323, 37.457498818476829 ], [ 126.947793057109905, 37.457450254295821 ], [ 126.947808309667053, 37.457426700843286 ], [ 126.947837377759328, 37.457381807950156 ], [ 126.947804491205162, 37.457234567857981 ], [ 126.947805278348184, 37.457161172330359 ], [ 126.947828763942496, 37.457146514635802 ], [ 126.947828212642321, 37.457127179714128 ], [ 126.947858332447623, 37.457098685586601 ], [ 126.947898666214144, 37.457150934263403 ], [ 126.947965016292315, 37.457159903217622 ], [ 126.948136815381986, 37.456918006964536 ], [ 126.948185403866219, 37.456854958529981 ], [ 126.948234789064458, 37.456736174246714 ], [ 126.948229498603638, 37.456611670047771 ], [ 126.948224392036309, 37.456509963165722 ], [ 126.948183915727469, 37.456579042105432 ], [ 126.948071785620996, 37.456721594465776 ], [ 126.948066383019551, 37.456707410199279 ], [ 126.948093605306667, 37.456665273478976 ], [ 126.948101171488929, 37.456628163589038 ], [ 126.948106006344801, 37.456582467685514 ], [ 126.948111045615903, 37.456552880046956 ], [ 126.948127017013562, 37.456519370765555 ], [ 126.94815314331332, 37.456478206620822 ], [ 126.948199446659331, 37.456465425132834 ], [ 126.948266474791396, 37.456346170351992 ], [ 126.948293835337324, 37.456319117375891 ], [ 126.948317840051104, 37.456319424613717 ], [ 126.948326181796034, 37.456286577712625 ], [ 126.948340828754098, 37.456287710560019 ], [ 126.948372054839453, 37.456290715041597 ], [ 126.948563421603723, 37.456181879295293 ], [ 126.948801691218634, 37.456047005287161 ], [ 126.948799831961935, 37.456021291565676 ], [ 126.948784090736538, 37.455872409616511 ], [ 126.94877175178226, 37.455756976304109 ], [ 126.94886984019324, 37.455390968541984 ], [ 126.948893172304537, 37.45530391657207 ], [ 126.948989805314724, 37.454913145697468 ], [ 126.949084730381841, 37.454802969633882 ], [ 126.949293358062164, 37.454524002539095 ], [ 126.949382456535261, 37.454142744383354 ], [ 126.949666488119547, 37.454143135121214 ], [ 126.949662900448601, 37.453962017884059 ], [ 126.949564805799071, 37.453711278969479 ], [ 126.949558724100925, 37.453402663793725 ], [ 126.949628881063902, 37.453277255681861 ], [ 126.949697894796941, 37.453040989065478 ], [ 126.949694219387439, 37.452913296000091 ], [ 126.94981144436845, 37.452514914412312 ], [ 126.949657335943144, 37.452235652177293 ], [ 126.949517957386817, 37.451916571742643 ], [ 126.949489132912561, 37.450685639617113 ], [ 126.949483615657641, 37.450672428437123 ], [ 126.949457261523023, 37.450606004564079 ], [ 126.949351065331669, 37.450501908640966 ], [ 126.949218409804345, 37.450371358184356 ], [ 126.949099794853637, 37.450254786609051 ], [ 126.948903696325175, 37.450134370993773 ], [ 126.948665873337703, 37.44998741077557 ], [ 126.94845525289648, 37.449855768586097 ], [ 126.948310489995237, 37.449767741864875 ], [ 126.948283950148166, 37.449742033213759 ], [ 126.94817815774509, 37.449631926691715 ], [ 126.948049847810125, 37.449498096302037 ], [ 126.947902633508974, 37.44934540814247 ], [ 126.947756277216101, 37.449194791599865 ], [ 126.947690236506929, 37.449126664377673 ], [ 126.947652986027535, 37.449034456426844 ], [ 126.947647699956519, 37.449013091154328 ], [ 126.947603468169333, 37.448887182361354 ], [ 126.947527626790929, 37.448681646179274 ], [ 126.947467950016701, 37.448518229479404 ], [ 126.947404734199253, 37.448346690352544 ], [ 126.947370269753321, 37.448248789214347 ], [ 126.94734385496146, 37.448199728113977 ], [ 126.947319593030173, 37.448136602380316 ], [ 126.947267806559026, 37.448032431269077 ], [ 126.947197940508261, 37.447883398814582 ], [ 126.94712372581597, 37.447726967950317 ], [ 126.947035997178233, 37.447476224237683 ], [ 126.947319946717471, 37.447315686351267 ], [ 126.948283556906489, 37.446771951286536 ], [ 126.948618456417861, 37.44658110710526 ], [ 126.94936184618706, 37.446159279678213 ], [ 126.949249134772131, 37.445830947110679 ], [ 126.949603633138238, 37.445641812573989 ], [ 126.950609726787746, 37.445400654122096 ], [ 126.95075888410274, 37.445367072859618 ], [ 126.950932852644769, 37.445323890085518 ], [ 126.9509658777026, 37.445317048450654 ], [ 126.953441318043218, 37.445311268640886 ], [ 126.954828410082783, 37.445319817478421 ], [ 126.955772822028592, 37.44488198191533 ], [ 126.956476396542627, 37.444557736339192 ], [ 126.957080390181261, 37.444284364181591 ], [ 126.957514320429951, 37.444087909604498 ], [ 126.958192398954111, 37.443782862758638 ], [ 126.958716972276434, 37.443547539546081 ], [ 126.958832751897688, 37.443494809408342 ], [ 126.959304411286396, 37.443467885486953 ], [ 126.959871502936679, 37.443436892858216 ], [ 126.960005120342245, 37.443431138269759 ], [ 126.960633228704197, 37.443556064704076 ], [ 126.961632730746388, 37.443753745695062 ], [ 126.962192131315902, 37.443865477822023 ], [ 126.963010378025629, 37.444029847657987 ], [ 126.963672101286647, 37.444162328330378 ], [ 126.964347801631021, 37.444298217301011 ], [ 126.964418789094978, 37.444312694144962 ], [ 126.964418963615245, 37.44431237580892 ], [ 126.964315881930816, 37.44383098001483 ], [ 126.964302656542372, 37.443770411940783 ], [ 126.964302661218724, 37.443770331390631 ], [ 126.964302591950315, 37.443770014153607 ], [ 126.964320474739509, 37.443462001374556 ], [ 126.964333988065974, 37.443305969149272 ], [ 126.964355614326593, 37.442968395460248 ], [ 126.964381233534752, 37.442576663434956 ], [ 126.96460978349532, 37.442087460828574 ], [ 126.96463356775493, 37.442039499524022 ], [ 126.964217815841764, 37.441670252038911 ], [ 126.964153546729435, 37.441613171828195 ], [ 126.963970757488099, 37.441450950549537 ], [ 126.963821765941773, 37.441318715391859 ], [ 126.963784017209719, 37.441286888766072 ], [ 126.963784029429533, 37.44128655733396 ], [ 126.963783952583313, 37.441286492543497 ], [ 126.963799257915426, 37.44087105172293 ], [ 126.963803070003948, 37.440786914069825 ], [ 126.963435573227613, 37.440568179179706 ], [ 126.963113646006065, 37.440376565818077 ], [ 126.962983238455351, 37.440299470089919 ], [ 126.962967275531085, 37.440292049590667 ], [ 126.96294255729272, 37.440280560885128 ], [ 126.962685213851813, 37.440280639713762 ], [ 126.962466662897185, 37.440280701970771 ], [ 126.96194908554034, 37.440278646756866 ], [ 126.961762398913038, 37.440279088687177 ], [ 126.96149956558142, 37.440299048331866 ], [ 126.960903766841483, 37.440343237799588 ], [ 126.960275718628168, 37.440385384848561 ], [ 126.960086325175993, 37.440398537309093 ], [ 126.960055575855534, 37.440400670926941 ], [ 126.960034385619551, 37.44038346415411 ], [ 126.960000288800458, 37.440355773222976 ], [ 126.959834685115311, 37.440220040281645 ], [ 126.959756254548338, 37.440155761729059 ], [ 126.959571267192928, 37.440005281976831 ], [ 126.959542230166164, 37.439978691035769 ], [ 126.959252399186497, 37.43954347391405 ], [ 126.95899853705744, 37.439126801827186 ], [ 126.958965810382836, 37.439069755341635 ], [ 126.958432234154671, 37.439016736876781 ], [ 126.958139409124712, 37.438988103875587 ], [ 126.957740440798574, 37.438947816896345 ], [ 126.957566697014755, 37.438930353963265 ], [ 126.957040380181056, 37.438853120024824 ], [ 126.956704685549127, 37.438803419783468 ], [ 126.956477944294889, 37.4387696818631 ], [ 126.956367965186061, 37.438753998410277 ], [ 126.95606284949416, 37.438737771460993 ], [ 126.955619747141938, 37.438714273156137 ], [ 126.955260136854761, 37.438696455210547 ], [ 126.955174533290716, 37.438692404088215 ], [ 126.9551085084817, 37.438692233124449 ], [ 126.954995515816293, 37.438724570942775 ], [ 126.954630522609435, 37.438856892949339 ], [ 126.954381036591229, 37.438910367673657 ], [ 126.954189370244421, 37.43895016880996 ], [ 126.95390382261472, 37.439009475625276 ], [ 126.953826391322224, 37.439018690557376 ], [ 126.953610200608921, 37.439044424231071 ], [ 126.953447256971984, 37.439067135568116 ], [ 126.953166824429005, 37.439095429985365 ], [ 126.952709850601067, 37.439151826401712 ], [ 126.952651833246236, 37.439158993378697 ], [ 126.952616699479776, 37.439163564981257 ], [ 126.952410733462202, 37.439190391810165 ], [ 126.952340185223534, 37.439144896718055 ], [ 126.952086300373821, 37.438981167772326 ], [ 126.952077973277554, 37.438978281064379 ], [ 126.952071893177418, 37.438976171063629 ], [ 126.951870739235744, 37.438836528718724 ], [ 126.951591553638366, 37.438656796081759 ], [ 126.951466916757241, 37.438576553658088 ], [ 126.951411721453027, 37.438552895932972 ], [ 126.951158016222095, 37.438444145470882 ], [ 126.951134932788264, 37.43844336977827 ], [ 126.951065375675142, 37.438539567779074 ], [ 126.9509249715545, 37.438733747096961 ], [ 126.950032434208737, 37.438621483575865 ], [ 126.949842765617177, 37.438379632414289 ], [ 126.949577657051634, 37.438294354745857 ], [ 126.949513032794471, 37.438280872481101 ], [ 126.949310342310213, 37.438261096113585 ], [ 126.949291568958017, 37.438253313022059 ], [ 126.949283887468198, 37.438250120059429 ], [ 126.949189063270481, 37.438328682072715 ], [ 126.949176415012346, 37.438332839130794 ], [ 126.949161188861325, 37.438344140040229 ], [ 126.949053320652922, 37.438425236107371 ], [ 126.948945002866211, 37.438507405876599 ], [ 126.948765568522774, 37.438645765835069 ], [ 126.948623345901879, 37.438671200812983 ], [ 126.948362916559731, 37.438712584431094 ], [ 126.948304218999596, 37.438690870759416 ], [ 126.948288863193525, 37.438690304320161 ], [ 126.948034102726112, 37.438575933401744 ], [ 126.947854172111036, 37.438492030176263 ], [ 126.947598859558326, 37.438411949533446 ], [ 126.94716546143114, 37.438272717402242 ], [ 126.947027340444322, 37.438234631274405 ], [ 126.946789125747145, 37.438167143843359 ], [ 126.946590155949252, 37.437929553920476 ], [ 126.946379853854438, 37.437769212614107 ], [ 126.94567598091102, 37.437305384665336 ], [ 126.945090357893847, 37.437088108651679 ], [ 126.944637180193652, 37.437123409218906 ], [ 126.944060131593758, 37.437198094951128 ], [ 126.943522577386986, 37.437266064913224 ], [ 126.943384811978831, 37.437282891152343 ], [ 126.943283704093204, 37.43729974340328 ], [ 126.942624052475267, 37.43740508776326 ], [ 126.941979406284901, 37.437505568751391 ], [ 126.941424141362162, 37.437404402803573 ], [ 126.941148845426525, 37.436991780956411 ], [ 126.941137593034043, 37.436975484078658 ], [ 126.941137526025386, 37.436975088461359 ], [ 126.941137525272069, 37.436975087370392 ], [ 126.941136557827974, 37.436969374759187 ], [ 126.9411024979714, 37.436918244012034 ], [ 126.940879296343027, 37.436669721737609 ], [ 126.940707986643901, 37.436478999294046 ], [ 126.940530126042432, 37.436280476791289 ], [ 126.940502320841219, 37.436137030914132 ], [ 126.940502322276544, 37.436136985566868 ], [ 126.94050225415674, 37.436136634124658 ], [ 126.940502704932655, 37.436122391569221 ], [ 126.94048042608101, 37.436007860953524 ], [ 126.940471725455993, 37.435981690274659 ], [ 126.940426471240826, 37.43580193372938 ], [ 126.940352340241375, 37.435769000479048 ], [ 126.940219960993119, 37.435712321549467 ], [ 126.939558136359082, 37.435955708331143 ], [ 126.939363968957508, 37.436025858033844 ], [ 126.938621618194759, 37.436028536943958 ], [ 126.938615075616397, 37.436096433457941 ], [ 126.938574589149184, 37.436420451469239 ], [ 126.938545594963074, 37.436449007003503 ], [ 126.938374853477725, 37.436609107105426 ], [ 126.938326104309326, 37.436652706979807 ], [ 126.938282917254384, 37.436721070418876 ], [ 126.938165169751429, 37.436905290605871 ], [ 126.938145510642343, 37.436942032197102 ], [ 126.938012206291177, 37.437189440602992 ], [ 126.937988959105226, 37.437209231372655 ], [ 126.937746558226792, 37.437385775374118 ], [ 126.937750815868966, 37.437391196719574 ], [ 126.937750782941905, 37.437391466584707 ], [ 126.937750883935081, 37.437391595201767 ], [ 126.937741415838261, 37.437469183119454 ], [ 126.937744266915431, 37.437879107336997 ], [ 126.937725469552745, 37.437926436162556 ], [ 126.937666851682934, 37.438066656341945 ], [ 126.937655586876517, 37.438093598508651 ], [ 126.93764503320007, 37.438120074336183 ], [ 126.93756257393089, 37.43832684715084 ], [ 126.937470195153125, 37.438423854626897 ], [ 126.93727272603239, 37.438632294796321 ], [ 126.937265098412311, 37.438792669176145 ], [ 126.937257774143049, 37.438927285699904 ], [ 126.937248596841286, 37.439167451591175 ], [ 126.937247164591341, 37.439212643255452 ], [ 126.937402129998461, 37.439373919826195 ], [ 126.937638836711457, 37.439626825761621 ], [ 126.937693558204273, 37.43968397922341 ], [ 126.937713787926853, 37.439720255713887 ], [ 126.93775783572687, 37.439865350767718 ], [ 126.937843372797431, 37.44013508655857 ], [ 126.937864078143633, 37.440197060021426 ], [ 126.93786403408663, 37.440197118340109 ], [ 126.937864147345323, 37.440197457336346 ], [ 126.937745805427767, 37.440354105836242 ], [ 126.937542699918737, 37.440619855545989 ], [ 126.937372818353907, 37.440843133206698 ], [ 126.937353618137735, 37.440871459478267 ], [ 126.937194224148357, 37.441041868732377 ], [ 126.936948893242658, 37.441298587932913 ], [ 126.936812132910603, 37.441438411702585 ], [ 126.936771940303942, 37.441542717363546 ], [ 126.936735180924842, 37.441634790108822 ], [ 126.936688176250769, 37.441696049972713 ], [ 126.936646977224925, 37.441745835068275 ], [ 126.936306650878933, 37.441904972077062 ], [ 126.936201991466376, 37.441954335458192 ], [ 126.9360414208832, 37.442093452286244 ], [ 126.935985700943405, 37.442141445108852 ], [ 126.935840854971673, 37.442156330456129 ], [ 126.935643103512518, 37.442178050931126 ], [ 126.935577415392231, 37.442282693354215 ], [ 126.935486291632742, 37.442425751302572 ], [ 126.935440812214864, 37.442497165867202 ], [ 126.935254937481858, 37.442659765738611 ], [ 126.935113330046619, 37.442921582089156 ], [ 126.935083847610073, 37.442972741840187 ], [ 126.935031537356124, 37.443063570911342 ], [ 126.934895348804289, 37.443212331633568 ], [ 126.934887899738186, 37.44321603958516 ], [ 126.934741204867294, 37.443208190124693 ], [ 126.934584964459546, 37.4431980185878 ], [ 126.934563970819482, 37.443196656088865 ], [ 126.934474765696933, 37.443245286052921 ], [ 126.934450944328617, 37.443258274075419 ], [ 126.934390754820555, 37.443290568052845 ], [ 126.934051321600748, 37.443472648584624 ], [ 126.934027261957283, 37.4434852940024 ], [ 126.933818394831533, 37.443638726023927 ], [ 126.933407645704236, 37.443941154610158 ], [ 126.933218509340179, 37.444079170781976 ], [ 126.93300172993564, 37.444206330611216 ], [ 126.932651567703786, 37.444411404485123 ], [ 126.932215618445653, 37.444666088757842 ], [ 126.932159447480075, 37.444699716535787 ], [ 126.932135882992398, 37.444713831398687 ], [ 126.932119521846488, 37.444725083481615 ], [ 126.931838987734039, 37.444918041200935 ], [ 126.931749535044801, 37.444976049330577 ], [ 126.931489564376605, 37.445073907146856 ], [ 126.931325704598748, 37.445135609128073 ], [ 126.930862485016718, 37.445334960262059 ], [ 126.930554088858813, 37.445468512884801 ], [ 126.930546763346953, 37.445484519380109 ], [ 126.930517478262701, 37.445548499415125 ], [ 126.930393978827169, 37.445818420900451 ], [ 126.93035296012313, 37.445909659199323 ], [ 126.930326437942924, 37.445968650168574 ], [ 126.930312016428715, 37.446028964792227 ], [ 126.930285048751898, 37.446141781631248 ], [ 126.930281433690467, 37.446152456383672 ], [ 126.93024029366687, 37.4462294847864 ], [ 126.930163211422467, 37.446377957323406 ], [ 126.930210189985274, 37.446477658606142 ], [ 126.930277689425239, 37.446620995437357 ], [ 126.930277636953008, 37.446621134650123 ], [ 126.930277758211147, 37.446621392166968 ], [ 126.930265612037928, 37.446653613857826 ], [ 126.930278521661748, 37.446732756160856 ], [ 126.930289419735658, 37.446823845499608 ], [ 126.930324392440269, 37.447089889701047 ], [ 126.93036446057242, 37.447393363862638 ], [ 126.930365659877481, 37.447523153689225 ], [ 126.930368037593624, 37.447697401690021 ], [ 126.930303656000419, 37.447901133666939 ], [ 126.930245719466214, 37.448116337499066 ], [ 126.930174004684616, 37.448365666709471 ], [ 126.930166074004745, 37.448384258696493 ], [ 126.930047091128714, 37.448543917242233 ], [ 126.929909534633552, 37.448735261819436 ], [ 126.929785838715006, 37.448881221038356 ], [ 126.929436462211157, 37.449294418157272 ], [ 126.929286048409594, 37.449471991270222 ], [ 126.928991641409809, 37.449633757867097 ], [ 126.928975719160249, 37.449678104635993 ], [ 126.928955061343544, 37.449735639227278 ], [ 126.928910534056484, 37.449865626187147 ], [ 126.928716863033699, 37.449994287884621 ], [ 126.928397795652359, 37.450213012592684 ], [ 126.92840717788998, 37.450242674537819 ], [ 126.928493675307323, 37.450490243438352 ], [ 126.928509930726733, 37.450544286824154 ], [ 126.928509906274954, 37.450544377253671 ], [ 126.928509998560969, 37.450544684087184 ], [ 126.928503431435075, 37.450568972057468 ], [ 126.92846564319342, 37.450740653447653 ], [ 126.92845210312305, 37.450811338018319 ], [ 126.928410812289329, 37.450900583270503 ], [ 126.92836602803051, 37.451011919914933 ], [ 126.928289392814278, 37.451024487447768 ], [ 126.928082404410958, 37.451060804725799 ], [ 126.927868925464551, 37.451099316051831 ], [ 126.927810471084484, 37.451090865119333 ], [ 126.927344292796107, 37.451013445576464 ], [ 126.927290275663594, 37.451008266922088 ], [ 126.927259764626612, 37.451041838164905 ], [ 126.927100627666164, 37.451235291299646 ], [ 126.926895560874968, 37.451486272389801 ], [ 126.926713863639137, 37.451702849477279 ], [ 126.926658653638299, 37.451773759732767 ], [ 126.926629141416257, 37.451822855773152 ], [ 126.926521054739794, 37.452000924222794 ], [ 126.926497346225631, 37.452055185773411 ], [ 126.92636579999278, 37.452333828377995 ], [ 126.926275865882758, 37.452509656514017 ], [ 126.926263153376141, 37.452540455612279 ], [ 126.926223800483953, 37.452564441454612 ], [ 126.925655111025975, 37.452930741227775 ], [ 126.925587074087147, 37.452954457061843 ], [ 126.925423649404237, 37.453010043129268 ], [ 126.925362536284268, 37.452993145951631 ], [ 126.924809358993159, 37.452849285051855 ], [ 126.924779312882748, 37.452844112696425 ], [ 126.924755686679205, 37.452871631190348 ], [ 126.924620458570274, 37.453027489366789 ], [ 126.92459444452227, 37.45305908963207 ], [ 126.924489049421069, 37.453163988160966 ], [ 126.924280347447421, 37.45336557362851 ], [ 126.924247503447319, 37.453399356993934 ], [ 126.924183506974373, 37.453680167615175 ], [ 126.924092221780171, 37.453745791164053 ], [ 126.923959212757993, 37.453841364628325 ], [ 126.923821309806215, 37.453936798672373 ], [ 126.923711142956151, 37.453998065762313 ], [ 126.923308298562077, 37.454224215380592 ], [ 126.923082993175996, 37.454528920402055 ], [ 126.922943784957894, 37.45485967535123 ], [ 126.922823063278543, 37.455156133943262 ], [ 126.922795844351981, 37.455255397602691 ], [ 126.92265319125174, 37.455770946966631 ], [ 126.922601779006214, 37.455972854968024 ], [ 126.922509874592407, 37.456332016254741 ], [ 126.922186911131803, 37.456623609379065 ], [ 126.921643295640422, 37.456704759894251 ], [ 126.921051041759313, 37.456800477394133 ], [ 126.920874476276651, 37.456829973093171 ], [ 126.920548437514739, 37.456809558659664 ], [ 126.920219696148834, 37.456791591300792 ], [ 126.919634753331835, 37.45675894052804 ], [ 126.919140973082264, 37.456897747738729 ], [ 126.91833401484935, 37.456909310983939 ], [ 126.918300434237224, 37.456918603737904 ], [ 126.918180467560092, 37.456954126931862 ], [ 126.918100451267918, 37.456970360657358 ], [ 126.918044643775843, 37.45698738539199 ], [ 126.917919721016787, 37.457024716741621 ], [ 126.91782160481705, 37.457056272581049 ], [ 126.917787622477491, 37.457061835644488 ], [ 126.91770451475611, 37.457074038517682 ], [ 126.917580899765326, 37.457094836091677 ], [ 126.917481203844943, 37.457111722163496 ], [ 126.917472852563861, 37.457121763332864 ], [ 126.917429323208069, 37.457175621484751 ], [ 126.917383499875967, 37.457220980608454 ], [ 126.917289580443025, 37.457337620898848 ], [ 126.917277649306087, 37.457342910305222 ], [ 126.917142628208666, 37.457405181561036 ], [ 126.917085525295334, 37.457427901070226 ], [ 126.917046771786701, 37.457445684446824 ], [ 126.916957051710497, 37.457486887220831 ], [ 126.916916416533184, 37.457509463455878 ], [ 126.916827259543581, 37.457481172918492 ], [ 126.916671043804627, 37.457435055561781 ], [ 126.916629605650044, 37.45742802409697 ], [ 126.916465998151935, 37.457384071680863 ], [ 126.915851885034172, 37.457406145178851 ], [ 126.915577180674475, 37.457403676120052 ], [ 126.914981411352812, 37.457312646261386 ], [ 126.914660128760659, 37.45742855734526 ], [ 126.914609826484053, 37.457443820333864 ], [ 126.914576910138621, 37.457456689506934 ], [ 126.914448985754603, 37.457560820891871 ], [ 126.914392294423465, 37.457606947511337 ], [ 126.914313743591364, 37.457672906215237 ], [ 126.914288995996955, 37.457688186116592 ], [ 126.914167671008244, 37.45778981096214 ], [ 126.914114960351725, 37.457833759055468 ], [ 126.914029973628899, 37.457905326970128 ], [ 126.914027725567308, 37.457990703631751 ], [ 126.914027103903919, 37.458116860977917 ], [ 126.91402569910575, 37.458121618144865 ], [ 126.914022643945344, 37.458173108312906 ], [ 126.914025304594503, 37.458236153594427 ], [ 126.914023486839, 37.458380007587301 ], [ 126.914021805273634, 37.458415991754393 ], [ 126.914024059531314, 37.458428503154636 ], [ 126.914024637122409, 37.4584317062954 ], [ 126.914025086986314, 37.458457146571114 ], [ 126.914078057187382, 37.45855004410366 ], [ 126.914150382722212, 37.458686032200532 ], [ 126.914194238874956, 37.458762172494907 ], [ 126.914278337041893, 37.458912342012923 ], [ 126.914278291509049, 37.458912532200365 ], [ 126.914278409582451, 37.458912743035611 ], [ 126.91427665935359, 37.458920048892459 ], [ 126.914254309531572, 37.458973471887013 ], [ 126.914238182116705, 37.459000371188829 ], [ 126.914178216891571, 37.459141244935395 ], [ 126.914110178901964, 37.45930068058329 ], [ 126.914092961820032, 37.459344053027991 ], [ 126.914039628259403, 37.459469896390175 ], [ 126.914050829527113, 37.459491141538777 ], [ 126.91418578219924, 37.459765317971495 ], [ 126.914227955696774, 37.459850494073649 ], [ 126.914227993982507, 37.459850828990511 ], [ 126.914228027115541, 37.459850895907515 ], [ 126.91422888366597, 37.459858387988795 ], [ 126.914266269502718, 37.459930693764278 ], [ 126.914266252260617, 37.459930922318648 ], [ 126.914266340920562, 37.459931093788356 ], [ 126.914263529542666, 37.459968376184996 ], [ 126.91425188577108, 37.460162571021037 ], [ 126.914230030697269, 37.460495036376976 ], [ 126.914214549929198, 37.460710180317058 ], [ 126.914214235535894, 37.460714592452533 ], [ 126.914214231577148, 37.460714604600653 ], [ 126.914214182284596, 37.460715289641605 ], [ 126.914211923814761, 37.460722216697889 ], [ 126.914206438674455, 37.460784259932211 ], [ 126.914200056633675, 37.460884160048735 ], [ 126.914192363172461, 37.460997482717026 ], [ 126.914205811050437, 37.46102895573118 ], [ 126.914282568915212, 37.46120478037512 ], [ 126.914330175910564, 37.461313026145987 ], [ 126.914369784069422, 37.461403591329606 ], [ 126.914381546208347, 37.461430290804692 ], [ 126.914385014541551, 37.461448321558635 ], [ 126.914391937353059, 37.461483664054306 ], [ 126.914407636173138, 37.461573317452832 ], [ 126.914406057186767, 37.461579117856168 ], [ 126.914412020416776, 37.461613461329776 ], [ 126.914401665458485, 37.461624354949308 ], [ 126.914261367322894, 37.461740022898034 ], [ 126.914260368576663, 37.461740852636773 ], [ 126.914258608787776, 37.461742312161604 ], [ 126.914048294791513, 37.461917477179021 ], [ 126.913965406764419, 37.461986244424693 ], [ 126.913951819489952, 37.461998649296703 ], [ 126.913947649741417, 37.462015144496945 ], [ 126.913892528202055, 37.462230734689641 ], [ 126.913840071770863, 37.462442341683982 ], [ 126.913834435598432, 37.462449454535026 ], [ 126.913825264192653, 37.462490092932057 ], [ 126.913818934063926, 37.462511667286151 ], [ 126.913773169755842, 37.46269339379807 ], [ 126.913733977440529, 37.462850525952376 ], [ 126.913710799498986, 37.462865528473785 ], [ 126.913594995021455, 37.46293520622978 ], [ 126.91347312623185, 37.463009602417486 ], [ 126.913347598417971, 37.463084878732786 ], [ 126.913314433145686, 37.463105296868264 ], [ 126.913298516639031, 37.463116151999181 ], [ 126.913269765731485, 37.463160234686292 ], [ 126.913174340667666, 37.463307414495425 ], [ 126.91316717521353, 37.463315328063999 ], [ 126.91304445804974, 37.463503536202666 ], [ 126.912968755760957, 37.463621646189146 ], [ 126.91296390134903, 37.463648151892883 ], [ 126.912925652654081, 37.463867797018807 ], [ 126.91290198421062, 37.464009731553041 ], [ 126.912908581127965, 37.464050802972515 ], [ 126.912947911077012, 37.464240127047354 ], [ 126.912960258605011, 37.464255795750475 ], [ 126.912983010848848, 37.464285969402141 ], [ 126.913011858887899, 37.464323022275209 ], [ 126.913214557763069, 37.464588204229017 ], [ 126.91323677765152, 37.464619476657312 ], [ 126.913301820076626, 37.464733340047253 ], [ 126.913337723837188, 37.464797590403982 ], [ 126.913440435973342, 37.464973903367593 ], [ 126.913656141253242, 37.465351620603457 ], [ 126.913669305115448, 37.465374402948228 ], [ 126.913724224251197, 37.465468273114226 ], [ 126.913723501661465, 37.465468199301242 ], [ 126.91372392769992, 37.465468936632348 ], [ 126.9136300336354, 37.465458651447662 ], [ 126.913576751691821, 37.465453208608956 ], [ 126.913564518630139, 37.465455342993472 ], [ 126.913532274340255, 37.465470320704959 ], [ 126.913292149538009, 37.465585713441619 ], [ 126.913067182298789, 37.465693394530085 ], [ 126.913043666625342, 37.465696774612958 ], [ 126.913010427299653, 37.46570129078318 ], [ 126.912831272006827, 37.465724862785166 ], [ 126.912767757139861, 37.465732932247384 ], [ 126.912560122435295, 37.465759004357061 ], [ 126.912552274966217, 37.465762233954202 ], [ 126.912521494365208, 37.465790401383089 ], [ 126.912398124480433, 37.4659056738301 ], [ 126.912399924589607, 37.465930920409939 ], [ 126.912399432082822, 37.466099209505003 ], [ 126.912399625961626, 37.466240622174283 ], [ 126.91240009527661, 37.466273780363068 ], [ 126.912257380589125, 37.46638208051408 ], [ 126.912047982450872, 37.466538391359776 ], [ 126.911870752967403, 37.466669218825011 ], [ 126.91179630707326, 37.466724952470628 ], [ 126.911782619529092, 37.466733221400105 ], [ 126.911687446397025, 37.466803417462373 ], [ 126.911653785205203, 37.46683126171299 ], [ 126.911647691260598, 37.466946502639253 ], [ 126.911642650177512, 37.467048115784571 ], [ 126.911640335754583, 37.467102371554653 ], [ 126.911639375159538, 37.467120664936054 ], [ 126.911638321018614, 37.467141550912665 ], [ 126.911638275816841, 37.467141600588619 ], [ 126.911638243173101, 37.467142222248995 ], [ 126.911279822373871, 37.467536008386126 ], [ 126.911137523733117, 37.467716984214015 ], [ 126.911111529113697, 37.467749788786101 ], [ 126.911100646547368, 37.467795009930015 ], [ 126.911094666038295, 37.467813412853545 ], [ 126.911092459963911, 37.467835548818847 ], [ 126.911052676174918, 37.46800758298555 ], [ 126.911043133376538, 37.468050763275819 ], [ 126.911041288801911, 37.468083391838256 ], [ 126.911041146498476, 37.468083452220071 ], [ 126.911041098853303, 37.468084268429102 ], [ 126.910999275242915, 37.46810185822536 ], [ 126.910822298608778, 37.468215312929779 ], [ 126.910571774445486, 37.468376606323588 ], [ 126.910340267271749, 37.468525794459815 ], [ 126.910155559710091, 37.468645061771625 ], [ 126.91011780792364, 37.468668665895407 ], [ 126.910014405720148, 37.468737134204936 ], [ 126.909972688206878, 37.468765486201363 ], [ 126.909962645523976, 37.468774143893569 ], [ 126.909968535782426, 37.468786222281061 ], [ 126.909968480802021, 37.468786392895851 ], [ 126.909968591808024, 37.468786620563932 ], [ 126.909967283543025, 37.468790677022163 ], [ 126.91002940597194, 37.468890506493103 ], [ 126.910144855881768, 37.469076004270526 ], [ 126.910239952909677, 37.469229104154344 ], [ 126.910253255108941, 37.469250071763611 ], [ 126.910252933589717, 37.469250621859636 ], [ 126.910253085676487, 37.469250865367748 ], [ 126.910227290016891, 37.469294995499595 ], [ 126.910143355420217, 37.469448755294167 ], [ 126.910052484310796, 37.469613533429488 ], [ 126.91003404009578, 37.469647044577293 ], [ 126.910029593023893, 37.469649797303113 ], [ 126.909994832060889, 37.469712140524649 ], [ 126.909969385830237, 37.469758693664474 ], [ 126.909949272738899, 37.469795947803952 ], [ 126.909950615662851, 37.469798954060074 ], [ 126.909950411960807, 37.469799780912901 ], [ 126.909950424703084, 37.469799809764865 ], [ 126.909949469274608, 37.469803692347831 ], [ 126.909943213739453, 37.469807175283528 ], [ 126.909876519590952, 37.469861659497624 ], [ 126.909816354414218, 37.469911773469164 ], [ 126.909813959535754, 37.469917834460382 ], [ 126.909809886470711, 37.469929957899787 ], [ 126.909803269228945, 37.47000282015604 ], [ 126.909800317999299, 37.470035828365489 ], [ 126.909798652395892, 37.470066749499992 ], [ 126.909798504652088, 37.470066975674285 ], [ 126.909798470515895, 37.470067586265422 ], [ 126.909760791567379, 37.470125258151029 ], [ 126.909667675051566, 37.470274184683234 ], [ 126.909653904090732, 37.470294473576843 ], [ 126.909564817247031, 37.470438726950398 ], [ 126.909544183200353, 37.470472029983185 ], [ 126.909549540936652, 37.470502849249343 ], [ 126.909573231735095, 37.470620952513855 ], [ 126.909586248986827, 37.470690033533216 ], [ 126.909590008963136, 37.470693631460193 ], [ 126.909589683525496, 37.470694463365447 ], [ 126.909589781772624, 37.47069455913222 ], [ 126.90958754893235, 37.470700270654923 ], [ 126.90946560125316, 37.470871572612417 ], [ 126.909360590661677, 37.471021605959962 ], [ 126.909251638126733, 37.471177781873017 ], [ 126.9091289011469, 37.471358130722415 ], [ 126.909088485380508, 37.471414844276637 ], [ 126.909042001050807, 37.471469893420547 ], [ 126.908959071989202, 37.471571576040532 ], [ 126.908874014090287, 37.471675971652921 ], [ 126.908788963791025, 37.471780429377212 ], [ 126.908772433524462, 37.471801094418538 ], [ 126.908732525081405, 37.471893272613841 ], [ 126.908654399051102, 37.472076736493499 ], [ 126.908623947819791, 37.472147890873735 ], [ 126.908615329801904, 37.472158317710331 ], [ 126.908468524182496, 37.472252987691718 ], [ 126.908436401947583, 37.47227575866355 ], [ 126.908435665601814, 37.472277001467269 ], [ 126.908434521460904, 37.472278910691756 ], [ 126.908426376927252, 37.472292185956739 ], [ 126.908253926767642, 37.472581027665633 ], [ 126.908214615690966, 37.472647418548441 ], [ 126.908202007504059, 37.4726692488967 ], [ 126.908197412810082, 37.472683296264279 ], [ 126.908207484896408, 37.47269528806347 ], [ 126.908280351754399, 37.472743675362224 ], [ 126.908435747682645, 37.472843394703737 ], [ 126.908436391551419, 37.472843800662098 ], [ 126.908585867157385, 37.472941118474225 ], [ 126.908657607301578, 37.472968574360607 ], [ 126.908796974208343, 37.473013193324668 ], [ 126.909030300253249, 37.47309068219495 ], [ 126.909227741216483, 37.47315307781961 ], [ 126.909286174568535, 37.47317251301714 ], [ 126.909464771066212, 37.47318860002045 ], [ 126.909565295733827, 37.473196075515233 ], [ 126.909608429223809, 37.473200758244076 ], [ 126.909857996577742, 37.473273221504378 ], [ 126.909942413488409, 37.473298010463864 ], [ 126.909949493089556, 37.473305007730204 ], [ 126.910006441622841, 37.473392791479192 ], [ 126.910022532627934, 37.473417176059385 ], [ 126.910255334645584, 37.473500032076686 ], [ 126.910525687781899, 37.473595701781356 ], [ 126.910543909017079, 37.473597553855527 ], [ 126.910715475141998, 37.473613651575668 ], [ 126.910745041986701, 37.473619233476825 ], [ 126.910806900434906, 37.473686306558328 ], [ 126.91098573004129, 37.473875960573899 ], [ 126.911023486182685, 37.473915399344229 ], [ 126.911072941860539, 37.474212781544097 ], [ 126.911072994890333, 37.474213093806704 ] ], [ [ 126.92584563527096, 37.475571586339832 ], [ 126.925856306530221, 37.475582509716574 ], [ 126.925932077778398, 37.475721232368173 ], [ 126.925825572166715, 37.475848283000275 ], [ 126.925806748440039, 37.475857767505246 ], [ 126.925826144951358, 37.475847549050329 ], [ 126.925677874706224, 37.475764678007891 ], [ 126.92584563527096, 37.475571586339832 ] ] ], [ [ [ 126.927162613946408, 37.461604926636205 ], [ 126.927257710490537, 37.461681193381608 ], [ 126.927291076487194, 37.461707099297961 ], [ 126.927335223549605, 37.461674502546629 ], [ 126.927355668796196, 37.461709770780161 ], [ 126.927385887540936, 37.461749938495721 ], [ 126.927411798365767, 37.461780138393365 ], [ 126.927451247214535, 37.461813509295609 ], [ 126.927478338288722, 37.461827500848649 ], [ 126.927905128922717, 37.461936256485487 ], [ 126.927891566325158, 37.46196965818114 ], [ 126.927913888375926, 37.461984024183849 ], [ 126.92794001996306, 37.462004935647883 ], [ 126.927963216353547, 37.462027934708537 ], [ 126.927983243729429, 37.46205285994219 ], [ 126.927999765634567, 37.462079323709361 ], [ 126.928012656856978, 37.462107064642268 ], [ 126.928021693943649, 37.46213572220141 ], [ 126.928024584908599, 37.462152284459421 ], [ 126.928067322610673, 37.462161086810269 ], [ 126.927783952221816, 37.462828779806514 ], [ 126.927760132515232, 37.462821061357012 ], [ 126.927725192228252, 37.462867846717302 ], [ 126.927684741842569, 37.462912033732501 ], [ 126.927641149827764, 37.462954327561825 ], [ 126.927588772035961, 37.462997443001171 ], [ 126.92753373099724, 37.463038395240631 ], [ 126.927476113739417, 37.463077192440146 ], [ 126.927416158941895, 37.463113653643731 ], [ 126.927354092758421, 37.463147692493457 ], [ 126.927289812435347, 37.463179204404959 ], [ 126.927223772347432, 37.463208212185421 ], [ 126.927156083471687, 37.463234514076838 ], [ 126.927086748152973, 37.463258030789497 ], [ 126.927213865366994, 37.463459141026902 ], [ 126.927235768005204, 37.463451027737747 ], [ 126.927398938513406, 37.463706699105501 ], [ 126.927375805959144, 37.463759510467199 ], [ 126.927287099920264, 37.464030802078433 ], [ 126.927220296902888, 37.464408578126019 ], [ 126.927219729721159, 37.464411748402568 ], [ 126.927217121525771, 37.464475060314484 ], [ 126.927204894293709, 37.464551808256239 ], [ 126.926982898569719, 37.464704516575402 ], [ 126.926961504605643, 37.464746372735078 ], [ 126.926909545567852, 37.464824852528636 ], [ 126.926894714596472, 37.464847158329739 ], [ 126.92697275271405, 37.464954799161724 ], [ 126.927038221926566, 37.464982185007031 ], [ 126.927315705084197, 37.4650619181987 ], [ 126.927371801339987, 37.465106701765009 ], [ 126.927372001169559, 37.465108093941431 ], [ 126.927375442790151, 37.465106137318095 ], [ 126.927416985442918, 37.465138589602212 ], [ 126.92756509822577, 37.465194437398523 ], [ 126.927723777085404, 37.465291334135664 ], [ 126.927709621558904, 37.465397111259669 ], [ 126.927863317015067, 37.465468891013643 ], [ 126.927896313970052, 37.465523793520106 ], [ 126.92802264092758, 37.465629531065758 ], [ 126.928023515240326, 37.465694809336576 ], [ 126.928000981970357, 37.465758794523602 ], [ 126.928233036616533, 37.46581702546289 ], [ 126.928337318896055, 37.465949412400342 ], [ 126.928505499109647, 37.466005395774332 ], [ 126.928675200206342, 37.466028467980301 ], [ 126.928822021427919, 37.466009564323201 ], [ 126.928862200519262, 37.466015482496921 ], [ 126.928908879467102, 37.466103024779954 ], [ 126.928932350247436, 37.466120924122301 ], [ 126.929003657099003, 37.466120454324198 ], [ 126.929049160541595, 37.466135529899248 ], [ 126.929110596897758, 37.466124573507955 ], [ 126.929144221749993, 37.466105107194956 ], [ 126.929242250208873, 37.466066369062879 ], [ 126.929318078868747, 37.465980884024958 ], [ 126.929335701248377, 37.465958703066285 ], [ 126.929282530539965, 37.465896618448127 ], [ 126.929272550397314, 37.465884953358518 ], [ 126.929284919813114, 37.465869941186028 ], [ 126.929221115119731, 37.465794479142822 ], [ 126.929295954755247, 37.465726309902465 ], [ 126.929363773372344, 37.465777113882474 ], [ 126.929623460293342, 37.465014482263861 ], [ 126.929628650185705, 37.465011691407724 ], [ 126.929601802677055, 37.464990799713547 ], [ 126.929602325720452, 37.464891986028228 ], [ 126.929642824057041, 37.464843697030723 ], [ 126.92963956208547, 37.46473362750109 ], [ 126.929650433831938, 37.46465214821351 ], [ 126.929646579546954, 37.464581056654474 ], [ 126.929624808587008, 37.464544832061996 ], [ 126.929622814039917, 37.464492337454061 ], [ 126.929656690000456, 37.464457616243173 ], [ 126.929719574411735, 37.464442687885224 ], [ 126.929832473657456, 37.464290172286887 ], [ 126.929928353817033, 37.464203004202403 ], [ 126.930003025162591, 37.464153718537105 ], [ 126.930056576774319, 37.463957414031 ], [ 126.930093274682804, 37.463864542691745 ], [ 126.930124253358329, 37.463787912989183 ], [ 126.930142974550549, 37.463750540734623 ], [ 126.930171272092664, 37.463708275498888 ], [ 126.930209182988889, 37.463588797298193 ], [ 126.930264290484601, 37.463418324506343 ], [ 126.93027386545819, 37.463418429389137 ], [ 126.930281191280216, 37.463404007827066 ], [ 126.93028039790444, 37.463394349484979 ], [ 126.930276375449992, 37.463346260466743 ], [ 126.930238431174558, 37.462915260236549 ], [ 126.930257055795849, 37.462763767599704 ], [ 126.930275375775139, 37.462599705762223 ], [ 126.930250172191222, 37.462586219651428 ], [ 126.930172357511836, 37.462553934768309 ], [ 126.930103738666944, 37.462502004486517 ], [ 126.930076946454662, 37.462495079393143 ], [ 126.930102472220582, 37.462384846128117 ], [ 126.930054531669796, 37.462305564807536 ], [ 126.930042552832134, 37.462230450741487 ], [ 126.930036440391419, 37.462192117417999 ], [ 126.93004431877128, 37.462169479942865 ], [ 126.930074100762468, 37.462087075871253 ], [ 126.930072517501486, 37.46201308713654 ], [ 126.930095131641409, 37.461945409245168 ], [ 126.930173273977445, 37.461862919031979 ], [ 126.930163753130088, 37.46171921479047 ], [ 126.930162680351501, 37.461702680711262 ], [ 126.930109797091347, 37.461666446412586 ], [ 126.930068458872469, 37.461581484639893 ], [ 126.930043457373856, 37.461449885928474 ], [ 126.929991235826535, 37.461392028768699 ], [ 126.929969157699105, 37.461326648429825 ], [ 126.929940783996287, 37.461268200206227 ], [ 126.92975434944114, 37.461128702651926 ], [ 126.929568382687435, 37.461132831516103 ], [ 126.928508986422699, 37.461156058456154 ], [ 126.92752964697975, 37.461409434482498 ], [ 126.927313877098896, 37.461473735443825 ], [ 126.92708960442269, 37.461540574191567 ], [ 126.927059978798567, 37.461519184606495 ], [ 126.926982369908075, 37.461463129250177 ], [ 126.926516620748814, 37.461126709474733 ], [ 126.926479259860116, 37.461084770128707 ], [ 126.926450228651632, 37.461102303260922 ], [ 126.926343663070696, 37.461091837934923 ], [ 126.926841797729693, 37.461435235516063 ], [ 126.927009161289618, 37.461528334716931 ], [ 126.927145061863953, 37.461594174718343 ], [ 126.927162613946408, 37.461604926636205 ] ] ], [ [ [ 126.96182101489326, 37.467935287875925 ], [ 126.961918720714522, 37.467925767312735 ], [ 126.962040162759664, 37.467918328710248 ], [ 126.962035498048706, 37.467782015212869 ], [ 126.961969527530911, 37.467782559886537 ], [ 126.961894271183283, 37.467814440119199 ], [ 126.961811561915013, 37.467852947384749 ], [ 126.96182101489326, 37.467935287875925 ] ] ], [ [ [ 126.924040385016639, 37.473640378333123 ], [ 126.924029801751345, 37.473640012794931 ], [ 126.92402855119272, 37.473640242631589 ], [ 126.924040385016639, 37.473640378333123 ] ] ] ] } },
{ "type": "Feature", "properties": { "ID": "생활서비스시설_공원_1376", "CODE": "ZON216", "ENT_NAME": "생활서비스시설_공원", "JOSER_ID": null, "GOSI_ID": null, "LABEL": "어린이공원(약수암)", "GOSI_DATE": null }, "geometry": { "type": "Polygon", "coordinates": [ [ [ 126.932840553992406, 37.459480143510056 ], [ 126.932918716793495, 37.459619101316299 ], [ 126.933103102517563, 37.459593035805867 ], [ 126.933103590549536, 37.459593308191806 ], [ 126.933178729466619, 37.459573113292642 ], [ 126.933181420773053, 37.459564291308872 ], [ 126.932846270130696, 37.45874673428375 ], [ 126.932851231094745, 37.458845384589196 ], [ 126.932858787025225, 37.458867533877168 ], [ 126.93277012376781, 37.459169460427475 ], [ 126.932840553992406, 37.459480143510056 ] ] ] } },
{ "type": "Feature", "properties": { "ID": "생활서비스시설_공원_1406", "CODE": "ZON216", "ENT_NAME": "생활서비스시설_공원", "JOSER_ID": null, "GOSI_ID": null, "LABEL": "어린이공원(해바라기)", "GOSI_DATE": null }, "geometry": { "type": "Polygon", "coordinates": [ [ [ 126.930115166419483, 37.461962081823366 ], [ 126.930103960509015, 37.462014360338181 ], [ 126.930102296816372, 37.462079595654849 ], [ 126.930097130326331, 37.462106739794955 ], [ 126.930355033682787, 37.462046770441852 ], [ 126.930439916127966, 37.462029722259523 ], [ 126.930420938314057, 37.461979397857988 ], [ 126.930407709475517, 37.461910981139475 ], [ 126.930115166419483, 37.461962081823366 ] ] ] } },
{ "type": "Feature", "properties": { "ID": "생활서비스시설_공원_1445", "CODE": "ZON216", "ENT_NAME": "생활서비스시설_공원", "JOSER_ID": null, "GOSI_ID": null, "LABEL": "어린이공원(합실)", "GOSI_DATE": null }, "geometry": { "type": "Polygon", "coordinates": [ [ [ 126.926847277029736, 37.465015258403739 ], [ 126.926871724273042, 37.465130277986454 ], [ 126.926885278763393, 37.4653494413255 ], [ 126.926882222490391, 37.465411753723544 ], [ 126.926883597717293, 37.465430380143722 ], [ 126.927201786634924, 37.465251107894041 ], [ 126.927248542684936, 37.465178263190452 ], [ 126.927372001169559, 37.465108093941431 ], [ 126.927371801339987, 37.465106701765009 ], [ 126.927315705084197, 37.4650619181987 ], [ 126.927038221926566, 37.464982185007031 ], [ 126.92697275271405, 37.464954799161724 ], [ 126.926894714596472, 37.464847158329739 ], [ 126.926894149704225, 37.46484800761975 ], [ 126.92684818978239, 37.464836239410261 ], [ 126.926832001263094, 37.464839193484018 ], [ 126.926777767068103, 37.464849079251742 ], [ 126.926847277029736, 37.465015258403739 ] ] ] } },
{ "type": "Feature", "properties": { "ID": "생활서비스시설_공원_1372", "CODE": "ZON216", "ENT_NAME": "생활서비스시설_공원", "JOSER_ID": null, "GOSI_ID": null, "LABEL": "어린이공원(미림)", "GOSI_DATE": null }, "geometry": { "type": "Polygon", "coordinates": [ [ [ 126.935309735405397, 37.466448095051177 ], [ 126.935164750799558, 37.466498857379676 ], [ 126.935360104518054, 37.466666959043359 ], [ 126.935407593866955, 37.466663524862952 ], [ 126.935393275352723, 37.466645479659071 ], [ 126.935361422188251, 37.466568579185122 ], [ 126.935349679630875, 37.466564887505996 ], [ 126.935344305119727, 37.466533582726271 ], [ 126.935309735405397, 37.466448095051177 ] ] ] } },
{ "type": "Feature", "properties": { "ID": "생활서비스시설_공원_1396", "CODE": "ZON216", "ENT_NAME": "생활서비스시설_공원", "JOSER_ID": null, "GOSI_ID": null, "LABEL": "어린이공원(사우촌)", "GOSI_DATE": null }, "geometry": { "type": "Polygon", "coordinates": [ [ [ 126.934294277877356, 37.467608237955403 ], [ 126.934268041879889, 37.467482672686558 ], [ 126.934231776911176, 37.467459496252715 ], [ 126.934048558272252, 37.46748907986327 ], [ 126.934071840930343, 37.467616318460685 ], [ 126.934076611544128, 37.467642378206016 ], [ 126.934144703970603, 37.467631668071824 ], [ 126.934294277877356, 37.467608237955403 ] ] ] } },
{ "type": "Feature", "properties": { "ID": "생활서비스시설_공원_1374", "CODE": "ZON216", "ENT_NAME": "생활서비스시설_공원", "JOSER_ID": null, "GOSI_ID": null, "LABEL": "어린이공원(목화)", "GOSI_DATE": null }, "geometry": { "type": "Polygon", "coordinates": [ [ [ 126.942156933858129, 37.467872559556213 ], [ 126.942140389562709, 37.467895076333917 ], [ 126.942197012718893, 37.467993626804201 ], [ 126.94245025748917, 37.467935856963372 ], [ 126.942415212468461, 37.467809798054738 ], [ 126.942156933858129, 37.467872559556213 ] ] ] } },
{ "type": "Feature", "properties": { "ID": "생활서비스시설_공원_1393", "CODE": "ZON216", "ENT_NAME": "생활서비스시설_공원", "JOSER_ID": null, "GOSI_ID": null, "LABEL": "어린이공원(태양)", "GOSI_DATE": null }, "geometry": { "type": "Polygon", "coordinates": [ [ [ 126.936339701294571, 37.468430260097264 ], [ 126.936349992054474, 37.468555864750016 ], [ 126.936395873635178, 37.468569765494351 ], [ 126.936608760530248, 37.468549348744247 ], [ 126.936586124331043, 37.468410428609474 ], [ 126.936339701294571, 37.468430260097264 ] ] ] } },
{ "type": "Feature", "properties": { "ID": "생활서비스시설_공원_1398", "CODE": "ZON216", "ENT_NAME": "생활서비스시설_공원", "JOSER_ID": null, "GOSI_ID": null, "LABEL": "어린이공원(연주대)", "GOSI_DATE": null }, "geometry": { "type": "Polygon", "coordinates": [ [ [ 126.941928176827702, 37.469306394119371 ], [ 126.941934472754241, 37.469301373299231 ], [ 126.942061854892188, 37.469308158037755 ], [ 126.942066558686307, 37.469078197318247 ], [ 126.941962076647926, 37.469190139429287 ], [ 126.941916702969436, 37.469296490811693 ], [ 126.941928176827702, 37.469306394119371 ] ] ] } },
{ "type": "Feature", "properties": { "ID": "생활서비스시설_공원_1425", "CODE": "ZON216", "ENT_NAME": "생활서비스시설_공원", "JOSER_ID": null, "GOSI_ID": null, "LABEL": "어린이공원(도덕)", "GOSI_DATE": null }, "geometry": { "type": "Polygon", "coordinates": [ [ [ 126.938156863754912, 37.469410070459901 ], [ 126.938231374101264, 37.469446925379579 ], [ 126.938231043063254, 37.469370276851372 ], [ 126.938301124846276, 37.469350213877746 ], [ 126.938326008670202, 37.469333017121805 ], [ 126.938356736314802, 37.469341900321943 ], [ 126.938355576443684, 37.469296281003096 ], [ 126.938303937265118, 37.469323455583755 ], [ 126.938225631977019, 37.469340468764017 ], [ 126.938125373607733, 37.469338964411456 ], [ 126.938055421980437, 37.469341413637054 ], [ 126.938003546695228, 37.46935621718395 ], [ 126.938105611212364, 37.46939688021272 ], [ 126.938156863754912, 37.469410070459901 ] ] ] } },
{ "type": "Feature", "properties": { "ID": "생활서비스시설_공원_1363", "CODE": "ZON216", "ENT_NAME": "생활서비스시설_공원", "JOSER_ID": null, "GOSI_ID": null, "LABEL": "어린이공원(난우)", "GOSI_DATE": null }, "geometry": { "type": "Polygon", "coordinates": [ [ [ 126.921922764249459, 37.466403024842364 ], [ 126.92174779993897, 37.466491925135742 ], [ 126.921711783680749, 37.466579163023866 ], [ 126.922034784794562, 37.466446959291943 ], [ 126.921954990979202, 37.466329812963423 ], [ 126.921922764249459, 37.466403024842364 ] ] ] } },
{ "type": "Feature", "properties": { "ID": "생활서비스시설_공원_1416", "CODE": "ZON216", "ENT_NAME": "생활서비스시설_공원", "JOSER_ID": null, "GOSI_ID": null, "LABEL": "마을마당(신림13동)", "GOSI_DATE": null }, "geometry": { "type": "Polygon", "coordinates": [ [ [ 126.921941396800008, 37.467805092646685 ], [ 126.921849839035417, 37.467757988668801 ], [ 126.921814837976072, 37.467803142283152 ], [ 126.921808201374091, 37.467858523390539 ], [ 126.921841191915561, 37.467810827593354 ], [ 126.921894892454716, 37.467794078091565 ], [ 126.921931791340398, 37.467812969958722 ], [ 126.921941396800008, 37.467805092646685 ] ] ] } },
{ "type": "Feature", "properties": { "ID": "생활서비스시설_공원_1395", "CODE": "ZON216", "ENT_NAME": "생활서비스시설_공원", "JOSER_ID": null, "GOSI_ID": null, "LABEL": "어린이공원(오성)", "GOSI_DATE": null }, "geometry": { "type": "Polygon", "coordinates": [ [ [ 126.920672587152126, 37.4678979790867 ], [ 126.920689718572618, 37.467916728072375 ], [ 126.920743059190173, 37.467931179696308 ], [ 126.920895860031877, 37.468065172243698 ], [ 126.920916510710313, 37.467992115853441 ], [ 126.92079005318972, 37.467829447072234 ], [ 126.920672587152126, 37.4678979790867 ] ] ] } },
{ "type": "Feature", "properties": { "ID": "생활서비스시설_공원_1401", "CODE": "ZON216", "ENT_NAME": "생활서비스시설_공원", "JOSER_ID": null, "GOSI_ID": null, "LABEL": "어린이공원(무궁화)", "GOSI_DATE": null }, "geometry": { "type": "Polygon", "coordinates": [ [ [ 126.923586971457013, 37.469539534954997 ], [ 126.923554004223291, 37.469553146290004 ], [ 126.923524300392714, 37.469561442949711 ], [ 126.92341259214939, 37.46960427404418 ], [ 126.923443660745974, 37.469698946760445 ], [ 126.923443752539683, 37.469728076253794 ], [ 126.923433224151097, 37.469778734508004 ], [ 126.923458012045273, 37.469824593924706 ], [ 126.923559524209736, 37.46981322720292 ], [ 126.923765789542244, 37.469730316727258 ], [ 126.923804160808288, 37.469716188107597 ], [ 126.923747305933503, 37.469664780910662 ], [ 126.923709149098656, 37.469605093164951 ], [ 126.923659589797438, 37.469516969441514 ], [ 126.923656713938087, 37.469511569636573 ], [ 126.923586971457013, 37.469539534954997 ] ] ] } },
{ "type": "Feature", "properties": { "ID": "생활서비스시설_공원_1385", "CODE": "ZON216", "ENT_NAME": "생활서비스시설_공원", "JOSER_ID": null, "GOSI_ID": null, "LABEL": "어린이공원(약수)", "GOSI_DATE": null }, "geometry": { "type": "Polygon", "coordinates": [ [ [ 126.912240268645832, 37.473140134132962 ], [ 126.912482168226191, 37.473302946698631 ], [ 126.912581495438005, 37.473347287748979 ], [ 126.912592999857509, 37.473351549138627 ], [ 126.912604222639914, 37.473354026330227 ], [ 126.912615844794175, 37.473353378243317 ], [ 126.912636159620121, 37.473343823075439 ], [ 126.912642918154219, 37.473336721050423 ], [ 126.912645968298747, 37.473328045788733 ], [ 126.912644747539673, 37.473319313254912 ], [ 126.912640077299386, 37.473310896180656 ], [ 126.912431497761403, 37.473029472248847 ], [ 126.912240268645832, 37.473140134132962 ] ] ] } },
{ "type": "Feature", "properties": { "ID": "생활서비스시설_공원_1381", "CODE": "ZON216", "ENT_NAME": "생활서비스시설_공원", "JOSER_ID": null, "GOSI_ID": null, "LABEL": "어린이공원(남강)", "GOSI_DATE": null }, "geometry": { "type": "Polygon", "coordinates": [ [ [ 126.923282296401808, 37.473431467068174 ], [ 126.923336416101279, 37.473449989656658 ], [ 126.923512947750012, 37.473510420330115 ], [ 126.923553596937154, 37.473524332506202 ], [ 126.923732150661792, 37.473585456155639 ], [ 126.923812646847935, 37.473613008613434 ], [ 126.923931886451527, 37.473639125934305 ], [ 126.92402855119272, 37.473640242631589 ], [ 126.924029801751345, 37.473640012794931 ], [ 126.924040385016639, 37.473640378333123 ], [ 126.924046811773493, 37.473640451923693 ], [ 126.92404709536342, 37.473640609785065 ], [ 126.924048548338746, 37.473641418035896 ], [ 126.924051610961257, 37.473640200086088 ], [ 126.924403630087781, 37.473649592616901 ], [ 126.925165047818126, 37.473753894239088 ], [ 126.925225972820584, 37.473762231821304 ], [ 126.926209606986262, 37.473812507998261 ], [ 126.925781365622527, 37.473495069693485 ], [ 126.925780536557951, 37.473492121982609 ], [ 126.925676193331384, 37.473351515773302 ], [ 126.925134415949344, 37.473311801122144 ], [ 126.923471005312038, 37.473185527132891 ], [ 126.923103091383368, 37.473454503157015 ], [ 126.923282296401808, 37.473431467068174 ] ] ] } },
{ "type": "Feature", "properties": { "ID": "생활서비스시설_공원_1431", "CODE": "ZON216", "ENT_NAME": "생활서비스시설_공원", "JOSER_ID": null, "GOSI_ID": null, "LABEL": "어린이공원(신라)", "GOSI_DATE": null }, "geometry": { "type": "MultiPolygon", "coordinates": [ [ [ [ 126.912493094356677, 37.473714738312054 ], [ 126.912486149919488, 37.473746051926859 ], [ 126.912548105035171, 37.473712932686233 ], [ 126.912649415313581, 37.473659254207277 ], [ 126.912761012766111, 37.473597080607099 ], [ 126.912661030164742, 37.473467125956503 ], [ 126.912518296000812, 37.473587292470846 ], [ 126.912493094356677, 37.473714738312054 ] ] ], [ [ [ 126.912887048470651, 37.473544611616624 ], [ 126.912836049326316, 37.473480025534741 ], [ 126.912772120185011, 37.473442819296842 ], [ 126.912734771417121, 37.473450260553683 ], [ 126.91294206410538, 37.473716689384204 ], [ 126.912916984213837, 37.473582565370045 ], [ 126.912887048470651, 37.473544611616624 ] ] ] ] } },
{ "type": "Feature", "properties": { "ID": "생활서비스시설_공원_1408", "CODE": "ZON216", "ENT_NAME": "생활서비스시설_공원", "JOSER_ID": null, "GOSI_ID": null, "LABEL": "어린이공원(난곡)", "GOSI_DATE": null }, "geometry": { "type": "Polygon", "coordinates": [ [ [ 126.915233166412122, 37.474291690529313 ], [ 126.915224403076138, 37.474184246798536 ], [ 126.915581491433841, 37.474036821002734 ], [ 126.915528679553844, 37.473995073379264 ], [ 126.915496421761191, 37.473969647038516 ], [ 126.915612930838606, 37.473905153340091 ], [ 126.915550435252811, 37.473842658509177 ], [ 126.915445374804989, 37.473943561887182 ], [ 126.915379081429521, 37.474013574634043 ], [ 126.915393421909357, 37.474018370310418 ], [ 126.915385610478637, 37.474027969303407 ], [ 126.915369259125214, 37.474052481770272 ], [ 126.915264480325689, 37.473976676081946 ], [ 126.915066007039414, 37.474185997001953 ], [ 126.915233166412122, 37.474291690529313 ] ] ] } },
{ "type": "Feature", "properties": { "ID": "생활서비스시설_공원_1417", "CODE": "ZON216", "ENT_NAME": "생활서비스시설_공원", "JOSER_ID": null, "GOSI_ID": null, "LABEL": "어린이공원(대협)", "GOSI_DATE": null }, "geometry": { "type": "Polygon", "coordinates": [ [ [ 126.913316323501718, 37.474791081326025 ], [ 126.913264585354213, 37.47485304967821 ], [ 126.91328995052362, 37.47489443363537 ], [ 126.913494095303051, 37.474916732512739 ], [ 126.913498119509853, 37.474917076990138 ], [ 126.913523077393364, 37.474678221838737 ], [ 126.913464564723085, 37.474676286148629 ], [ 126.913445617074558, 37.474675650337012 ], [ 126.913432343296577, 37.474678019089609 ], [ 126.913316323501718, 37.474791081326025 ] ] ] } },
{ "type": "Feature", "properties": { "ID": "생활서비스시설_공원_1402", "CODE": "ZON216", "ENT_NAME": "생활서비스시설_공원", "JOSER_ID": null, "GOSI_ID": null, "LABEL": "마을마당(신림6동)", "GOSI_DATE": null }, "geometry": { "type": "Polygon", "coordinates": [ [ [ 126.929480452262325, 37.469912769491387 ], [ 126.929476716224542, 37.469908010818159 ], [ 126.929475085968875, 37.469898764630699 ], [ 126.929459457056083, 37.469845289572994 ], [ 126.929454273536962, 37.469828131311466 ], [ 126.92945340527551, 37.469789361515517 ], [ 126.929454129420449, 37.469755689665448 ], [ 126.9294605635626, 37.469730060948542 ], [ 126.929484037123501, 37.469629740441782 ], [ 126.929493031320419, 37.469619789838106 ], [ 126.92951136853064, 37.469572101000544 ], [ 126.929509640479296, 37.469522210497423 ], [ 126.929478131958092, 37.469528220808165 ], [ 126.929434061061727, 37.469522381563031 ], [ 126.929333534759834, 37.469590202687968 ], [ 126.92927002703162, 37.46966094669294 ], [ 126.929231438395249, 37.469810354477225 ], [ 126.929126862312444, 37.469902796461511 ], [ 126.929042530182912, 37.469964391410031 ], [ 126.928990156059399, 37.469965538691831 ], [ 126.928975000125021, 37.469961069423697 ], [ 126.928947459291564, 37.469952952496136 ], [ 126.928883867792976, 37.470028967105947 ], [ 126.928858916699127, 37.470105022563104 ], [ 126.928932020064124, 37.470150299646448 ], [ 126.928985194128316, 37.470174280958041 ], [ 126.929041058136491, 37.470199983910327 ], [ 126.929130426235872, 37.470227898602843 ], [ 126.929222795140518, 37.470250541492135 ], [ 126.929319236305901, 37.470269279146606 ], [ 126.929401560578484, 37.470312748753166 ], [ 126.929440562618282, 37.470333162247812 ], [ 126.929490044023339, 37.470333373518244 ], [ 126.929586913834925, 37.470329656415679 ], [ 126.929615581966843, 37.47032828631685 ], [ 126.929645675592624, 37.470292661840396 ], [ 126.929649484664509, 37.47021997843256 ], [ 126.929650594979094, 37.470206754183756 ], [ 126.929626729276876, 37.470149984579116 ], [ 126.929643493546976, 37.470114676353802 ], [ 126.929679719193047, 37.470096108883311 ], [ 126.929648459283925, 37.470052373203643 ], [ 126.929637816868208, 37.470046987742151 ], [ 126.929592119750794, 37.470015542859308 ], [ 126.929541070017095, 37.469992401046945 ], [ 126.929532821158148, 37.469988945180511 ], [ 126.929480452262325, 37.469912769491387 ] ] ] } },
{ "type": "Feature", "properties": { "ID": "생활서비스시설_공원_1443", "CODE": "ZON216", "ENT_NAME": "생활서비스시설_공원", "JOSER_ID": null, "GOSI_ID": null, "LABEL": "어린이공원(해태)", "GOSI_DATE": null }, "geometry": { "type": "Polygon", "coordinates": [ [ [ 126.940557436369517, 37.472281859608586 ], [ 126.940522217443657, 37.472316999468774 ], [ 126.940491369080704, 37.472372754718677 ], [ 126.940467369049287, 37.472413241499787 ], [ 126.940368252602042, 37.47258965256048 ], [ 126.940391285467001, 37.4726236331839 ], [ 126.940718280354886, 37.472727480264467 ], [ 126.940796578032263, 37.472575404216194 ], [ 126.940851131126578, 37.472481890119923 ], [ 126.940864389557007, 37.472468984653794 ], [ 126.940732903313545, 37.47235998675157 ], [ 126.940596817243176, 37.47224721833593 ], [ 126.940557436369517, 37.472281859608586 ] ] ] } },
{ "type": "Feature", "properties": { "ID": "생활서비스시설_공원_1366", "CODE": "ZON216", "ENT_NAME": "생활서비스시설_공원", "JOSER_ID": null, "GOSI_ID": null, "LABEL": "어린이공원(양산)", "GOSI_DATE": null }, "geometry": { "type": "Polygon", "coordinates": [ [ [ 126.932455081321947, 37.473761575397191 ], [ 126.932455179954417, 37.473763728851054 ], [ 126.932455911613232, 37.473779451774071 ], [ 126.932475832551617, 37.473776400906566 ], [ 126.932565367916467, 37.473764856378615 ], [ 126.932660893682481, 37.473753360323549 ], [ 126.932658205585227, 37.473739574318323 ], [ 126.932658034594525, 37.473738654295019 ], [ 126.932643632038818, 37.473664836668569 ], [ 126.932656001449814, 37.473664050994778 ], [ 126.932650179973606, 37.473635113705136 ], [ 126.932643614924146, 37.473593545726807 ], [ 126.932630049150191, 37.473570039670911 ], [ 126.932459700670691, 37.473625000516336 ], [ 126.932468735300688, 37.47364861296537 ], [ 126.932468621911141, 37.473704287652872 ], [ 126.932454182425317, 37.473742085284464 ], [ 126.932455081321947, 37.473761575397191 ] ] ] } },
{ "type": "Feature", "properties": { "ID": "생활서비스시설_공원_1424", "CODE": "ZON216", "ENT_NAME": "생활서비스시설_공원", "JOSER_ID": null, "GOSI_ID": null, "LABEL": "어린이공원(서광)", "GOSI_DATE": null }, "geometry": { "type": "Polygon", "coordinates": [ [ [ 126.942577126956735, 37.475227550985842 ], [ 126.94284659357595, 37.47528870907351 ], [ 126.942976686222764, 37.475181663323724 ], [ 126.942958656716414, 37.475151344668689 ], [ 126.942713812831855, 37.475161160240958 ], [ 126.942490319246588, 37.4751428584782 ], [ 126.942367274028356, 37.475121676554394 ], [ 126.942348749575814, 37.475173159570062 ], [ 126.942577126956735, 37.475227550985842 ] ] ] } },
{ "type": "Feature", "properties": { "ID": "생활서비스시설_공원_1382", "CODE": "ZON216", "ENT_NAME": "생활서비스시설_공원", "JOSER_ID": null, "GOSI_ID": null, "LABEL": "어린이공원(용담)", "GOSI_DATE": null }, "geometry": { "type": "Polygon", "coordinates": [ [ [ 126.94330240284323, 37.475583914575409 ], [ 126.943508002134735, 37.475562315940302 ], [ 126.943526069354988, 37.475662759542608 ], [ 126.943539822801242, 37.475757027355954 ], [ 126.94373976422942, 37.475476955891864 ], [ 126.943461849343549, 37.475258940181682 ], [ 126.943471174060718, 37.475324417905448 ], [ 126.943489523631158, 37.475426547431539 ], [ 126.943503986601854, 37.475524196162162 ], [ 126.943393198925378, 37.475536269213698 ], [ 126.943296485841728, 37.475547303933674 ], [ 126.94330240284323, 37.475583914575409 ] ] ] } },
{ "type": "Feature", "properties": { "ID": "생활서비스시설_공원_1441", "CODE": "ZON216", "ENT_NAME": "생활서비스시설_공원", "JOSER_ID": null, "GOSI_ID": null, "LABEL": "어린이공원(쑥고개)", "GOSI_DATE": null }, "geometry": { "type": "Polygon", "coordinates": [ [ [ 126.940385871289791, 37.475809834072088 ], [ 126.940431759248597, 37.475823652147376 ], [ 126.940826182616917, 37.475941220840625 ], [ 126.940935848932568, 37.475975072808893 ], [ 126.941169609065895, 37.476043479382184 ], [ 126.941227539202671, 37.475914324142245 ], [ 126.940880369715117, 37.475812549486626 ], [ 126.940441266689646, 37.475686417286589 ], [ 126.940385871289791, 37.475809834072088 ] ] ] } },
{ "type": "Feature", "properties": { "ID": "생활서비스시설_공원_1370", "CODE": "ZON216", "ENT_NAME": "생활서비스시설_공원", "JOSER_ID": null, "GOSI_ID": null, "LABEL": "마을마당(신림2동)", "GOSI_DATE": null }, "geometry": { "type": "Polygon", "coordinates": [ [ [ 126.942053557210755, 37.47614740580596 ], [ 126.941962108767356, 37.476116166153133 ], [ 126.941741749616668, 37.476266940336693 ], [ 126.941604182600372, 37.476231163048347 ], [ 126.941551384071843, 37.47634792418031 ], [ 126.942053557210755, 37.47614740580596 ] ] ] } },
{ "type": "Feature", "properties": { "ID": "생활서비스시설_공원_1449", "CODE": "ZON216", "ENT_NAME": "생활서비스시설_공원", "JOSER_ID": null, "GOSI_ID": null, "LABEL": "어린이공원(신화)", "GOSI_DATE": null }, "geometry": { "type": "Polygon", "coordinates": [ [ [ 126.935561352027918, 37.476872151432268 ], [ 126.935583160402786, 37.476884688433358 ], [ 126.935626868691187, 37.476880207802267 ], [ 126.935674033801845, 37.476869692366847 ], [ 126.935745561334585, 37.4768457385129 ], [ 126.935802711611259, 37.476809060777768 ], [ 126.935833184650036, 37.476777443534417 ], [ 126.935902685755138, 37.476678903499035 ], [ 126.935682324628161, 37.476584175706961 ], [ 126.935535859862014, 37.476514247426167 ], [ 126.935561352027918, 37.476872151432268 ] ] ] } },
{ "type": "Feature", "properties": { "ID": "생활서비스시설_공원_1380", "CODE": "ZON216", "ENT_NAME": "생활서비스시설_공원", "JOSER_ID": null, "GOSI_ID": null, "LABEL": "어린이공원(서원)", "GOSI_DATE": null }, "geometry": { "type": "Polygon", "coordinates": [ [ [ 126.933358327911762, 37.476584175363939 ], [ 126.932975609832781, 37.476656745960796 ], [ 126.93298371805605, 37.476679003614919 ], [ 126.932984527777847, 37.47668367307768 ], [ 126.933034410840222, 37.476828149760379 ], [ 126.933079454716065, 37.476996916434956 ], [ 126.93328062184203, 37.476960910694679 ], [ 126.933737947901719, 37.476879324157053 ], [ 126.933746680989557, 37.476872167099913 ], [ 126.933741694370411, 37.476863198367717 ], [ 126.933687637349379, 37.476688438707512 ], [ 126.933640520220493, 37.476533205018349 ], [ 126.933358327911762, 37.476584175363939 ] ] ] } },
{ "type": "Feature", "properties": { "ID": "생활서비스시설_공원_1440", "CODE": "ZON216", "ENT_NAME": "생활서비스시설_공원", "JOSER_ID": null, "GOSI_ID": null, "LABEL": "어린이공원(영락)", "GOSI_DATE": null }, "geometry": { "type": "Polygon", "coordinates": [ [ [ 126.943709308839701, 37.47677653409422 ], [ 126.943732053397184, 37.476894936004911 ], [ 126.943906057430226, 37.476877992024178 ], [ 126.943862856726412, 37.476749219543613 ], [ 126.943709308839701, 37.47677653409422 ] ] ] } },
{ "type": "Feature", "properties": { "ID": "생활서비스시설_공원_1404", "CODE": "ZON216", "ENT_NAME": "생활서비스시설_공원", "JOSER_ID": null, "GOSI_ID": null, "LABEL": "어린이공원(봉천)", "GOSI_DATE": null }, "geometry": { "type": "Polygon", "coordinates": [ [ [ 126.964183835391353, 37.469372838664121 ], [ 126.964758839375804, 37.469258387849472 ], [ 126.964766981910003, 37.46925127155373 ], [ 126.964773322555146, 37.469230281046364 ], [ 126.964777296734383, 37.469217215930136 ], [ 126.964774141279406, 37.469199644481129 ], [ 126.964759223658717, 37.469186936594717 ], [ 126.964728030735699, 37.469175484144877 ], [ 126.964640385005595, 37.469151560415256 ], [ 126.964294715308355, 37.469220322948168 ], [ 126.964183839225598, 37.469365127878163 ], [ 126.964183835391353, 37.469372838664121 ] ] ] } },
{ "type": "Feature", "properties": { "ID": "생활서비스시설_공원_1442", "CODE": "ZON216", "ENT_NAME": "생활서비스시설_공원", "JOSER_ID": null, "GOSI_ID": null, "LABEL": "어린이공원(교체)", "GOSI_DATE": null }, "geometry": { "type": "Polygon", "coordinates": [ [ [ 126.963816867102508, 37.473221004668581 ], [ 126.963904115789987, 37.473315286374373 ], [ 126.963990756346078, 37.473405343019081 ], [ 126.964095620952889, 37.473517306946626 ], [ 126.964103000211168, 37.473525248018554 ], [ 126.964117690745809, 37.473532369689543 ], [ 126.964138382056262, 37.473530125531099 ], [ 126.964163175235498, 37.473342939230164 ], [ 126.964193116469374, 37.473149008735888 ], [ 126.964071804420044, 37.473219248579063 ], [ 126.964064034806668, 37.473223381719819 ], [ 126.963970820086274, 37.473123089447341 ], [ 126.963816867102508, 37.473221004668581 ] ] ] } },
{ "type": "Feature", "properties": { "ID": "생활서비스시설_공원_1390", "CODE": "ZON216", "ENT_NAME": "생활서비스시설_공원", "JOSER_ID": null, "GOSI_ID": null, "LABEL": "어린이공원(약수)", "GOSI_DATE": null }, "geometry": { "type": "Polygon", "coordinates": [ [ [ 126.962360855182766, 37.473936541873925 ], [ 126.962344667738108, 37.473951512075075 ], [ 126.962108593024837, 37.47402755029244 ], [ 126.96218166399872, 37.474162959299733 ], [ 126.962393829540346, 37.473958033600546 ], [ 126.962538223756837, 37.473856583361297 ], [ 126.962500031288059, 37.473841155502129 ], [ 126.962360855182766, 37.473936541873925 ] ] ] } },
{ "type": "Feature", "properties": { "ID": "생활서비스시설_공원_1389", "CODE": "ZON216", "ENT_NAME": "생활서비스시설_공원", "JOSER_ID": null, "GOSI_ID": null, "LABEL": "어린이공원(밤골)", "GOSI_DATE": null }, "geometry": { "type": "Polygon", "coordinates": [ [ [ 126.967328105100549, 37.473852559264436 ], [ 126.96720060779009, 37.47397442887852 ], [ 126.967070531684129, 37.47410061250261 ], [ 126.967029624016476, 37.47413892832472 ], [ 126.967030526415058, 37.474165426175944 ], [ 126.967033588893457, 37.474256566193048 ], [ 126.967033889504322, 37.474264170743247 ], [ 126.967136453506726, 37.474240645714168 ], [ 126.96725384653945, 37.474213883989783 ], [ 126.967459460210691, 37.474167072365908 ], [ 126.967419430910525, 37.473765298307448 ], [ 126.967328105100549, 37.473852559264436 ] ] ] } },
{ "type": "Feature", "properties": { "ID": "생활서비스시설_공원_1434", "CODE": "ZON216", "ENT_NAME": "생활서비스시설_공원", "JOSER_ID": null, "GOSI_ID": null, "LABEL": "어린이공원(탑골)", "GOSI_DATE": null }, "geometry": { "type": "Polygon", "coordinates": [ [ [ 126.960893686474549, 37.474289231565784 ], [ 126.960950861798651, 37.474343041064145 ], [ 126.961022818999808, 37.47444623054438 ], [ 126.961101083446025, 37.474593570362714 ], [ 126.961179726392047, 37.474670363554772 ], [ 126.961279332972481, 37.474649223951921 ], [ 126.961066106791279, 37.474253701106875 ], [ 126.961037170591595, 37.474245220872504 ], [ 126.960893686474549, 37.474289231565784 ] ] ] } },
{ "type": "Feature", "properties": { "ID": "생활서비스시설_공원_1446", "CODE": "ZON216", "ENT_NAME": "생활서비스시설_공원", "JOSER_ID": null, "GOSI_ID": null, "LABEL": "어린이공원(원당)", "GOSI_DATE": null }, "geometry": { "type": "Polygon", "coordinates": [ [ [ 126.963724142927973, 37.474608008355297 ], [ 126.963596716121231, 37.474688085586138 ], [ 126.96346855495571, 37.474768928294168 ], [ 126.963333809881959, 37.474851116634674 ], [ 126.963199161984861, 37.474930604547168 ], [ 126.963064507456679, 37.475015859620171 ], [ 126.963003158992393, 37.475051474292151 ], [ 126.963029133802792, 37.475079765224265 ], [ 126.963109992103895, 37.475031930277027 ], [ 126.963238559913464, 37.475179512057146 ], [ 126.963185139999311, 37.475274290115905 ], [ 126.96308818320864, 37.475303955668245 ], [ 126.963124121744542, 37.475351404229905 ], [ 126.963132470621261, 37.475362418994465 ], [ 126.963217733927152, 37.475340623477599 ], [ 126.963299402145424, 37.475185605407496 ], [ 126.963362159475963, 37.475067152865279 ], [ 126.96336419742228, 37.475063423372795 ], [ 126.963374289876995, 37.475044874087622 ], [ 126.96338681266667, 37.474986773376195 ], [ 126.963410439439826, 37.474877174036919 ], [ 126.96350364923596, 37.474876158894105 ], [ 126.963601099087867, 37.474853710187283 ], [ 126.96362484417682, 37.474844951949585 ], [ 126.963720594710992, 37.474851865371882 ], [ 126.963784065959274, 37.474867589229191 ], [ 126.963895203199101, 37.474893916819177 ], [ 126.963941278583889, 37.474879614548193 ], [ 126.963765894347517, 37.474581759276482 ], [ 126.963724142927973, 37.474608008355297 ] ] ] } },
{ "type": "Feature", "properties": { "ID": "생활서비스시설_공원_1447", "CODE": "ZON216", "ENT_NAME": "생활서비스시설_공원", "JOSER_ID": null, "GOSI_ID": null, "LABEL": "어린이공원(인헌)", "GOSI_DATE": null }, "geometry": { "type": "Polygon", "coordinates": [ [ [ 126.962498233427311, 37.475364263763687 ], [ 126.96237390967498, 37.475435445993092 ], [ 126.962393637346835, 37.475454670007693 ], [ 126.962404886721799, 37.475453268167655 ], [ 126.962407731159232, 37.475461838543545 ], [ 126.962415450852703, 37.475484707639723 ], [ 126.962533600861917, 37.475465835534237 ], [ 126.962709201224925, 37.475447341691272 ], [ 126.962762738732494, 37.475441513556902 ], [ 126.962748837563467, 37.475424649438928 ], [ 126.962633982373589, 37.475285667208887 ], [ 126.962498233427311, 37.475364263763687 ] ] ] } },
{ "type": "Feature", "properties": { "ID": "생활서비스시설_공원_1407", "CODE": "ZON216", "ENT_NAME": "생활서비스시설_공원", "JOSER_ID": null, "GOSI_ID": null, "LABEL": "어린이공원(백설)", "GOSI_DATE": null }, "geometry": { "type": "Polygon", "coordinates": [ [ [ 126.95355158236184, 37.475870270742419 ], [ 126.953458281170271, 37.476308527225335 ], [ 126.953600198645901, 37.476324775868171 ], [ 126.953733228604065, 37.476340002614485 ], [ 126.953956627805042, 37.476365573984168 ], [ 126.953776819245789, 37.475910406100866 ], [ 126.953749263501535, 37.475863001339455 ], [ 126.953600366796067, 37.475847100534793 ], [ 126.95355158236184, 37.475870270742419 ] ] ] } },
{ "type": "Feature", "properties": { "ID": "생활서비스시설_공원_1409", "CODE": "ZON216", "ENT_NAME": "생활서비스시설_공원", "JOSER_ID": null, "GOSI_ID": null, "LABEL": "근린공원((까치산)<시공원>)", "GOSI_DATE": null }, "geometry": { "type": "Polygon", "coordinates": [ [ [ 126.970163233957834, 37.475596611624468 ], [ 126.970139812740555, 37.475640483327048 ], [ 126.970114130944125, 37.475688590036476 ], [ 126.969929237924532, 37.47581161769277 ], [ 126.969900127931524, 37.475946219670256 ], [ 126.969891404946225, 37.475986131742921 ], [ 126.96983522243697, 37.47624578558203 ], [ 126.969659872173878, 37.476258082173111 ], [ 126.969540257463819, 37.476266519288679 ], [ 126.969411826589848, 37.476275584589963 ], [ 126.969237970481174, 37.476230667310666 ], [ 126.969158954178567, 37.476210283948085 ], [ 126.968924515607483, 37.47614984515387 ], [ 126.968694351577952, 37.476123832580527 ], [ 126.968541222625362, 37.476247766974858 ], [ 126.96839250604792, 37.476368190297769 ], [ 126.968363307688804, 37.476440172196554 ], [ 126.968345304731798, 37.476484490152025 ], [ 126.968345488231819, 37.476580897451775 ], [ 126.968345658058638, 37.476705686318425 ], [ 126.967856762435815, 37.476821417865722 ], [ 126.967791750778446, 37.476836715467293 ], [ 126.967560645215173, 37.476891430222985 ], [ 126.967498929257488, 37.476863661603034 ], [ 126.967283354809211, 37.477066955556531 ], [ 126.96717024846798, 37.477183513324832 ], [ 126.967096839304091, 37.477259084248807 ], [ 126.967031125822388, 37.477326821356201 ], [ 126.966971630951292, 37.477388071226592 ], [ 126.966908742679948, 37.477452924982295 ], [ 126.966841668185523, 37.477522012185624 ], [ 126.966780707097996, 37.477584807647219 ], [ 126.966716461210609, 37.477651011501457 ], [ 126.966657644448702, 37.477711631609459 ], [ 126.966594641449547, 37.477776484259437 ], [ 126.96653028439691, 37.477842779879595 ], [ 126.966465358267811, 37.477909705095577 ], [ 126.966405296190814, 37.477970685106655 ], [ 126.966324988566868, 37.478052202807426 ], [ 126.966246717919063, 37.478131556853448 ], [ 126.966170595054081, 37.478208749985065 ], [ 126.966107817838122, 37.478272522135875 ], [ 126.966041423279748, 37.478339898075852 ], [ 126.965977176605193, 37.478405021217668 ], [ 126.965898904048217, 37.478484465127991 ], [ 126.965809432212069, 37.47857526002894 ], [ 126.965692857595812, 37.478608201418574 ], [ 126.965599119957645, 37.478634752522481 ], [ 126.965476544429549, 37.478669393866902 ], [ 126.965383824321208, 37.47869558470925 ], [ 126.965285792009254, 37.47872330555343 ], [ 126.965196350846298, 37.478748597152709 ], [ 126.965088707265721, 37.478779016983438 ], [ 126.964993839632967, 37.47880583665755 ], [ 126.964901686776358, 37.478831938097017 ], [ 126.964811680027054, 37.47885731842856 ], [ 126.964710480128943, 37.478885937911556 ], [ 126.964662277279515, 37.478899591087213 ], [ 126.964637250280674, 37.479255379025716 ], [ 126.964624099761821, 37.479617252389438 ], [ 126.964648937996387, 37.47959531202978 ], [ 126.964789936976388, 37.479470792420152 ], [ 126.965003684881978, 37.479399238016434 ], [ 126.965616193372668, 37.479194844185535 ], [ 126.966350764423581, 37.478897761441473 ], [ 126.966878035170765, 37.478416583850972 ], [ 126.967292348662298, 37.477977952568452 ], [ 126.967793048587623, 37.477802599315922 ], [ 126.968183209990656, 37.477276092224024 ], [ 126.96880495673031, 37.476593080945769 ], [ 126.9700831566891, 37.47652342898899 ], [ 126.970251770662912, 37.476535583193161 ], [ 126.97029232703585, 37.47584623693195 ], [ 126.970430151392804, 37.475552327395363 ], [ 126.970380765253353, 37.475547114003973 ], [ 126.970233353811892, 37.475527523318192 ], [ 126.970202151924823, 37.475523820943906 ], [ 126.970163233957834, 37.475596611624468 ] ] ] } },
{ "type": "Feature", "properties": { "ID": "생활서비스시설_공원_1373", "CODE": "ZON216", "ENT_NAME": "생활서비스시설_공원", "JOSER_ID": null, "GOSI_ID": null, "LABEL": "어린이공원(모래내)", "GOSI_DATE": null }, "geometry": { "type": "Polygon", "coordinates": [ [ [ 126.955322175584016, 37.477746784431503 ], [ 126.955295425143007, 37.477786084692291 ], [ 126.955390186749881, 37.478025454899814 ], [ 126.955505396468794, 37.477995235156683 ], [ 126.95565278921876, 37.477956387186765 ], [ 126.955758683816853, 37.477928469244738 ], [ 126.955846302599909, 37.477906672761769 ], [ 126.955967715994632, 37.477880896904864 ], [ 126.955869293469391, 37.477637263098963 ], [ 126.955827475584243, 37.477616794189636 ], [ 126.955322175584016, 37.477746784431503 ] ] ] } },
{ "type": "Feature", "properties": { "ID": "생활서비스시설_공원_1435", "CODE": "ZON216", "ENT_NAME": "생활서비스시설_공원", "JOSER_ID": null, "GOSI_ID": null, "LABEL": "어린이공원(일선)", "GOSI_DATE": null }, "geometry": { "type": "Polygon", "coordinates": [ [ [ 126.949376864451679, 37.477793412614119 ], [ 126.949224337718192, 37.477846117806742 ], [ 126.949197764398576, 37.477855377355453 ], [ 126.949257263913552, 37.477969558841117 ], [ 126.949312354657749, 37.478075298661075 ], [ 126.949354705340426, 37.478156577833957 ], [ 126.949676307198786, 37.478046870094985 ], [ 126.949697590448181, 37.478005163036187 ], [ 126.949555104726741, 37.477731828346371 ], [ 126.949376864451679, 37.477793412614119 ] ] ] } },
{ "type": "Feature", "properties": { "ID": "생활서비스시설_공원_1367", "CODE": "ZON216", "ENT_NAME": "생활서비스시설_공원", "JOSER_ID": null, "GOSI_ID": null, "LABEL": "어린이공원(장미)", "GOSI_DATE": null }, "geometry": { "type": "Polygon", "coordinates": [ [ [ 126.962495508412388, 37.479277168478191 ], [ 126.962545175117754, 37.479254312936021 ], [ 126.962500579679784, 37.479178074360945 ], [ 126.962482617758809, 37.479148614676859 ], [ 126.962451497215028, 37.479099427708697 ], [ 126.962381874760496, 37.478972858050938 ], [ 126.962310792685329, 37.479000506059528 ], [ 126.962299325808814, 37.479092583749292 ], [ 126.962425328132184, 37.479309459714635 ], [ 126.962472791991388, 37.479287621606382 ], [ 126.962495508412388, 37.479277168478191 ] ] ] } },
{ "type": "Feature", "properties": { "ID": "생활서비스시설_공원_1388", "CODE": "ZON216", "ENT_NAME": "생활서비스시설_공원", "JOSER_ID": null, "GOSI_ID": null, "LABEL": "어린이공원(까치)", "GOSI_DATE": null }, "geometry": { "type": "Polygon", "coordinates": [ [ [ 126.959616729715734, 37.479639583847153 ], [ 126.959425400774549, 37.479723796459886 ], [ 126.959227876354703, 37.479803032113502 ], [ 126.959380223432902, 37.480044753232342 ], [ 126.959415259971436, 37.480065488761099 ], [ 126.959865791940928, 37.47989225964389 ], [ 126.959770462377122, 37.479729414980078 ], [ 126.95969318613497, 37.479609490442009 ], [ 126.959616729715734, 37.479639583847153 ] ] ] } },
{ "type": "Feature", "properties": { "ID": "생활서비스시설_공원_1383", "CODE": "ZON216", "ENT_NAME": "생활서비스시설_공원", "JOSER_ID": null, "GOSI_ID": null, "LABEL": "어린이공원(송학)", "GOSI_DATE": null }, "geometry": { "type": "Polygon", "coordinates": [ [ [ 126.949226441934883, 37.480182371549702 ], [ 126.949043096602708, 37.48047195510302 ], [ 126.94907180180499, 37.480490527579761 ], [ 126.949515658212306, 37.48045085171718 ], [ 126.949497506880817, 37.480321526562847 ], [ 126.949486414417052, 37.48024034052662 ], [ 126.94934023851043, 37.480179863908454 ], [ 126.949251332074695, 37.480143064649361 ], [ 126.949226441934883, 37.480182371549702 ] ] ] } },
{ "type": "Feature", "properties": { "ID": "생활서비스시설_공원_1375", "CODE": "ZON216", "ENT_NAME": "생활서비스시설_공원", "JOSER_ID": null, "GOSI_ID": null, "LABEL": "마을마당(봉천6동)", "GOSI_DATE": null }, "geometry": { "type": "Polygon", "coordinates": [ [ [ 126.962498856664567, 37.480274115467076 ], [ 126.962326918146672, 37.480336091635941 ], [ 126.962587626564968, 37.480523749248931 ], [ 126.962594950788954, 37.480418649813515 ], [ 126.962550970059937, 37.480352510803137 ], [ 126.962498856664567, 37.480274115467076 ] ] ] } },
{ "type": "Feature", "properties": { "ID": "생활서비스시설_공원_1400", "CODE": "ZON216", "ENT_NAME": "생활서비스시설_공원", "JOSER_ID": null, "GOSI_ID": null, "LABEL": "마을마당(마을마당)", "GOSI_DATE": null }, "geometry": { "type": "Polygon", "coordinates": [ [ [ 126.94973825550629, 37.480882521135335 ], [ 126.949730258282301, 37.480834093300118 ], [ 126.949667348389255, 37.480840679064173 ], [ 126.949674005814771, 37.480889105414789 ], [ 126.94973825550629, 37.480882521135335 ] ] ] } },
{ "type": "Feature", "properties": { "ID": "생활서비스시설_공원_1387", "CODE": "ZON216", "ENT_NAME": "생활서비스시설_공원", "JOSER_ID": null, "GOSI_ID": null, "LABEL": "어린이공원(청룡)", "GOSI_DATE": null }, "geometry": { "type": "Polygon", "coordinates": [ [ [ 126.944721523033238, 37.477519953454518 ], [ 126.944574613473904, 37.477529542396958 ], [ 126.944618135527818, 37.477818230005703 ], [ 126.944901128182664, 37.477796381480637 ], [ 126.944919244208464, 37.47776332338379 ], [ 126.944878366741463, 37.47750429003024 ], [ 126.944721523033238, 37.477519953454518 ] ] ] } },
{ "type": "Feature", "properties": { "ID": "생활서비스시설_공원_1392", "CODE": "ZON216", "ENT_NAME": "생활서비스시설_공원", "JOSER_ID": null, "GOSI_ID": null, "LABEL": "어린이공원(장군봉)", "GOSI_DATE": null }, "geometry": { "type": "Polygon", "coordinates": [ [ [ 126.939132161302922, 37.478155172197205 ], [ 126.939030650257081, 37.478085209819426 ], [ 126.938889180743601, 37.478008837177683 ], [ 126.938934014056372, 37.478178304262237 ], [ 126.939132161302922, 37.478155172197205 ] ] ] } },
{ "type": "Feature", "properties": { "ID": "생활서비스시설_공원_1384", "CODE": "ZON216", "ENT_NAME": "생활서비스시설_공원", "JOSER_ID": null, "GOSI_ID": null, "LABEL": "어린이공원(청룡)", "GOSI_DATE": null }, "geometry": { "type": "Polygon", "coordinates": [ [ [ 126.941782522952849, 37.478655200320546 ], [ 126.941755700120552, 37.478678136177585 ], [ 126.941767713397809, 37.47875496167358 ], [ 126.942263406736799, 37.479061678047692 ], [ 126.942333826429959, 37.479034691391981 ], [ 126.942273740996058, 37.478628085088722 ], [ 126.942254197309012, 37.478610415651453 ], [ 126.941782522952849, 37.478655200320546 ] ] ] } },
{ "type": "Feature", "properties": { "ID": "생활서비스시설_공원_1412", "CODE": "ZON216", "ENT_NAME": "생활서비스시설_공원", "JOSER_ID": null, "GOSI_ID": null, "LABEL": "근린공원(장군봉<시공원>)", "GOSI_DATE": null }, "geometry": { "type": "Polygon", "coordinates": [ [ [ 126.933996176020685, 37.480971385265761 ], [ 126.934082152814611, 37.481252863077529 ], [ 126.934086580320056, 37.481257830122253 ], [ 126.934096249473527, 37.481267646644497 ], [ 126.934233234929266, 37.481365681603229 ], [ 126.934322933387975, 37.481420450462259 ], [ 126.934191041383016, 37.481441810211734 ], [ 126.934204994406272, 37.481528557568303 ], [ 126.934223024023012, 37.481620813263241 ], [ 126.934233985934611, 37.481675572459757 ], [ 126.934248570484584, 37.481713775113555 ], [ 126.934260681959259, 37.481749948203579 ], [ 126.934277072792085, 37.481802548081554 ], [ 126.934288281494403, 37.481824214532381 ], [ 126.934296454818977, 37.481839221756182 ], [ 126.9343266366444, 37.481894659516414 ], [ 126.934474273993615, 37.48200655674205 ], [ 126.934650036232327, 37.482147250385687 ], [ 126.934835223824265, 37.48229702216728 ], [ 126.934904858772967, 37.482400117070867 ], [ 126.934997041080223, 37.48252075000282 ], [ 126.935044418817114, 37.48256914241297 ], [ 126.935150622053314, 37.482641642611746 ], [ 126.935186163248957, 37.482660835875024 ], [ 126.93523907814523, 37.482669236769908 ], [ 126.935329334455389, 37.482670971332304 ], [ 126.935423490695911, 37.482649147725532 ], [ 126.935423702859751, 37.482649594740828 ], [ 126.935423859093888, 37.48264935876589 ], [ 126.935953496534836, 37.482586616176526 ], [ 126.935954195176876, 37.482586712070308 ], [ 126.936083978403602, 37.482572461693898 ], [ 126.936215968812078, 37.482557920470271 ], [ 126.936920463488008, 37.482480981069415 ], [ 126.9369713855301, 37.482474497360094 ], [ 126.937518484915557, 37.482229096392587 ], [ 126.938315646943323, 37.481870780955184 ], [ 126.937776515079179, 37.481484667238455 ], [ 126.937482798977101, 37.481242239052719 ], [ 126.938434996064998, 37.479755931899305 ], [ 126.938709163286191, 37.478934540018251 ], [ 126.938790443232094, 37.478942746269006 ], [ 126.93899630262068, 37.478963525249974 ], [ 126.939250686689448, 37.478956450652895 ], [ 126.939467484671539, 37.47891549702917 ], [ 126.939538388979287, 37.478839390573384 ], [ 126.939353680532278, 37.478576902880654 ], [ 126.939327287548195, 37.478489544967573 ], [ 126.939312343222227, 37.478378355266571 ], [ 126.939251347572224, 37.478380628805809 ], [ 126.938629544519401, 37.478426693913995 ], [ 126.93861449499208, 37.478428783436257 ], [ 126.93857583727258, 37.478433331832385 ], [ 126.938434355484574, 37.478449347381037 ], [ 126.938303526683242, 37.478464307079264 ], [ 126.938153901737778, 37.478481187402352 ], [ 126.938007703519389, 37.478500670570156 ], [ 126.937850414736744, 37.478519758349222 ], [ 126.93769838722001, 37.478533876130939 ], [ 126.937553118861658, 37.478548491124997 ], [ 126.937422807533238, 37.47856607204335 ], [ 126.937280656921388, 37.47858360133246 ], [ 126.937259420850964, 37.478495931312104 ], [ 126.936974901900712, 37.478535842904932 ], [ 126.936910816168279, 37.478544746723955 ], [ 126.936788122112887, 37.478565322432999 ], [ 126.936666250848347, 37.478586121013571 ], [ 126.936516543439325, 37.478610051359198 ], [ 126.936364517598676, 37.478634763207381 ], [ 126.9362445698751, 37.478654780343632 ], [ 126.936121916317035, 37.478673875937687 ], [ 126.936004707842102, 37.478692580685468 ], [ 126.935889952039474, 37.478709382862135 ], [ 126.935853915969602, 37.478715022035679 ], [ 126.935776058716712, 37.478735323367985 ], [ 126.935665859683169, 37.478764210296738 ], [ 126.935577043537904, 37.478787317416845 ], [ 126.935584357367318, 37.478789674013768 ], [ 126.935708474113525, 37.478826123853963 ], [ 126.935718045551269, 37.478828643880192 ], [ 126.935724838864871, 37.478832818400271 ], [ 126.935742985207114, 37.478843596375349 ], [ 126.935839440043054, 37.478898655286116 ], [ 126.935934178375049, 37.478954218627038 ], [ 126.935961987478663, 37.478957548843695 ], [ 126.935971341298981, 37.478964608876836 ], [ 126.935981532289901, 37.478972337015861 ], [ 126.936175234410626, 37.478996491122892 ], [ 126.936098320626684, 37.479065185995516 ], [ 126.936061651009922, 37.479148913806341 ], [ 126.936029294857761, 37.47918682715337 ], [ 126.935979420773762, 37.479243770746351 ], [ 126.935749931135675, 37.479365134321561 ], [ 126.935452950451847, 37.479480612233225 ], [ 126.935396812386699, 37.479511827574463 ], [ 126.935363387945799, 37.479529820792543 ], [ 126.935269110741373, 37.479580385350964 ], [ 126.93522274834406, 37.479628580961467 ], [ 126.935142353491273, 37.479714743673803 ], [ 126.935045892202098, 37.479882086555094 ], [ 126.935010908606131, 37.479874373217328 ], [ 126.935032527281962, 37.479883691829194 ], [ 126.935022263178155, 37.47989465124413 ], [ 126.93507525982163, 37.479952796563744 ], [ 126.935094493592146, 37.479974213374511 ], [ 126.935188427066947, 37.480074043963249 ], [ 126.934574036645145, 37.480524361381185 ], [ 126.934520127731915, 37.480564847967862 ], [ 126.934481149281453, 37.480585206516828 ], [ 126.934369033588382, 37.48064368994055 ], [ 126.934245162847205, 37.480708554666577 ], [ 126.934172730238615, 37.480749955874764 ], [ 126.934122300165029, 37.480779958404987 ], [ 126.934010679884324, 37.480846371483516 ], [ 126.933958367230701, 37.480857540133918 ], [ 126.933996176020685, 37.480971385265761 ] ] ] } },
{ "type": "Feature", "properties": { "ID": "생활서비스시설_공원_1438", "CODE": "ZON216", "ENT_NAME": "생활서비스시설_공원", "JOSER_ID": null, "GOSI_ID": null, "LABEL": "어린이공원(비안)", "GOSI_DATE": null }, "geometry": { "type": "Polygon", "coordinates": [ [ [ 126.939864886907401, 37.48060085936703 ], [ 126.940089022789294, 37.480991677404269 ], [ 126.940138191373165, 37.481077496319742 ], [ 126.940150292021869, 37.481072186695712 ], [ 126.940497701404411, 37.480920134289349 ], [ 126.940504169039485, 37.480891574978997 ], [ 126.940084214252764, 37.480553978255159 ], [ 126.940029185691046, 37.48054192937105 ], [ 126.939864886907401, 37.48060085936703 ] ] ] } },
{ "type": "Feature", "properties": { "ID": "생활서비스시설_공원_1413", "CODE": "ZON216", "ENT_NAME": "생활서비스시설_공원", "JOSER_ID": null, "GOSI_ID": null, "LABEL": "어린이공원(충효)", "GOSI_DATE": null }, "geometry": { "type": "MultiPolygon", "coordinates": [ [ [ [ 126.940673029277647, 37.480898979081296 ], [ 126.940669943895983, 37.480940783063254 ], [ 126.941062964285905, 37.481247848789415 ], [ 126.941102410895581, 37.481262104787859 ], [ 126.941445023091291, 37.481156817235679 ], [ 126.941433796908186, 37.481141817961785 ], [ 126.941314064634795, 37.481074578347069 ], [ 126.941323018495282, 37.481045606699517 ], [ 126.941148835841574, 37.480906439242993 ], [ 126.941054310231266, 37.48081895862353 ], [ 126.941026280343962, 37.480834521693744 ], [ 126.940950802782496, 37.480749032943521 ], [ 126.940673029277647, 37.480898979081296 ] ] ], [ [ [ 126.940288232320853, 37.480634146247141 ], [ 126.940569523275499, 37.480858200469427 ], [ 126.940626885709364, 37.480863284661041 ], [ 126.940907531717343, 37.480712312061421 ], [ 126.940865545567391, 37.48066516002644 ], [ 126.940864450899525, 37.480634695699869 ], [ 126.940813577460233, 37.48056068833511 ], [ 126.940770451302342, 37.480469475799751 ], [ 126.940288232320853, 37.480634146247141 ] ] ] ] } },
{ "type": "Feature", "properties": { "ID": "생활서비스시설_공원_1418", "CODE": "ZON216", "ENT_NAME": "생활서비스시설_공원", "JOSER_ID": null, "GOSI_ID": null, "LABEL": "마을마당(신림본동1)", "GOSI_DATE": null }, "geometry": { "type": "Polygon", "coordinates": [ [ [ 126.930038548034162, 37.480773230258556 ], [ 126.92976223768926, 37.481059752456893 ], [ 126.929918720571436, 37.481087271159211 ], [ 126.929926809179889, 37.481059715326154 ], [ 126.929969085637197, 37.48093888149468 ], [ 126.930017700853227, 37.480819618322826 ], [ 126.930038548034162, 37.480773230258556 ] ] ] } },
{ "type": "Feature", "properties": { "ID": "생활서비스시설_공원_1386", "CODE": "ZON216", "ENT_NAME": "생활서비스시설_공원", "JOSER_ID": null, "GOSI_ID": null, "LABEL": "마을마당(신림본동3)", "GOSI_DATE": null }, "geometry": { "type": "Polygon", "coordinates": [ [ [ 126.929504110417909, 37.482137458878412 ], [ 126.929474973290212, 37.481965499432533 ], [ 126.929359452724157, 37.482063074962724 ], [ 126.929476575361718, 37.482148054988521 ], [ 126.929504110417909, 37.482137458878412 ] ] ] } },
{ "type": "Feature", "properties": { "ID": "생활서비스시설_공원_1379", "CODE": "ZON216", "ENT_NAME": "생활서비스시설_공원", "JOSER_ID": null, "GOSI_ID": null, "LABEL": "어린이공원(봉림)", "GOSI_DATE": null }, "geometry": { "type": "Polygon", "coordinates": [ [ [ 126.93553964820741, 37.482894232718984 ], [ 126.935559454797726, 37.482886250994817 ], [ 126.935684590601014, 37.482835917869771 ], [ 126.935836057631562, 37.482775005278498 ], [ 126.935899226276575, 37.482748568957952 ], [ 126.936025640980588, 37.482697525290554 ], [ 126.935953424018237, 37.482586795435559 ], [ 126.935954195176876, 37.482586712070308 ], [ 126.935953496534836, 37.482586616176526 ], [ 126.935423859093888, 37.48264935876589 ], [ 126.935423702859751, 37.482649594740828 ], [ 126.93553964820741, 37.482894232718984 ] ] ] } },
{ "type": "Feature", "properties": { "ID": "생활서비스시설_공원_1428", "CODE": "ZON216", "ENT_NAME": "생활서비스시설_공원", "JOSER_ID": null, "GOSI_ID": null, "LABEL": "마을마당(신림본동2)", "GOSI_DATE": null }, "geometry": { "type": "Polygon", "coordinates": [ [ [ 126.932964117223037, 37.482852194475718 ], [ 126.932961498919411, 37.482708384151692 ], [ 126.932916062516142, 37.482705834077024 ], [ 126.932917330179265, 37.482678372295361 ], [ 126.93274730864681, 37.482666363130328 ], [ 126.932729972252176, 37.482840831926403 ], [ 126.932861619417409, 37.482845539636976 ], [ 126.932964117223037, 37.482852194475718 ] ] ] } },
{ "type": "Feature", "properties": { "ID": "생활서비스시설_공원_1419", "CODE": "ZON216", "ENT_NAME": "생활서비스시설_공원", "JOSER_ID": null, "GOSI_ID": null, "LABEL": "어린이공원(보명)", "GOSI_DATE": null }, "geometry": { "type": "MultiPolygon", "coordinates": [ [ [ [ 126.925647785566071, 37.475737024052989 ], [ 126.925817074673787, 37.475541624137072 ], [ 126.925732465202799, 37.475464724320453 ], [ 126.925757189092508, 37.475375631045026 ], [ 126.925738940963043, 37.475286519224468 ], [ 126.925461846246577, 37.475602275865967 ], [ 126.925466030110741, 37.475645975367243 ], [ 126.925631266750798, 37.47573890555087 ], [ 126.925647785566071, 37.475737024052989 ] ] ], [ [ [ 126.925933841638468, 37.475725477217075 ], [ 126.925859275389683, 37.475575664000019 ], [ 126.925849086228283, 37.475567612426559 ], [ 126.925677874706224, 37.475764678007891 ], [ 126.925826144951358, 37.475847549050329 ], [ 126.925933841638468, 37.475725477217075 ] ] ], [ [ [ 126.925637857112761, 37.475807691394266 ], [ 126.92549649548566, 37.475968433042034 ], [ 126.925411907609202, 37.476065205699236 ], [ 126.925408909384203, 37.476068619467611 ], [ 126.925764056411808, 37.475880261597119 ], [ 126.925637857112761, 37.475807691394266 ] ] ] ] } },
{ "type": "Feature", "properties": { "ID": "생활서비스시설_공원_1448", "CODE": "ZON216", "ENT_NAME": "생활서비스시설_공원", "JOSER_ID": null, "GOSI_ID": null, "LABEL": "어린이공원(한라)", "GOSI_DATE": null }, "geometry": { "type": "Polygon", "coordinates": [ [ [ 126.914640951354457, 37.475581675757986 ], [ 126.914564408131241, 37.475793723487605 ], [ 126.914653345176689, 37.475805427142141 ], [ 126.914669572470359, 37.475792915138989 ], [ 126.914802043241622, 37.475716922787797 ], [ 126.91484832703685, 37.475689268044071 ], [ 126.914949688175369, 37.475679621428981 ], [ 126.915012692920641, 37.475649448854519 ], [ 126.915021890007878, 37.475645256015468 ], [ 126.915001803549657, 37.475641780561759 ], [ 126.914869120808291, 37.475627474541362 ], [ 126.914862088310016, 37.475627073844578 ], [ 126.914790708026004, 37.475606893089527 ], [ 126.914706435271754, 37.47555940605745 ], [ 126.914640951354457, 37.475581675757986 ] ] ] } },
{ "type": "Feature", "properties": { "ID": "생활서비스시설_공원_1415", "CODE": "ZON216", "ENT_NAME": "생활서비스시설_공원", "JOSER_ID": null, "GOSI_ID": null, "LABEL": "어린이공원(미성)", "GOSI_DATE": null }, "geometry": { "type": "Polygon", "coordinates": [ [ [ 126.913682401716898, 37.477107908929021 ], [ 126.913731105137543, 37.477260896511616 ], [ 126.913886341479909, 37.477124176565091 ], [ 126.913682401716898, 37.477107908929021 ] ] ] } },
{ "type": "Feature", "properties": { "ID": "생활서비스시설_공원_1411", "CODE": "ZON216", "ENT_NAME": "생활서비스시설_공원", "JOSER_ID": null, "GOSI_ID": null, "LABEL": "근린공원(신림)", "GOSI_DATE": null }, "geometry": { "type": "Polygon", "coordinates": [ [ [ 126.918016973997709, 37.481738628258903 ], [ 126.918510715895081, 37.481829154649013 ], [ 126.918745432913838, 37.481016718796802 ], [ 126.918777913521552, 37.480904296567289 ], [ 126.918830403620021, 37.480722871619093 ], [ 126.918890913215265, 37.480734085463126 ], [ 126.918893080154163, 37.480715977750066 ], [ 126.918907685134656, 37.480593810360389 ], [ 126.919055455133375, 37.479358912521249 ], [ 126.919078441472223, 37.479327483601743 ], [ 126.919099841483231, 37.479298215975192 ], [ 126.919104028719659, 37.479293443586698 ], [ 126.919131538441718, 37.479262017811209 ], [ 126.919165374177098, 37.479232218241066 ], [ 126.919214252174896, 37.479198283630218 ], [ 126.919264589106291, 37.479174172734986 ], [ 126.919348853914258, 37.479138191291916 ], [ 126.919431077052309, 37.479111308487475 ], [ 126.919507642701959, 37.479087575205369 ], [ 126.919613945745553, 37.479060707180906 ], [ 126.919679195808939, 37.479046969765889 ], [ 126.920159682603867, 37.478688376700454 ], [ 126.92047059109845, 37.478737961645592 ], [ 126.920513891649819, 37.478475169113359 ], [ 126.920528896644825, 37.478477104839229 ], [ 126.92052780112121, 37.478476065233281 ], [ 126.918698000021763, 37.478243125053815 ], [ 126.918750070484876, 37.478286919591945 ], [ 126.91872250606356, 37.478295346273001 ], [ 126.918702751914836, 37.478301386261677 ], [ 126.918659327612133, 37.478327564161852 ], [ 126.917861994198674, 37.478796417105706 ], [ 126.91735742876763, 37.479100992043172 ], [ 126.917038497580847, 37.479298119871828 ], [ 126.916354249482481, 37.479719063209899 ], [ 126.916323792990482, 37.479737783890727 ], [ 126.915877161841124, 37.479712610513658 ], [ 126.91586625695615, 37.479768463807353 ], [ 126.915720370602344, 37.479784819271494 ], [ 126.91558149700063, 37.479800349833219 ], [ 126.915389429227872, 37.48075586805188 ], [ 126.915292548723286, 37.481238733242677 ], [ 126.918016973997709, 37.481738628258903 ] ] ] } },
{ "type": "Feature", "properties": { "ID": "생활서비스시설_공원_1439", "CODE": "ZON216", "ENT_NAME": "생활서비스시설_공원", "JOSER_ID": null, "GOSI_ID": null, "LABEL": "어린이공원(난우)", "GOSI_DATE": null }, "geometry": { "type": "Polygon", "coordinates": [ [ [ 126.913861119150056, 37.4804588102811 ], [ 126.913852372109417, 37.480494320368727 ], [ 126.913954543787028, 37.480512714385569 ], [ 126.914073401028929, 37.480533830875238 ], [ 126.914102707861559, 37.48051379626687 ], [ 126.914106935584002, 37.480495950555422 ], [ 126.914121351517039, 37.480426269656064 ], [ 126.914140956692634, 37.480332434038573 ], [ 126.914157840102249, 37.48025058783309 ], [ 126.914174183694442, 37.480171105453003 ], [ 126.914172525800595, 37.480167608341667 ], [ 126.914164802005914, 37.480158539457918 ], [ 126.914150961067875, 37.480142274256913 ], [ 126.914021851577431, 37.480118834679395 ], [ 126.91396420496163, 37.48010838541304 ], [ 126.913942837975668, 37.480160724975519 ], [ 126.913929811053592, 37.480202629009426 ], [ 126.913921350779816, 37.480234663252538 ], [ 126.913903749685019, 37.480301560376446 ], [ 126.913885306425087, 37.480363482443281 ], [ 126.913876834730829, 37.480394614771328 ], [ 126.913861119150056, 37.4804588102811 ] ] ] } },
{ "type": "Feature", "properties": { "ID": "생활서비스시설_공원_1420", "CODE": "ZON216", "ENT_NAME": "생활서비스시설_공원", "JOSER_ID": null, "GOSI_ID": null, "LABEL": "어린이공원(호박골)", "GOSI_DATE": null }, "geometry": { "type": "Polygon", "coordinates": [ [ [ 126.923902186882785, 37.481873836217488 ], [ 126.92389479484018, 37.481914366509621 ], [ 126.923870186550246, 37.481996774841306 ], [ 126.923845465809777, 37.482079632692404 ], [ 126.924001752220022, 37.482111234325565 ], [ 126.924026291845166, 37.482028429482419 ], [ 126.924050799282554, 37.481946085924562 ], [ 126.924075009898829, 37.481864271954692 ], [ 126.92390841500368, 37.481829429052475 ], [ 126.923902186882785, 37.481873836217488 ] ] ] } },
{ "type": "Feature", "properties": { "ID": "생활서비스시설_공원_1403", "CODE": "ZON216", "ENT_NAME": "생활서비스시설_공원", "JOSER_ID": null, "GOSI_ID": null, "LABEL": "어린이공원(새숲)", "GOSI_DATE": null }, "geometry": { "type": "Polygon", "coordinates": [ [ [ 126.912881452626479, 37.482399552604527 ], [ 126.912871904608323, 37.482423412962675 ], [ 126.913007803312595, 37.482577541883174 ], [ 126.913186434888914, 37.482477851834254 ], [ 126.913189796127952, 37.482476017205521 ], [ 126.913246784538018, 37.48244482388337 ], [ 126.913388973907345, 37.48236581310551 ], [ 126.913424498061218, 37.482345548147649 ], [ 126.913418524794366, 37.482330308665411 ], [ 126.913204541129844, 37.482292052798677 ], [ 126.91317624653081, 37.482287004061668 ], [ 126.912938517961152, 37.482243866353912 ], [ 126.912881452626479, 37.482399552604527 ] ] ] } },
{ "type": "Feature", "properties": { "ID": "생활서비스시설_공원_1437", "CODE": "ZON216", "ENT_NAME": "생활서비스시설_공원", "JOSER_ID": null, "GOSI_ID": null, "LABEL": "어린이공원(남부)", "GOSI_DATE": null }, "geometry": { "type": "Polygon", "coordinates": [ [ [ 126.920660168491338, 37.484779236820074 ], [ 126.920547467474819, 37.484840462840495 ], [ 126.920354947477307, 37.484945513593722 ], [ 126.92031599722381, 37.484966552231825 ], [ 126.92043798780476, 37.485114882170407 ], [ 126.920504774181055, 37.485127065361247 ], [ 126.920660086133239, 37.485153642246864 ], [ 126.920699104719162, 37.485017726841797 ], [ 126.920776729677243, 37.484747159805849 ], [ 126.920755368886631, 37.484727593489204 ], [ 126.920660168491338, 37.484779236820074 ] ] ] } },
{ "type": "Feature", "properties": { "ID": "생활서비스시설_공원_1429", "CODE": "ZON216", "ENT_NAME": "생활서비스시설_공원", "JOSER_ID": null, "GOSI_ID": null, "LABEL": "어린이공원(금천)", "GOSI_DATE": null }, "geometry": { "type": "Polygon", "coordinates": [ [ [ 126.915112454116468, 37.48610557652573 ], [ 126.915080054015419, 37.486217936434691 ], [ 126.915056642166746, 37.486296441506376 ], [ 126.915029862271282, 37.486389397958149 ], [ 126.915017751314551, 37.486428824986163 ], [ 126.915034219886479, 37.486463976062765 ], [ 126.915217226776846, 37.486498159581416 ], [ 126.915240643114856, 37.486440241445543 ], [ 126.915260831704515, 37.486374121843049 ], [ 126.915274608266003, 37.486328576409498 ], [ 126.915295607172055, 37.486257816337222 ], [ 126.915307536080491, 37.486218245887564 ], [ 126.915328978856735, 37.486144902062115 ], [ 126.915340911612304, 37.486101951056831 ], [ 126.915293906677803, 37.486093464478486 ], [ 126.915167557773998, 37.486070118285383 ], [ 126.915112454116468, 37.48610557652573 ] ] ] } },
{ "type": "Feature", "properties": { "ID": "생활서비스시설_공원_1352", "CODE": "ZON216", "ENT_NAME": "생활서비스시설_공원", "JOSER_ID": null, "GOSI_ID": null, "LABEL": "근린공원(까치산<시공원>)", "GOSI_DATE": null }, "geometry": { "type": "MultiPolygon", "coordinates": [ [ [ [ 126.961069976144003, 37.483574813832853 ], [ 126.961112565952078, 37.483540227461688 ], [ 126.961160039730672, 37.483501437559035 ], [ 126.961228178190581, 37.483447788162991 ], [ 126.961298035758091, 37.483392949990531 ], [ 126.961425425362123, 37.483285711052375 ], [ 126.961459721382454, 37.483257305101276 ], [ 126.961718172612692, 37.48304517057224 ], [ 126.961768371835447, 37.483004020716045 ], [ 126.961827462325445, 37.482954233221605 ], [ 126.961866666889946, 37.482858010423236 ], [ 126.9619432204194, 37.482689035248796 ], [ 126.961973680308418, 37.482623110160368 ], [ 126.962043398909216, 37.482464566223733 ], [ 126.962097458707007, 37.482434049330593 ], [ 126.962186499793816, 37.482382163295973 ], [ 126.962223391587372, 37.482361308375154 ], [ 126.96238959841871, 37.482263992296282 ], [ 126.962630867457264, 37.48212131726099 ], [ 126.962690876597037, 37.482085423072974 ], [ 126.962776564854479, 37.4819782590437 ], [ 126.962801318966555, 37.4819467681425 ], [ 126.963107664016903, 37.481583701408553 ], [ 126.963160880270664, 37.481520342240742 ], [ 126.963247243369736, 37.481417502886373 ], [ 126.9634633947623, 37.481302172402394 ], [ 126.963778612806323, 37.481134245693035 ], [ 126.963947151675256, 37.481044064079974 ], [ 126.964040104654259, 37.480751633602324 ], [ 126.964016542125179, 37.480808035898171 ], [ 126.963938980257353, 37.480994391555548 ], [ 126.963293115549718, 37.481345368689546 ], [ 126.96309437282514, 37.481575646179977 ], [ 126.962690107204025, 37.482044164557166 ], [ 126.962661301968126, 37.482060462314045 ], [ 126.962614749230568, 37.482088045572475 ], [ 126.962049176745339, 37.482430932330992 ], [ 126.961822501504329, 37.482937878696696 ], [ 126.961762268516679, 37.482986619737311 ], [ 126.961068851449923, 37.483557619209975 ], [ 126.961069976144003, 37.483574813832853 ] ] ], [ [ [ 126.961630388123055, 37.484684490390549 ], [ 126.961636435155953, 37.484692844183961 ], [ 126.961692860405392, 37.484552771428611 ], [ 126.961689547461674, 37.484538601258144 ], [ 126.961630388123055, 37.484684490390549 ] ] ], [ [ [ 126.961987103975275, 37.485177278844489 ], [ 126.961987179988824, 37.485177083825171 ], [ 126.96198456570356, 37.48517377235207 ], [ 126.961987103975275, 37.485177278844489 ] ] ], [ [ [ 126.970083941019155, 37.476507774285267 ], [ 126.968897201283909, 37.47656785675575 ], [ 126.968877906338733, 37.47658910613503 ], [ 126.9700831566891, 37.47652342898899 ], [ 126.970251770662912, 37.476535583193161 ], [ 126.970253852965115, 37.476500190122472 ], [ 126.970083941019155, 37.476507774285267 ] ] ] ] } },
{ "type": "Feature", "properties": { "ID": "생활서비스시설_공원_1433", "CODE": "ZON216", "ENT_NAME": "생활서비스시설_공원", "JOSER_ID": null, "GOSI_ID": null, "LABEL": "어린이공원(새싹)", "GOSI_DATE": null }, "geometry": { "type": "Polygon", "coordinates": [ [ [ 126.949732501176342, 37.484278267383566 ], [ 126.949563672071349, 37.484298528866688 ], [ 126.949533390996152, 37.484267522012992 ], [ 126.949194379938234, 37.48449027914068 ], [ 126.949155128305037, 37.484516031283604 ], [ 126.949578004798113, 37.484661909786695 ], [ 126.949808182881029, 37.484695887477592 ], [ 126.94980367292527, 37.484677505083368 ], [ 126.949748764968732, 37.484452861484534 ], [ 126.949884114886714, 37.484437153188139 ], [ 126.94987668953938, 37.484383452082746 ], [ 126.949859925769388, 37.484262980012247 ], [ 126.949732501176342, 37.484278267383566 ] ] ] } },
{ "type": "Feature", "properties": { "ID": "생활서비스시설_공원_1436", "CODE": "ZON216", "ENT_NAME": "생활서비스시설_공원", "JOSER_ID": null, "GOSI_ID": null, "LABEL": "어린이공원(문성)", "GOSI_DATE": null }, "geometry": { "type": "Polygon", "coordinates": [ [ [ 126.902687854757488, 37.481989056832617 ], [ 126.902787379906613, 37.482102972517069 ], [ 126.902918717102196, 37.48217680209509 ], [ 126.903279684968595, 37.481707834312118 ], [ 126.903257537525619, 37.481698265284415 ], [ 126.902687854757488, 37.481989056832617 ] ] ] } },
{ "type": "Feature", "properties": { "ID": "생활서비스시설_공원_1378", "CODE": "ZON216", "ENT_NAME": "생활서비스시설_공원", "JOSER_ID": null, "GOSI_ID": null, "LABEL": "어린이공원(신봉)", "GOSI_DATE": null }, "geometry": { "type": "Polygon", "coordinates": [ [ [ 126.948147742171869, 37.484306032958514 ], [ 126.948170357350136, 37.484460420690077 ], [ 126.948182795686336, 37.484555825194754 ], [ 126.948632546132004, 37.484509309539717 ], [ 126.948656538896444, 37.484476785128422 ], [ 126.948234789857324, 37.484213614216863 ], [ 126.948147742171869, 37.484306032958514 ] ] ] } },
{ "type": "Feature", "properties": { "ID": "생활서비스시설_공원_1430", "CODE": "ZON216", "ENT_NAME": "생활서비스시설_공원", "JOSER_ID": null, "GOSI_ID": null, "LABEL": "어린이공원(선봉)", "GOSI_DATE": null }, "geometry": { "type": "Polygon", "coordinates": [ [ [ 126.939625620301783, 37.485032743212251 ], [ 126.939514095809074, 37.485082718224604 ], [ 126.939372111010528, 37.485146469636419 ], [ 126.939299461807877, 37.4851786962465 ], [ 126.939297612782909, 37.485226889809965 ], [ 126.93947529737062, 37.485280718932515 ], [ 126.939732955864926, 37.485358619325098 ], [ 126.939787997731514, 37.485235039783994 ], [ 126.939819454612902, 37.485165471915408 ], [ 126.939782274975812, 37.4851119240329 ], [ 126.939763788731398, 37.485087090897167 ], [ 126.939722170791441, 37.485028702300525 ], [ 126.939701255160927, 37.484999310621511 ], [ 126.939625620301783, 37.485032743212251 ] ] ] } },
{ "type": "Feature", "properties": { "ID": "생활서비스시설_공원_1432", "CODE": "ZON216", "ENT_NAME": "생활서비스시설_공원", "JOSER_ID": null, "GOSI_ID": null, "LABEL": "마을마당(봉천본동)", "GOSI_DATE": null }, "geometry": { "type": "Polygon", "coordinates": [ [ [ 126.935866923512052, 37.486155882636226 ], [ 126.935766719628987, 37.48619822801264 ], [ 126.935646375125657, 37.486245400451196 ], [ 126.93565874490659, 37.486268418904359 ], [ 126.935814620900459, 37.486270459953715 ], [ 126.935824500414299, 37.486272170140182 ], [ 126.935983757313821, 37.486259787824821 ], [ 126.935912864242724, 37.486167351762731 ], [ 126.935866923512052, 37.486155882636226 ] ] ] } },
{ "type": "Feature", "properties": { "ID": "생활서비스시설_공원_1394", "CODE": "ZON216", "ENT_NAME": "생활서비스시설_공원", "JOSER_ID": null, "GOSI_ID": null, "LABEL": "어린이공원(색동)", "GOSI_DATE": null }, "geometry": { "type": "Polygon", "coordinates": [ [ [ 126.932454849688511, 37.486469637398301 ], [ 126.932462967216935, 37.48648153535126 ], [ 126.932570827412633, 37.486635535198324 ], [ 126.9328171776706, 37.486529414675061 ], [ 126.932953084492013, 37.486470278953142 ], [ 126.932990772687091, 37.48645388458479 ], [ 126.932975219955708, 37.486399636225052 ], [ 126.93293558373972, 37.486392396210512 ], [ 126.932499712548164, 37.486312709296158 ], [ 126.932454849688511, 37.486469637398301 ] ] ] } },
{ "type": "Feature", "properties": { "ID": "생활서비스시설_공원_1369", "CODE": "ZON216", "ENT_NAME": "생활서비스시설_공원", "JOSER_ID": null, "GOSI_ID": null, "LABEL": "어린이공원(삼육)", "GOSI_DATE": null }, "geometry": { "type": "Polygon", "coordinates": [ [ [ 126.9343736698535, 37.48798268714301 ], [ 126.934379552500801, 37.487956615533278 ], [ 126.934258254555189, 37.487887702005558 ], [ 126.93426235944024, 37.488038584973417 ], [ 126.934364284576617, 37.488009684792139 ], [ 126.9343736698535, 37.48798268714301 ] ] ] } },
{ "type": "Feature", "properties": { "ID": "생활서비스시설_공원_1444", "CODE": "ZON216", "ENT_NAME": "생활서비스시설_공원", "JOSER_ID": null, "GOSI_ID": null, "LABEL": "어린이공원(은천)", "GOSI_DATE": null }, "geometry": { "type": "Polygon", "coordinates": [ [ [ 126.942847347470916, 37.488182592220497 ], [ 126.942882204099774, 37.488297986232368 ], [ 126.942918704829239, 37.488413459434149 ], [ 126.943193851052996, 37.488358381364527 ], [ 126.942824886806875, 37.488113555421585 ], [ 126.942847347470916, 37.488182592220497 ] ] ] } },
{ "type": "Feature", "properties": { "ID": "생활서비스시설_공원_1399", "CODE": "ZON216", "ENT_NAME": "생활서비스시설_공원", "JOSER_ID": null, "GOSI_ID": null, "LABEL": "어린이공원(당곡)", "GOSI_DATE": null }, "geometry": { "type": "Polygon", "coordinates": [ [ [ 126.933630860240143, 37.488791680878741 ], [ 126.933650392807692, 37.488797325153513 ], [ 126.933697000464392, 37.4886978535502 ], [ 126.933666736760927, 37.488616674066137 ], [ 126.933536539879881, 37.488686056442823 ], [ 126.933406557872672, 37.488756377641295 ], [ 126.933515512344002, 37.488792903880302 ], [ 126.933609211184489, 37.488823277330674 ], [ 126.933630860240143, 37.488791680878741 ] ] ] } },
{ "type": "Feature", "properties": { "ID": "생활서비스시설_공원_1391", "CODE": "ZON216", "ENT_NAME": "생활서비스시설_공원", "JOSER_ID": null, "GOSI_ID": null, "LABEL": "어린이공원(학다리)", "GOSI_DATE": null }, "geometry": { "type": "Polygon", "coordinates": [ [ [ 126.937550827882177, 37.488857205702828 ], [ 126.937719105319744, 37.488811448382478 ], [ 126.937719389400357, 37.488811130482745 ], [ 126.937717948542755, 37.488811509926876 ], [ 126.937623462627968, 37.488686372093809 ], [ 126.93748596045431, 37.488721158261889 ], [ 126.937550827882177, 37.488857205702828 ] ] ] } },
{ "type": "Feature", "properties": { "ID": "생활서비스시설_공원_1410", "CODE": "ZON216", "ENT_NAME": "생활서비스시설_공원", "JOSER_ID": null, "GOSI_ID": null, "LABEL": "어린이공원(국사봉)", "GOSI_DATE": null }, "geometry": { "type": "Polygon", "coordinates": [ [ [ 126.934309027549517, 37.490022230291601 ], [ 126.934309809017094, 37.490022086576083 ], [ 126.934284229813869, 37.489922061009857 ], [ 126.934124285056001, 37.489948547590004 ], [ 126.934124996845853, 37.489951703298438 ], [ 126.933977750695547, 37.489976306624115 ], [ 126.933961148557131, 37.489905485730837 ], [ 126.933894619768026, 37.489915250554724 ], [ 126.933905624157987, 37.489962838669001 ], [ 126.93378518625569, 37.489977727191885 ], [ 126.933870640561068, 37.490011490671371 ], [ 126.934031600190949, 37.490075085203948 ], [ 126.934309027549517, 37.490022230291601 ] ] ] } },
{ "type": "Feature", "properties": { "ID": "생활서비스시설_공원_1377", "CODE": "ZON216", "ENT_NAME": "생활서비스시설_공원", "JOSER_ID": null, "GOSI_ID": null, "LABEL": "어린이공원(국지)", "GOSI_DATE": null }, "geometry": { "type": "Polygon", "coordinates": [ [ [ 126.940258735494439, 37.489955434568301 ], [ 126.940297863442382, 37.489969315834628 ], [ 126.940471586764659, 37.490246624538344 ], [ 126.940472755785649, 37.490246826065331 ], [ 126.940828767868737, 37.490173011225252 ], [ 126.940806094356091, 37.490076528592006 ], [ 126.940793832309225, 37.490040618336096 ], [ 126.940787374313885, 37.490013124601482 ], [ 126.940763451545791, 37.489982135917828 ], [ 126.940746041755361, 37.489921930243028 ], [ 126.940710305200653, 37.489802954606326 ], [ 126.940197168727664, 37.489910376951265 ], [ 126.94019520210901, 37.48991070839967 ], [ 126.940258735494439, 37.489955434568301 ] ] ] } },
{ "type": "Feature", "properties": { "ID": "생활서비스시설_공원_1364", "CODE": "ZON216", "ENT_NAME": "생활서비스시설_공원", "JOSER_ID": null, "GOSI_ID": null, "LABEL": "어린이공원(새들)", "GOSI_DATE": null }, "geometry": { "type": "Polygon", "coordinates": [ [ [ 126.925618794737559, 37.48852494454961 ], [ 126.925605258117855, 37.488572714097032 ], [ 126.925582285626945, 37.488658501592568 ], [ 126.925557667491006, 37.488748033482509 ], [ 126.925544206575069, 37.488798011421402 ], [ 126.925598442702437, 37.488824715890097 ], [ 126.925664287188482, 37.488809683544027 ], [ 126.925771497107476, 37.48878528656099 ], [ 126.925873475735642, 37.488762529556006 ], [ 126.925969597134895, 37.488740948127294 ], [ 126.925933045042726, 37.488613533222242 ], [ 126.925908925348921, 37.488524182710236 ], [ 126.925787021357095, 37.488504625914558 ], [ 126.925631348827835, 37.48847933406693 ], [ 126.925618794737559, 37.48852494454961 ] ] ] } },
{ "type": "Feature", "properties": { "ID": "생활서비스시설_공원_1371", "CODE": "ZON216", "ENT_NAME": "생활서비스시설_공원", "JOSER_ID": null, "GOSI_ID": null, "LABEL": "마을마당(신림5동)", "GOSI_DATE": null }, "geometry": { "type": "Polygon", "coordinates": [ [ [ 126.922745904165936, 37.488945146760862 ], [ 126.922819599556178, 37.48896063901288 ], [ 126.922873402498084, 37.488968306308273 ], [ 126.922893051487534, 37.488971103475706 ], [ 126.922910737213542, 37.488905153017029 ], [ 126.922700757702941, 37.488867846874825 ], [ 126.922683111797298, 37.488969982398643 ], [ 126.922736664388637, 37.488978082069366 ], [ 126.922745904165936, 37.488945146760862 ] ] ] } },
{ "type": "Feature", "properties": { "ID": "생활서비스시설_공원_1879", "CODE": "ZON216", "ENT_NAME": "생활서비스시설_공원", "JOSER_ID": null, "GOSI_ID": null, "LABEL": "근린공원(보라매)", "GOSI_DATE": null }, "geometry": { "type": "Polygon", "coordinates": [ [ [ 126.926239884082335, 37.493202874074242 ], [ 126.92622014590782, 37.493193069433239 ], [ 126.926223215109914, 37.493192816406321 ], [ 126.926247712962052, 37.493176496893184 ], [ 126.926260155381712, 37.493183983115784 ], [ 126.926270698954497, 37.493189476918644 ], [ 126.926325554024572, 37.493201152756349 ], [ 126.926377731925015, 37.493221349421042 ], [ 126.92638224282193, 37.493225668077727 ], [ 126.926402159900704, 37.493217195127869 ], [ 126.926487772212312, 37.493181532100337 ], [ 126.926544604464354, 37.493159854988129 ], [ 126.926579637088793, 37.493147587578662 ], [ 126.92659940411113, 37.493022117899656 ], [ 126.926611813198775, 37.492973534858145 ], [ 126.926630365360211, 37.492886880365347 ], [ 126.926667622446104, 37.492717866529262 ], [ 126.92667410943784, 37.492687542990026 ], [ 126.926524646707747, 37.492662742806452 ], [ 126.926510198133244, 37.492661128954346 ], [ 126.926277650300236, 37.492650188018871 ], [ 126.926152425325597, 37.492644017449962 ], [ 126.926065669492516, 37.492656829255239 ], [ 126.925646449600166, 37.492719936209973 ], [ 126.925595625977621, 37.492727480068488 ], [ 126.925604222194309, 37.492736370349533 ], [ 126.925599857296703, 37.492736466654925 ], [ 126.925556279182459, 37.492742232279184 ], [ 126.925557509342028, 37.49274600046467 ], [ 126.925576940085435, 37.492797910539821 ], [ 126.925636865190853, 37.492859874752241 ], [ 126.925729061953618, 37.492900352775912 ], [ 126.92580015493192, 37.492955521519995 ], [ 126.925919493770039, 37.493049004577692 ], [ 126.925975351602261, 37.49306301481019 ], [ 126.926015580017719, 37.493101504201043 ], [ 126.926099787531285, 37.493182107353839 ], [ 126.926146094748333, 37.493203013066093 ], [ 126.926177227529465, 37.493240449338714 ], [ 126.926239884082335, 37.493202874074242 ] ] ] } },
{ "type": "Feature", "properties": { "ID": "생활서비스시설_공원_0027", "CODE": "ZON216", "ENT_NAME": "생활서비스시설_공원", "JOSER_ID": null, "GOSI_ID": null, "LABEL": "근린공원(보라매)", "GOSI_DATE": null }, "geometry": { "type": "Polygon", "coordinates": [ [ [ 126.926229098153257, 37.493247318916922 ], [ 126.926241540583732, 37.493254804240394 ], [ 126.926252086427567, 37.493260297145326 ], [ 126.926306939284018, 37.493271973891126 ], [ 126.926359099134302, 37.49329217235433 ], [ 126.926363607771904, 37.493296491911238 ], [ 126.926383528265745, 37.493288017164822 ], [ 126.926469158759645, 37.493252354162806 ], [ 126.926525992201533, 37.493230677060609 ], [ 126.926561023732233, 37.493218408755112 ], [ 126.92658079080455, 37.493092939080796 ], [ 126.926593198785284, 37.493044356041146 ], [ 126.926611750985856, 37.492957701552342 ], [ 126.926649010410699, 37.492788687725692 ], [ 126.926655495153668, 37.492758365087425 ], [ 126.926506034550258, 37.492733564881895 ], [ 126.926491582570222, 37.492731951025377 ], [ 126.926259037913653, 37.492721009154302 ], [ 126.926133809429132, 37.492714839464455 ], [ 126.926047056904153, 37.492727650356969 ], [ 126.925627835468674, 37.492790758144722 ], [ 126.92557727999683, 37.492798262017971 ], [ 126.925636865190853, 37.492859874752241 ], [ 126.925729061953618, 37.492900352775912 ], [ 126.92580015493192, 37.492955521519995 ], [ 126.925919493770039, 37.493049004577692 ], [ 126.925975351602261, 37.49306301481019 ], [ 126.926015580017719, 37.493101504201043 ], [ 126.926099787531285, 37.493182107353839 ], [ 126.926146094748333, 37.493203013066093 ], [ 126.926188527077485, 37.493254036708429 ], [ 126.92620488446768, 37.493263449107502 ], [ 126.926229098153257, 37.493247318916922 ] ] ] } },
{ "type": "Feature", "properties": { "ID": "생활서비스시설_공원_1397", "CODE": "ZON216", "ENT_NAME": "생활서비스시설_공원", "JOSER_ID": null, "GOSI_ID": null, "LABEL": "어린이공원(국회단지)", "GOSI_DATE": null }, "geometry": { "type": "Polygon", "coordinates": [ [ [ 126.942969075143765, 37.490525301028882 ], [ 126.943003898357631, 37.490470609554478 ], [ 126.943021384810805, 37.490463987753401 ], [ 126.943240158567065, 37.490352109658971 ], [ 126.943359283091795, 37.490291125597288 ], [ 126.943464585876868, 37.490192817001159 ], [ 126.943516774365349, 37.490144087712082 ], [ 126.94356621232383, 37.490096016582591 ], [ 126.943560214902675, 37.490087220780417 ], [ 126.943131355737307, 37.490180027089941 ], [ 126.942872744857794, 37.490235934013825 ], [ 126.942902249418026, 37.490335572237285 ], [ 126.942929981216054, 37.490429208912069 ], [ 126.942955953125221, 37.490530754586295 ], [ 126.942969075143765, 37.490525301028882 ] ] ] } },
{ "type": "Feature", "properties": { "ID": "생활서비스시설_공원_1450", "CODE": "ZON216", "ENT_NAME": "생활서비스시설_공원", "JOSER_ID": null, "GOSI_ID": null, "LABEL": "근린공원((상도)<시공원>)", "GOSI_DATE": null }, "geometry": { "type": "MultiPolygon", "coordinates": [ [ [ [ 126.934410817638849, 37.490895618485382 ], [ 126.934741121775488, 37.491083898378051 ], [ 126.934761845088687, 37.491086423878308 ], [ 126.934852945025327, 37.491091810134833 ], [ 126.935009581756177, 37.491125829166229 ], [ 126.935356530619444, 37.491201572798857 ], [ 126.935420127809493, 37.491210348093112 ], [ 126.935481486271016, 37.49124592775101 ], [ 126.935613646156398, 37.491363599150993 ], [ 126.935555420247255, 37.491677213731251 ], [ 126.935542485169037, 37.491713553744674 ], [ 126.935521078935608, 37.491778853467316 ], [ 126.935509334514776, 37.491839612138286 ], [ 126.935500725141765, 37.491870151222734 ], [ 126.935436222697007, 37.492079677812114 ], [ 126.934991520732737, 37.492313624230164 ], [ 126.934747911330248, 37.492553171666799 ], [ 126.934744238712199, 37.492560638879027 ], [ 126.934688403304563, 37.492635543457226 ], [ 126.934679566651482, 37.492692248281493 ], [ 126.934682955089968, 37.493020045877145 ], [ 126.934788521841767, 37.492986780557565 ], [ 126.935268725575654, 37.492838926430991 ], [ 126.935334803599616, 37.492818618888606 ], [ 126.935375013954854, 37.492805946318995 ], [ 126.935404805283838, 37.492785600397873 ], [ 126.935559169328926, 37.492668133230779 ], [ 126.935843950037253, 37.492454646791387 ], [ 126.936151317515879, 37.492350012938452 ], [ 126.936193474954166, 37.492295462692901 ], [ 126.936352384580829, 37.492097438591976 ], [ 126.936553963335129, 37.492009756168528 ], [ 126.936647293355705, 37.492000662298572 ], [ 126.937047177343302, 37.491961444409355 ], [ 126.937303256132751, 37.491941716815248 ], [ 126.937416520464112, 37.4919998477638 ], [ 126.937593929245509, 37.492036308237054 ], [ 126.937873459904111, 37.492230228178556 ], [ 126.938180899132547, 37.492223671926695 ], [ 126.938377281457448, 37.492356169958349 ], [ 126.938833440055603, 37.492336302533261 ], [ 126.939210946068911, 37.49221620971916 ], [ 126.939460907918303, 37.49229189912139 ], [ 126.939460948160288, 37.492292279844591 ], [ 126.939460980642252, 37.492292289680051 ], [ 126.939463997664362, 37.492320843046969 ], [ 126.939489151335707, 37.492470899427211 ], [ 126.939559180962448, 37.492554727305084 ], [ 126.93971082770156, 37.492611389520931 ], [ 126.939710866837629, 37.492611748062437 ], [ 126.939710880073008, 37.492611753007814 ], [ 126.939729435246207, 37.492781764775472 ], [ 126.939978021394026, 37.492883721035028 ], [ 126.940144101695495, 37.492908071346712 ], [ 126.940371347405687, 37.492944589562583 ], [ 126.940550905873678, 37.492831048259134 ], [ 126.940811662703041, 37.492887900461191 ], [ 126.940943358140515, 37.492741888954868 ], [ 126.941052237342944, 37.492395357116138 ], [ 126.941199790788588, 37.492340390454061 ], [ 126.941505579023385, 37.492249319928831 ], [ 126.941544262681646, 37.492192729747309 ], [ 126.941559986474829, 37.492185097248452 ], [ 126.941666699746619, 37.492167680965238 ], [ 126.941827165718266, 37.492183700830367 ], [ 126.941904761192447, 37.492195290825094 ], [ 126.941904830900356, 37.492195292996598 ], [ 126.941909193179953, 37.49186649968776 ], [ 126.942005496309406, 37.491743337401438 ], [ 126.94196663123607, 37.491744308018056 ], [ 126.942099689405197, 37.491572708396546 ], [ 126.94214203291962, 37.491518481378982 ], [ 126.942398854366687, 37.491224247171125 ], [ 126.941868924396545, 37.491330386220902 ], [ 126.941581270745516, 37.491387740665481 ], [ 126.941514192407524, 37.491404167888 ], [ 126.941480024989815, 37.491270515120029 ], [ 126.941473408648648, 37.491242625809079 ], [ 126.941450872846261, 37.491246685973294 ], [ 126.941319975384005, 37.491273641244874 ], [ 126.941181923220682, 37.491300989157871 ], [ 126.941145627686808, 37.491186442710713 ], [ 126.940761042023723, 37.491260940274429 ], [ 126.940738023664125, 37.491215759505721 ], [ 126.940702784980047, 37.49110399304972 ], [ 126.940668014888999, 37.490993180080437 ], [ 126.940757732571598, 37.490973015920474 ], [ 126.940752222578794, 37.490949092437788 ], [ 126.940668088806717, 37.490761253704676 ], [ 126.94062238734233, 37.490659614473877 ], [ 126.940698930677783, 37.490573455223441 ], [ 126.940756414297837, 37.490506505354645 ], [ 126.940627976404414, 37.490388219915481 ], [ 126.940514284619297, 37.490285573399717 ], [ 126.940472580491743, 37.490246862014786 ], [ 126.940472755785649, 37.490246826065331 ], [ 126.940471586764659, 37.490246624538344 ], [ 126.940297862311652, 37.489969315834038 ], [ 126.940258735494439, 37.489955434568301 ], [ 126.94019520210901, 37.48991070839967 ], [ 126.939579204060877, 37.490014515677501 ], [ 126.939567428641553, 37.48998020031955 ], [ 126.939527034971476, 37.489876680344807 ], [ 126.939485964392389, 37.489767341339899 ], [ 126.939389961261242, 37.489787112902874 ], [ 126.939167615050096, 37.48978578844023 ], [ 126.939167956261656, 37.48978203144955 ], [ 126.939168323241105, 37.489777201381266 ], [ 126.939191404461369, 37.489487812294755 ], [ 126.939196663753009, 37.489375866691297 ], [ 126.939199934882268, 37.489320131640589 ], [ 126.939200236668029, 37.489309383767775 ], [ 126.939078453080739, 37.489098692642145 ], [ 126.939046429069919, 37.489044002116486 ], [ 126.938992962279116, 37.488957910287219 ], [ 126.938671052742833, 37.489013527639621 ], [ 126.938347453997793, 37.488813323997569 ], [ 126.938214514529889, 37.488720621906097 ], [ 126.938174115159569, 37.48869114745483 ], [ 126.937719387138898, 37.48881113048153 ], [ 126.937719104189043, 37.488811448381874 ], [ 126.937550827882177, 37.488857205702828 ], [ 126.937551546865308, 37.488858712564578 ], [ 126.937492090184776, 37.488876042637472 ], [ 126.937563203365784, 37.488952982427207 ], [ 126.937648310236909, 37.489050155392711 ], [ 126.93774762583277, 37.489163483691648 ], [ 126.937758776838677, 37.489175680243022 ], [ 126.93784034829153, 37.489266364858111 ], [ 126.937942099680612, 37.489377458920714 ], [ 126.938136602337721, 37.489594782855526 ], [ 126.937895724228497, 37.489659921851526 ], [ 126.937513926975086, 37.489762322452748 ], [ 126.937403529031059, 37.489792763256979 ], [ 126.937281823312887, 37.489824934038133 ], [ 126.937249774660145, 37.489711741978994 ], [ 126.937218160880818, 37.489603154256706 ], [ 126.937197693068214, 37.48952456778995 ], [ 126.937064704722971, 37.489529747250536 ], [ 126.936935288336329, 37.489536235865188 ], [ 126.936727407248938, 37.489545330278617 ], [ 126.936526036885368, 37.489555690208974 ], [ 126.936358150866113, 37.489564625765276 ], [ 126.936200056880821, 37.489572314106304 ], [ 126.936139333267036, 37.489574956492469 ], [ 126.935973369659692, 37.489583594334597 ], [ 126.93579411511692, 37.489595153702865 ], [ 126.935576156453749, 37.489605772184774 ], [ 126.935448423061459, 37.489612719619977 ], [ 126.935351041178848, 37.489619134307645 ], [ 126.935086618205375, 37.489631257557548 ], [ 126.934983915349918, 37.489695982583065 ], [ 126.934722388993762, 37.490343076570085 ], [ 126.934637457399035, 37.490318260033781 ], [ 126.93446745470861, 37.490250308465981 ], [ 126.934439560274853, 37.490239165282127 ], [ 126.93441326754224, 37.490228653701415 ], [ 126.934365734678025, 37.490209669654234 ], [ 126.934354308122749, 37.490205104099076 ], [ 126.934239932968651, 37.490483484088735 ], [ 126.934230644254626, 37.490502012370193 ], [ 126.934410817638849, 37.490895618485382 ] ] ], [ [ [ 126.949240640321648, 37.49258163200146 ], [ 126.949270459766481, 37.492630658678827 ], [ 126.949312240767853, 37.492711946425963 ], [ 126.949372764778118, 37.492835140721319 ], [ 126.94941423864752, 37.492924364545665 ], [ 126.949450092142044, 37.492869673796108 ], [ 126.9495492507465, 37.492713222210703 ], [ 126.949553884570477, 37.49271134880648 ], [ 126.949555031806355, 37.492709598808382 ], [ 126.949702473703979, 37.492650963786204 ], [ 126.949944909128376, 37.492551125514694 ], [ 126.950206514139282, 37.492466365232453 ], [ 126.950234563284127, 37.492457637712121 ], [ 126.950534400265468, 37.492394665935343 ], [ 126.950677935945009, 37.492363274445395 ], [ 126.950862511218375, 37.492325274978228 ], [ 126.951643649081717, 37.492159774894539 ], [ 126.951684328440621, 37.492150697806736 ], [ 126.951805829243867, 37.492065820733892 ], [ 126.951984441365241, 37.491948797186126 ], [ 126.95205513701346, 37.491901057177728 ], [ 126.952112660472864, 37.491813389809671 ], [ 126.952137788879313, 37.491773414251234 ], [ 126.952206051046417, 37.491671059452734 ], [ 126.952229787776801, 37.491634883783419 ], [ 126.952230290880436, 37.491634713278863 ], [ 126.952231417832309, 37.491633023481285 ], [ 126.952794344104589, 37.491442154848791 ], [ 126.952837399664006, 37.49130846418484 ], [ 126.952839205564416, 37.491307001672688 ], [ 126.952840618617401, 37.491301049826475 ], [ 126.952963481000737, 37.491204783478494 ], [ 126.953081485943528, 37.491104101911752 ], [ 126.953124359862215, 37.491073844977585 ], [ 126.953335919140002, 37.490903011728456 ], [ 126.953378214156942, 37.490868884179257 ], [ 126.953698554060779, 37.4906094865702 ], [ 126.954022941590182, 37.490824956453636 ], [ 126.954023169039118, 37.490825107527094 ], [ 126.954259453204784, 37.490458102364265 ], [ 126.954125910455858, 37.490282263746984 ], [ 126.954031205476042, 37.490201587109098 ], [ 126.953976385251138, 37.490169038957809 ], [ 126.953919868954344, 37.490138292098088 ], [ 126.953858596880934, 37.490114570193441 ], [ 126.953794840293696, 37.490094909863323 ], [ 126.953664932198521, 37.490073504518698 ], [ 126.953561704631639, 37.490058054662313 ], [ 126.953516814613764, 37.49005767603412 ], [ 126.953472372966701, 37.490063425273505 ], [ 126.953430641246626, 37.490076922398742 ], [ 126.953380536703847, 37.490096995201746 ], [ 126.953312105470914, 37.490128861808245 ], [ 126.953266294856689, 37.490155063115587 ], [ 126.953213015739081, 37.490188197251328 ], [ 126.952946604019175, 37.490375947469524 ], [ 126.952846824743091, 37.490449698321456 ], [ 126.952790374213507, 37.490493913259954 ], [ 126.952728146908086, 37.490546416788916 ], [ 126.952667957427209, 37.490600182527331 ], [ 126.952543384702054, 37.49071743936932 ], [ 126.952437823909321, 37.490812360976555 ], [ 126.952361681524238, 37.490878012228478 ], [ 126.952282939174978, 37.490944022747236 ], [ 126.952204082475831, 37.4910083212649 ], [ 126.952122965445653, 37.491072349385256 ], [ 126.952039814705586, 37.491133671795524 ], [ 126.951954291746389, 37.491192920851461 ], [ 126.951866959922768, 37.491249738186717 ], [ 126.951861163388173, 37.491286041545841 ], [ 126.951746685165375, 37.491356721878148 ], [ 126.951702476423947, 37.491350936847496 ], [ 126.950913682142172, 37.491822004822062 ], [ 126.950857462579407, 37.491852525528301 ], [ 126.950799322012557, 37.491881062282246 ], [ 126.950740052222557, 37.491907255922413 ], [ 126.95067840955565, 37.491930835611996 ], [ 126.95061563785832, 37.491951800982257 ], [ 126.950551962859578, 37.491970784630674 ], [ 126.950487158840318, 37.491987154857419 ], [ 126.949122099036174, 37.492309476649019 ], [ 126.949091864204931, 37.492369739224692 ], [ 126.949240640321648, 37.49258163200146 ] ] ], [ [ [ 126.944405231203717, 37.492488339465801 ], [ 126.944486196515854, 37.492501681937178 ], [ 126.94450276353686, 37.492503327495783 ], [ 126.944502982873971, 37.492504448194559 ], [ 126.944506671508066, 37.492505056051563 ], [ 126.944505206220313, 37.49251580833814 ], [ 126.944506255376254, 37.492521168978101 ], [ 126.94452474156823, 37.492615873222427 ], [ 126.944541083471421, 37.492696770262619 ], [ 126.944544025532295, 37.492755437917936 ], [ 126.944548756395022, 37.492840143422058 ], [ 126.944548480395184, 37.492860800532689 ], [ 126.944552630563109, 37.493109758963556 ], [ 126.944589125067822, 37.493120696669472 ], [ 126.944758430810126, 37.4931575740505 ], [ 126.945368640607072, 37.493291408184177 ], [ 126.945525962839483, 37.493325531621018 ], [ 126.945757139018255, 37.493434383498169 ], [ 126.945913693729935, 37.493508129793376 ], [ 126.945915350174104, 37.493508552409942 ], [ 126.946140283680236, 37.493482069549259 ], [ 126.946430667524709, 37.493685912320622 ], [ 126.946790252612345, 37.493881082789471 ], [ 126.946964048669614, 37.494046316401139 ], [ 126.947162111069972, 37.493963786019336 ], [ 126.947517374900301, 37.493694459923262 ], [ 126.948297089692105, 37.493646880533397 ], [ 126.948591983118675, 37.493734968590651 ], [ 126.948769548096607, 37.493788008759886 ], [ 126.948773320920608, 37.493713326579574 ], [ 126.948777735956497, 37.493625877518888 ], [ 126.948788928215279, 37.493404326680668 ], [ 126.948803721057459, 37.493111643506296 ], [ 126.94895904265492, 37.493064899630312 ], [ 126.947475034266461, 37.493071790566823 ], [ 126.947062296116769, 37.493073763458241 ], [ 126.947053135699221, 37.492608031568665 ], [ 126.94702123915485, 37.492621531857658 ], [ 126.946974970579376, 37.492647279101149 ], [ 126.946931414670033, 37.49267618197991 ], [ 126.946889441699639, 37.492706795671872 ], [ 126.946849727803652, 37.492739214195566 ], [ 126.946811482228327, 37.492772353284373 ], [ 126.946708737187905, 37.492868712639577 ], [ 126.946490790867216, 37.49308593246824 ], [ 126.946440438489546, 37.493131804129405 ], [ 126.946433761265439, 37.49313789357651 ], [ 126.946386124513367, 37.493181297740968 ], [ 126.946329098738744, 37.493226322904071 ], [ 126.946276831354908, 37.493260444564086 ], [ 126.946217669117431, 37.493288980379916 ], [ 126.946156366523567, 37.493311026163518 ], [ 126.946091332769655, 37.493327843465899 ], [ 126.946020310282577, 37.493340154723278 ], [ 126.945946352201545, 37.493346426057492 ], [ 126.94587816813474, 37.493343240469258 ], [ 126.945811686140388, 37.493332127748147 ], [ 126.945789842141579, 37.493326845698093 ], [ 126.945764653884169, 37.493320751166259 ], [ 126.94574250908579, 37.493310929729184 ], [ 126.94570827896041, 37.493295867771948 ], [ 126.945671691735072, 37.493275477980596 ], [ 126.945639773247521, 37.493253965037397 ], [ 126.945603470694493, 37.493229459592925 ], [ 126.9455764263802, 37.493210371727145 ], [ 126.945538613332218, 37.493179549539597 ], [ 126.9455074034977, 37.493149522449023 ], [ 126.945471193280909, 37.493107500672266 ], [ 126.945441756887263, 37.493063435928924 ], [ 126.945325727001631, 37.492760443072051 ], [ 126.945187590533962, 37.49244359388463 ], [ 126.945112683887061, 37.492300362249431 ], [ 126.945047916813238, 37.492220637878127 ], [ 126.945006371690354, 37.492176468121997 ], [ 126.944956885666741, 37.492151216447475 ], [ 126.944905430890728, 37.492129118209284 ], [ 126.944873764098318, 37.492119641632669 ], [ 126.944026721792369, 37.492066242008875 ], [ 126.943994525465811, 37.492085399615021 ], [ 126.943845867773362, 37.492453426920648 ], [ 126.943873178400551, 37.492464549312459 ], [ 126.94393569147023, 37.492488906791685 ], [ 126.944355095635913, 37.492488659947284 ], [ 126.944365495275434, 37.492489692928295 ], [ 126.944405231203717, 37.492488339465801 ] ] ], [ [ [ 126.953305653459751, 37.48908550087129 ], [ 126.95338915000896, 37.489185006249357 ], [ 126.953454010158552, 37.489250985874605 ], [ 126.953489817536209, 37.489309924954441 ], [ 126.953474555286334, 37.489376574752193 ], [ 126.953458181813659, 37.48944803633777 ], [ 126.953628901105319, 37.489655694314521 ], [ 126.954046477655666, 37.489121599376539 ], [ 126.953949461920004, 37.489106874053633 ], [ 126.953905495287572, 37.489077754033978 ], [ 126.953888222882199, 37.489032427656049 ], [ 126.953838707354421, 37.489018350278236 ], [ 126.953794188581384, 37.488968597085687 ], [ 126.953720897806818, 37.489017862091465 ], [ 126.953651769785779, 37.489064317616688 ], [ 126.95358159168083, 37.489065837985919 ], [ 126.953427882513751, 37.489069270506555 ], [ 126.953301816501863, 37.489072074400482 ], [ 126.953305653459751, 37.48908550087129 ] ] ] ] } },
{ "type": "Feature", "properties": { "ID": "생활서비스시설_공원_1357", "CODE": "ZON216", "ENT_NAME": "생활서비스시설_공원", "JOSER_ID": null, "GOSI_ID": null, "LABEL": "근린공원(상도<시공원>)", "GOSI_DATE": null }, "geometry": { "type": "MultiPolygon", "coordinates": [ [ [ [ 126.955164937965151, 37.491306572428684 ], [ 126.955022426248632, 37.491146498830744 ], [ 126.954880352408054, 37.490992416879912 ], [ 126.954857004795727, 37.490990863293824 ], [ 126.955140172003155, 37.491291667836954 ], [ 126.955154518509275, 37.491314468769723 ], [ 126.955212080285023, 37.491333642579555 ], [ 126.955164937965151, 37.491306572428684 ] ] ], [ [ [ 126.9365335784575, 37.491969723869232 ], [ 126.936332377862101, 37.492040053202935 ], [ 126.936134962224301, 37.492292556534061 ], [ 126.935822973096563, 37.492392511578046 ], [ 126.9353711025515, 37.492728981084262 ], [ 126.935254804334974, 37.492766153334529 ], [ 126.935197741512766, 37.492783215084394 ], [ 126.93462732940516, 37.492964761213329 ], [ 126.934709242971522, 37.493011762269475 ], [ 126.934788521841767, 37.492986780557565 ], [ 126.935268725575654, 37.492838926430991 ], [ 126.935334803599616, 37.492818618888606 ], [ 126.935375013954854, 37.492805946318995 ], [ 126.935404805283838, 37.492785600397873 ], [ 126.935559169328926, 37.492668133230779 ], [ 126.935843950037253, 37.492454646791387 ], [ 126.936151317515879, 37.492350012938452 ], [ 126.936193474954166, 37.492295462692901 ], [ 126.936352384580829, 37.492097438591976 ], [ 126.936553963335129, 37.492009756168528 ], [ 126.936647293355705, 37.492000662298572 ], [ 126.937047177343302, 37.491961444409355 ], [ 126.937285597299081, 37.491943077220583 ], [ 126.937258786219601, 37.491911420370826 ], [ 126.9365335784575, 37.491969723869232 ] ] ], [ [ [ 126.943806719020188, 37.492436067259774 ], [ 126.943734846812632, 37.492408212970659 ], [ 126.943849507446913, 37.492454909196766 ], [ 126.943806719020188, 37.492436067259774 ] ] ], [ [ [ 126.943389820236717, 37.492238814234582 ], [ 126.94338218503043, 37.492238407814057 ], [ 126.943522265544757, 37.492362114099514 ], [ 126.943528263015864, 37.492362969917991 ], [ 126.943389820236717, 37.492238814234582 ] ] ], [ [ [ 126.942850445086705, 37.492162431179807 ], [ 126.942846100895494, 37.492162055156705 ], [ 126.942951228215549, 37.492214158539561 ], [ 126.942954658461787, 37.492214341599052 ], [ 126.942850445086705, 37.492162431179807 ] ] ], [ [ [ 126.941730052465928, 37.492170768724137 ], [ 126.941719849791085, 37.492172987140322 ], [ 126.941827165718266, 37.492183700830367 ], [ 126.941904761192447, 37.492195290825094 ], [ 126.941921224785958, 37.492195803690542 ], [ 126.941950592793816, 37.492199519716735 ], [ 126.941730052465928, 37.492170768724137 ] ] ], [ [ [ 126.939735681712463, 37.492634678402723 ], [ 126.939712656558896, 37.492628144423186 ], [ 126.93972942431725, 37.492781760293013 ], [ 126.939734439163487, 37.492783817112901 ], [ 126.939735681712463, 37.492634678402723 ] ] ], [ [ [ 126.939489040592008, 37.492470282042611 ], [ 126.939489142257713, 37.492470888560518 ], [ 126.939559180962448, 37.492554727305084 ], [ 126.939564066429853, 37.492556552745413 ], [ 126.939489040592008, 37.492470282042611 ] ] ], [ [ [ 126.939479313349437, 37.492342088555773 ], [ 126.939466128096811, 37.492333590303467 ], [ 126.939484585075789, 37.492443701290512 ], [ 126.939479313349437, 37.492342088555773 ] ] ], [ [ [ 126.939254863357036, 37.492197423993986 ], [ 126.939147296024942, 37.492236458284225 ], [ 126.939210946068911, 37.49221620971916 ], [ 126.939348751662436, 37.49225793786335 ], [ 126.939254863357036, 37.492197423993986 ] ] ], [ [ [ 126.938827096591694, 37.492336578827164 ], [ 126.938833440055603, 37.492336302533261 ], [ 126.938835278994461, 37.492335717530985 ], [ 126.938827096591694, 37.492336578827164 ] ] ], [ [ [ 126.958933391333389, 37.493582886491737 ], [ 126.958896198839327, 37.49346290497347 ], [ 126.958864743032862, 37.493396431610357 ], [ 126.958929168357201, 37.493576047968659 ], [ 126.958943280832983, 37.493615516844073 ], [ 126.958943540824862, 37.493615649761928 ], [ 126.958933391333389, 37.493582886491737 ] ] ] ] } },
{ "type": "Feature", "properties": { "ID": "생활서비스시설_공원_1556", "CODE": "ZON216", "ENT_NAME": "생활서비스시설_공원", "JOSER_ID": null, "GOSI_ID": null, "LABEL": "도시자연공원(우면산<시공원>)", "GOSI_DATE": null }, "geometry": { "type": "Polygon", "coordinates": [ [ [ 126.988563334106203, 37.458317412792709 ], [ 126.988456688075928, 37.45854093052192 ], [ 126.988448175401771, 37.458551264109808 ], [ 126.988442884217747, 37.458562452550559 ], [ 126.988459665499335, 37.458543275408694 ], [ 126.988626216299579, 37.458185367140018 ], [ 126.988563334106203, 37.458317412792709 ] ] ] } },
{ "type": "Feature", "properties": { "ID": "생활서비스시설_공원_1368", "CODE": "ZON216", "ENT_NAME": "생활서비스시설_공원", "JOSER_ID": null, "GOSI_ID": null, "LABEL": "어린이공원(군아파트)", "GOSI_DATE": null }, "geometry": { "type": "Polygon", "coordinates": [ [ [ 126.978716992413979, 37.471646613813036 ], [ 126.978738604595975, 37.471687423509643 ], [ 126.978823635731217, 37.471851414319026 ], [ 126.978880294857973, 37.471955293718629 ], [ 126.978958581782095, 37.472102000091525 ], [ 126.97897338914845, 37.472107814386554 ], [ 126.979048116434754, 37.471983011766476 ], [ 126.979068486037676, 37.471949797457199 ], [ 126.979163538319554, 37.471788382755932 ], [ 126.978950256027687, 37.471706684312444 ], [ 126.97873062271529, 37.471623119182148 ], [ 126.978716992413979, 37.471646613813036 ] ] ] } },
{ "type": "Feature", "properties": { "ID": "생활서비스시설_공원_1423", "CODE": "ZON216", "ENT_NAME": "생활서비스시설_공원", "JOSER_ID": null, "GOSI_ID": null, "LABEL": "어린이공원(남현)", "GOSI_DATE": null }, "geometry": { "type": "Polygon", "coordinates": [ [ [ 126.981770601755542, 37.472036977955256 ], [ 126.981609764056699, 37.471979944509322 ], [ 126.981449039674999, 37.471922812653887 ], [ 126.981298633744387, 37.471868132172403 ], [ 126.981143265519577, 37.471812655958928 ], [ 126.981026173701622, 37.471770028180401 ], [ 126.980883827798962, 37.471722268270547 ], [ 126.98082701312444, 37.471713961901138 ], [ 126.98051159359666, 37.471667728949917 ], [ 126.980494943199218, 37.471703531852164 ], [ 126.980657000771032, 37.471726527136745 ], [ 126.980813470915564, 37.471748276935053 ], [ 126.98087211832231, 37.47175574750019 ], [ 126.980968886291919, 37.471791182795968 ], [ 126.981127283956909, 37.471846757069933 ], [ 126.981281146778983, 37.471901060841368 ], [ 126.981435554565621, 37.471955895195414 ], [ 126.981588752949563, 37.472010844471683 ], [ 126.981754394476724, 37.472070547520296 ], [ 126.981958504173434, 37.47214183189466 ], [ 126.98197294823251, 37.47211112900208 ], [ 126.981770601755542, 37.472036977955256 ] ] ] } },
{ "type": "Feature", "properties": { "ID": "생활서비스시설_공원_1421", "CODE": "ZON216", "ENT_NAME": "생활서비스시설_공원", "JOSER_ID": null, "GOSI_ID": null, "LABEL": "어린이공원(상록)", "GOSI_DATE": null }, "geometry": { "type": "Polygon", "coordinates": [ [ [ 126.980578603013413, 37.472967843112535 ], [ 126.980672032056106, 37.472819284249667 ], [ 126.980355037465117, 37.472697857411241 ], [ 126.980258879083394, 37.472662386588688 ], [ 126.980193291153256, 37.472773927945589 ], [ 126.980170046742572, 37.472812095638929 ], [ 126.980077574107582, 37.472969005674273 ], [ 126.980270197581689, 37.47304519412728 ], [ 126.980357969735678, 37.473079538084605 ], [ 126.980477585141699, 37.473122807578321 ], [ 126.980578603013413, 37.472967843112535 ] ] ] } },
{ "type": "Feature", "properties": { "ID": "생활서비스시설_공원_1422", "CODE": "ZON216", "ENT_NAME": "생활서비스시설_공원", "JOSER_ID": null, "GOSI_ID": null, "LABEL": "어린이공원(승방돌)", "GOSI_DATE": null }, "geometry": { "type": "Polygon", "coordinates": [ [ [ 126.980644993514943, 37.474522129694698 ], [ 126.980632416587667, 37.474619942122281 ], [ 126.980621331137272, 37.474732661899012 ], [ 126.980852020454407, 37.474743237887424 ], [ 126.981029911322793, 37.474759668009177 ], [ 126.981037859278672, 37.474600390141376 ], [ 126.981046862381305, 37.474539059549841 ], [ 126.98105407832297, 37.47448537005112 ], [ 126.980879405985831, 37.474475428647366 ], [ 126.980652415251583, 37.474461177274264 ], [ 126.980644993514943, 37.474522129694698 ] ] ] } },
{ "type": "Feature", "properties": { "ID": "생활서비스시설_공원_1427", "CODE": "ZON216", "ENT_NAME": "생활서비스시설_공원", "JOSER_ID": null, "GOSI_ID": null, "LABEL": "어린이공원(예촌)", "GOSI_DATE": null }, "geometry": { "type": "Polygon", "coordinates": [ [ [ 126.976494545169174, 37.474467134764801 ], [ 126.976398221973781, 37.474578280036781 ], [ 126.976564326253452, 37.474685678699934 ], [ 126.976719931508356, 37.474808220778939 ], [ 126.976769029202927, 37.474812375683051 ], [ 126.976917340428599, 37.474767654750451 ], [ 126.976958614809661, 37.47473783834652 ], [ 126.976956724187488, 37.474435048808637 ], [ 126.976786334250036, 37.474433796019291 ], [ 126.976647013705403, 37.474433118960555 ], [ 126.976525248972081, 37.474431696718391 ], [ 126.976494545169174, 37.474467134764801 ] ] ] } },
{ "type": "Feature", "properties": { "ID": "생활서비스시설_공원_1405", "CODE": "ZON216", "ENT_NAME": "생활서비스시설_공원", "JOSER_ID": null, "GOSI_ID": null, "LABEL": "마을마당(봉천3동)", "GOSI_DATE": null }, "geometry": { "type": "Polygon", "coordinates": [ [ [ 126.958368819019697, 37.487406643722458 ], [ 126.958431132399312, 37.487444867986525 ], [ 126.958499192545901, 37.487478284768606 ], [ 126.958539410676394, 37.487501400158635 ], [ 126.958524057223428, 37.487457462684425 ], [ 126.95849094011156, 37.487435952755099 ], [ 126.958472289344002, 37.487425944855254 ], [ 126.958407009189742, 37.487412990795782 ], [ 126.958368819019697, 37.487406643722458 ] ] ] } }
]
}
