{
"type": "FeatureCollection",
"name": "gwanak_grid_accessibility",
"crs": { "type": "name", "properties": { "name": "urn:ogc:def:crs:OGC:1.3:CRS84" } },
"features": [
{ "type": "Feature", "properties": { "grid_id": 0, "index_right": 71, "node_id": "116585", "snap_distance_m": 3719.7155285792805, "parks_within_10min": 56, "parks_within_15min": 58, "nearest_distance_m": 0.0 }, "geometry": { "type": "Point", "coordinates": [ 126.900355689180174, 37.479609387579515 ] } },
{ "type": "Feature", "properties": { "grid_id": 1, "index_right": 71, "node_id": "116585", "snap_distance_m": 3468.8920265858551, "parks_within_10min": 56, "parks_within_15min": 58, "nearest_distance_m": 0.0 }, "geometry": { "type": "Point", "coordinates": [ 126.903179250839528, 37.481864256886603 ] } },
{ "type": "Feature", "properties": { "grid_id": 2, "index_right": 71, "node_id": "116585", "snap_distance_m": 3485.8569138780017, "parks_within_10min": 56, "parks_within_15min": 58, "nearest_distance_m": 0.0 }, "geometry": { "type": "Point", "coordinates": [ 126.903176344171413, 37.484116775478157 ] } },
{ "type": "Feature", "properties": { "grid_id": 3, "index_right": 71, "node_id": "116585", "snap_distance_m": 3219.0299220025668, "parks_within_10min": 56, "parks_within_15min": 58, "nearest_distance_m": 0.0 }, "geometry": { "type": "Point", "coordinates": [ 126.90600580401356, 37.481866539311937 ] } },
{ "type": "Feature", "properties": { "grid_id": 4, "index_right": 71, "node_id": "116585", "snap_distance_m": 3237.3044606073122, "parks_within_10min": 56, "parks_within_15min": 58, "nearest_distance_m": 0.0 }, "geometry": { "type": "Point", "coordinates": [ 126.906002982201429, 37.48411905808814 ] } },
{ "type": "Feature", "properties": { "grid_id": 5, "index_right": 71, "node_id": "116585", "snap_distance_m": 3097.4423735889245, "parks_within_10min": 56, "parks_within_15min": 58, "nearest_distance_m": 0.0 }, "geometry": { "type": "Point", "coordinates": [ 126.908843302280047, 37.472858669685671 ] } },
{ "type": "Feature", "properties": { "grid_id": 6, "index_right": 71, "node_id": "116585", "snap_distance_m": 2969.1910321474411, "parks_within_10min": 56, "parks_within_15min": 58, "nearest_distance_m": 0.0 }, "geometry": { "type": "Point", "coordinates": [ 126.908832357501623, 37.481868754118032 ] } },
{ "type": "Feature", "properties": { "grid_id": 7, "index_right": 71, "node_id": "116585", "snap_distance_m": 2988.9934622385736, "parks_within_10min": 56, "parks_within_15min": 58, "nearest_distance_m": 0.0 }, "geometry": { "type": "Point", "coordinates": [ 126.908829620545575, 37.484121273073434 ] } },
{ "type": "Feature", "properties": { "grid_id": 8, "index_right": 71, "node_id": "116585", "snap_distance_m": 3051.576304223905, "parks_within_10min": 56, "parks_within_15min": 58, "nearest_distance_m": 0.0 }, "geometry": { "type": "Point", "coordinates": [ 126.911674817696706, 37.468355768447985 ] } },
{ "type": "Feature", "properties": { "grid_id": 9, "index_right": 71, "node_id": "116585", "snap_distance_m": 2946.2017026030271, "parks_within_10min": 56, "parks_within_15min": 58, "nearest_distance_m": 0.0 }, "geometry": { "type": "Point", "coordinates": [ 126.911672167367286, 37.470608292743336 ] } },
{ "type": "Feature", "properties": { "grid_id": 10, "index_right": 71, "node_id": "116585", "snap_distance_m": 2858.8618372249339, "parks_within_10min": 56, "parks_within_15min": 58, "nearest_distance_m": 0.0 }, "geometry": { "type": "Point", "coordinates": [ 126.911669516742862, 37.472860816177707 ] } },
{ "type": "Feature", "properties": { "grid_id": 11, "index_right": 71, "node_id": "116585", "snap_distance_m": 2791.2501744310334, "parks_within_10min": 56, "parks_within_15min": 58, "nearest_distance_m": 0.0 }, "geometry": { "type": "Point", "coordinates": [ 126.911666865823392, 37.475113338751065 ] } },
{ "type": "Feature", "properties": { "grid_id": 12, "index_right": 71, "node_id": "116585", "snap_distance_m": 2720.6709834343387, "parks_within_10min": 56, "parks_within_15min": 58, "nearest_distance_m": 0.0 }, "geometry": { "type": "Point", "coordinates": [ 126.911661563099159, 37.479618381314651 ] } },
{ "type": "Feature", "properties": { "grid_id": 13, "index_right": 71, "node_id": "116585", "snap_distance_m": 2719.3817554771013, "parks_within_10min": 56, "parks_within_15min": 58, "nearest_distance_m": 0.0 }, "geometry": { "type": "Point", "coordinates": [ 126.911658911294339, 37.481870901304873 ] } },
{ "type": "Feature", "properties": { "grid_id": 14, "index_right": 71, "node_id": "116585", "snap_distance_m": 2740.9895410128565, "parks_within_10min": 56, "parks_within_15min": 58, "nearest_distance_m": 0.0 }, "geometry": { "type": "Point", "coordinates": [ 126.911656259194373, 37.484123420434003 ] } },
{ "type": "Feature", "properties": { "grid_id": 15, "index_right": 71, "node_id": "116585", "snap_distance_m": 2784.9614352557951, "parks_within_10min": 56, "parks_within_15min": 58, "nearest_distance_m": 0.0 }, "geometry": { "type": "Point", "coordinates": [ 126.911653606799135, 37.486375938702025 ] } },
{ "type": "Feature", "properties": { "grid_id": 16, "index_right": 183, "node_id": "116588", "snap_distance_m": 3431.1480610370031, "parks_within_10min": 56, "parks_within_15min": 58, "nearest_distance_m": 0.0 }, "geometry": { "type": "Point", "coordinates": [ 126.914511122111051, 37.459347740542526 ] } },
{ "type": "Feature", "properties": { "grid_id": 17, "index_right": 183, "node_id": "116588", "snap_distance_m": 3263.5913413601202, "parks_within_10min": 56, "parks_within_15min": 58, "nearest_distance_m": 0.0 }, "geometry": { "type": "Point", "coordinates": [ 126.914508557723039, 37.461600268449843 ] } },
{ "type": "Feature", "properties": { "grid_id": 18, "index_right": 183, "node_id": "116588", "snap_distance_m": 3107.1337064959898, "parks_within_10min": 56, "parks_within_15min": 58, "nearest_distance_m": 0.0 }, "geometry": { "type": "Point", "coordinates": [ 126.914505993049602, 37.463852795496237 ] } },
{ "type": "Feature", "properties": { "grid_id": 19, "index_right": 71, "node_id": "116585", "snap_distance_m": 2961.937398936313, "parks_within_10min": 56, "parks_within_15min": 58, "nearest_distance_m": 0.0 }, "geometry": { "type": "Point", "coordinates": [ 126.914503428090669, 37.466105321681695 ] } },
{ "type": "Feature", "properties": { "grid_id": 20, "index_right": 71, "node_id": "116585", "snap_distance_m": 2831.2646798096712, "parks_within_10min": 56, "parks_within_15min": 58, "nearest_distance_m": 0.0 }, "geometry": { "type": "Point", "coordinates": [ 126.914500862846239, 37.468357847006224 ] } },
{ "type": "Feature", "properties": { "grid_id": 21, "index_right": 71, "node_id": "116585", "snap_distance_m": 2717.3601563020516, "parks_within_10min": 56, "parks_within_15min": 58, "nearest_distance_m": 0.0 }, "geometry": { "type": "Point", "coordinates": [ 126.914498297316285, 37.470610371469775 ] } },
{ "type": "Feature", "properties": { "grid_id": 22, "index_right": 71, "node_id": "116585", "snap_distance_m": 2622.409722178832, "parks_within_10min": 56, "parks_within_15min": 58, "nearest_distance_m": 0.0 }, "geometry": { "type": "Point", "coordinates": [ 126.914495731500736, 37.472862895072346 ] } },
{ "type": "Feature", "properties": { "grid_id": 23, "index_right": 71, "node_id": "116585", "snap_distance_m": 2548.5327706149292, "parks_within_10min": 56, "parks_within_15min": 58, "nearest_distance_m": 0.0 }, "geometry": { "type": "Point", "coordinates": [ 126.914493165399605, 37.475115417813917 ] } },
{ "type": "Feature", "properties": { "grid_id": 24, "index_right": 71, "node_id": "116585", "snap_distance_m": 2497.6000109742063, "parks_within_10min": 56, "parks_within_15min": 58, "nearest_distance_m": 0.0 }, "geometry": { "type": "Point", "coordinates": [ 126.914490599012836, 37.477367939694453 ] } },
{ "type": "Feature", "properties": { "grid_id": 25, "index_right": 71, "node_id": "116585", "snap_distance_m": 2471.0306244032076, "parks_within_10min": 56, "parks_within_15min": 58, "nearest_distance_m": 0.0 }, "geometry": { "type": "Point", "coordinates": [ 126.914488032340387, 37.479620460713967 ] } },
{ "type": "Feature", "properties": { "grid_id": 26, "index_right": 71, "node_id": "116585", "snap_distance_m": 2469.6110784207813, "parks_within_10min": 56, "parks_within_15min": 58, "nearest_distance_m": 0.0 }, "geometry": { "type": "Point", "coordinates": [ 126.914485465382242, 37.481872980872424 ] } },
{ "type": "Feature", "properties": { "grid_id": 27, "index_right": 71, "node_id": "116585", "snap_distance_m": 2493.3843286943957, "parks_within_10min": 56, "parks_within_15min": 58, "nearest_distance_m": 0.0 }, "geometry": { "type": "Point", "coordinates": [ 126.914482898138374, 37.484125500169803 ] } },
{ "type": "Feature", "properties": { "grid_id": 28, "index_right": 71, "node_id": "116585", "snap_distance_m": 2541.6435514247373, "parks_within_10min": 56, "parks_within_15min": 58, "nearest_distance_m": 0.0 }, "geometry": { "type": "Point", "coordinates": [ 126.914480330608711, 37.486378018606096 ] } },
{ "type": "Feature", "properties": { "grid_id": 29, "index_right": 183, "node_id": "116588", "snap_distance_m": 3254.8437256282778, "parks_within_10min": 56, "parks_within_15min": 58, "nearest_distance_m": 0.0 }, "geometry": { "type": "Point", "coordinates": [ 126.917336828442501, 37.459349750863474 ] } },
{ "type": "Feature", "properties": { "grid_id": 30, "index_right": 183, "node_id": "116588", "snap_distance_m": 3077.7035440250784, "parks_within_10min": 56, "parks_within_15min": 58, "nearest_distance_m": 0.0 }, "geometry": { "type": "Point", "coordinates": [ 126.917334348816226, 37.461602278933476 ] } },
{ "type": "Feature", "properties": { "grid_id": 31, "index_right": 183, "node_id": "116588", "snap_distance_m": 2911.2730087621958, "parks_within_10min": 56, "parks_within_15min": 58, "nearest_distance_m": 0.0 }, "geometry": { "type": "Point", "coordinates": [ 126.917331868913948, 37.463854806142571 ] } },
{ "type": "Feature", "properties": { "grid_id": 32, "index_right": 71, "node_id": "116585", "snap_distance_m": 2757.1751670604003, "parks_within_10min": 56, "parks_within_15min": 58, "nearest_distance_m": 0.0 }, "geometry": { "type": "Point", "coordinates": [ 126.917329388735652, 37.466107332490736 ] } },
{ "type": "Feature", "properties": { "grid_id": 33, "index_right": 71, "node_id": "116585", "snap_distance_m": 2616.2953643988085, "parks_within_10min": 56, "parks_within_15min": 58, "nearest_distance_m": 0.0 }, "geometry": { "type": "Point", "coordinates": [ 126.917326908281282, 37.468359857977973 ] } },
{ "type": "Feature", "properties": { "grid_id": 34, "index_right": 71, "node_id": "116585", "snap_distance_m": 2492.5866014433368, "parks_within_10min": 56, "parks_within_15min": 58, "nearest_distance_m": 0.0 }, "geometry": { "type": "Point", "coordinates": [ 126.917324427550824, 37.470612382604251 ] } },
{ "type": "Feature", "properties": { "grid_id": 35, "index_right": 71, "node_id": "116585", "snap_distance_m": 2388.7181704033219, "parks_within_10min": 56, "parks_within_15min": 58, "nearest_distance_m": 0.0 }, "geometry": { "type": "Point", "coordinates": [ 126.917321946544234, 37.472864906369558 ] } },
{ "type": "Feature", "properties": { "grid_id": 36, "index_right": 71, "node_id": "116585", "snap_distance_m": 2307.371021213351, "parks_within_10min": 56, "parks_within_15min": 58, "nearest_distance_m": 0.0 }, "geometry": { "type": "Point", "coordinates": [ 126.917319465261471, 37.475117429273872 ] } },
{ "type": "Feature", "properties": { "grid_id": 37, "index_right": 71, "node_id": "116585", "snap_distance_m": 2250.9881300120824, "parks_within_10min": 56, "parks_within_15min": 58, "nearest_distance_m": 0.0 }, "geometry": { "type": "Point", "coordinates": [ 126.917316983702506, 37.477369951317172 ] } },
{ "type": "Feature", "properties": { "grid_id": 38, "index_right": 71, "node_id": "116585", "snap_distance_m": 2221.471155197708, "parks_within_10min": 56, "parks_within_15min": 58, "nearest_distance_m": 0.0 }, "geometry": { "type": "Point", "coordinates": [ 126.917314501867338, 37.479622472499443 ] } },
{ "type": "Feature", "properties": { "grid_id": 39, "index_right": 71, "node_id": "116585", "snap_distance_m": 2219.8920300986688, "parks_within_10min": 56, "parks_within_15min": 58, "nearest_distance_m": 0.0 }, "geometry": { "type": "Point", "coordinates": [ 126.917312019755883, 37.481874992820671 ] } },
{ "type": "Feature", "properties": { "grid_id": 40, "index_right": 71, "node_id": "116585", "snap_distance_m": 2246.309675270918, "parks_within_10min": 56, "parks_within_15min": 58, "nearest_distance_m": 0.0 }, "geometry": { "type": "Point", "coordinates": [ 126.917309537368141, 37.484127512280836 ] } },
{ "type": "Feature", "properties": { "grid_id": 41, "index_right": 24, "node_id": "116582", "snap_distance_m": 2299.6342624435438, "parks_within_10min": 56, "parks_within_15min": 60, "nearest_distance_m": 0.0 }, "geometry": { "type": "Point", "coordinates": [ 126.917307054704096, 37.486380030879921 ] } },
{ "type": "Feature", "properties": { "grid_id": 42, "index_right": 24, "node_id": "116582", "snap_distance_m": 2375.1743317579944, "parks_within_10min": 56, "parks_within_15min": 60, "nearest_distance_m": 0.0 }, "geometry": { "type": "Point", "coordinates": [ 126.91730457176368, 37.488632548617908 ] } },
{ "type": "Feature", "properties": { "grid_id": 43, "index_right": 183, "node_id": "116588", "snap_distance_m": 3284.3548701568152, "parks_within_10min": 56, "parks_within_15min": 58, "nearest_distance_m": 0.0 }, "geometry": { "type": "Point", "coordinates": [ 126.920164929647839, 37.457099164531691 ] } },
{ "type": "Feature", "properties": { "grid_id": 44, "index_right": 183, "node_id": "116588", "snap_distance_m": 3088.727624729243, "parks_within_10min": 56, "parks_within_15min": 58, "nearest_distance_m": 0.0 }, "geometry": { "type": "Point", "coordinates": [ 126.920162535049897, 37.459351693619794 ] } },
{ "type": "Feature", "properties": { "grid_id": 45, "index_right": 183, "node_id": "116588", "snap_distance_m": 2901.4633836063331, "parks_within_10min": 56, "parks_within_15min": 58, "nearest_distance_m": 0.0 }, "geometry": { "type": "Point", "coordinates": [ 126.920160140185402, 37.461604221847011 ] } },
{ "type": "Feature", "properties": { "grid_id": 46, "index_right": 183, "node_id": "116588", "snap_distance_m": 2724.2872816667245, "parks_within_10min": 56, "parks_within_15min": 58, "nearest_distance_m": 0.0 }, "geometry": { "type": "Point", "coordinates": [ 126.920157745054354, 37.463856749213342 ] } },
{ "type": "Feature", "properties": { "grid_id": 47, "index_right": 183, "node_id": "116588", "snap_distance_m": 2559.2953365514172, "parks_within_10min": 56, "parks_within_15min": 58, "nearest_distance_m": 0.0 }, "geometry": { "type": "Point", "coordinates": [ 126.92015534965671, 37.466109275718736 ] } },
{ "type": "Feature", "properties": { "grid_id": 48, "index_right": 71, "node_id": "116585", "snap_distance_m": 2408.0994955382612, "parks_within_10min": 56, "parks_within_15min": 58, "nearest_distance_m": 0.0 }, "geometry": { "type": "Point", "coordinates": [ 126.920152953992428, 37.468361801363223 ] } },
{ "type": "Feature", "properties": { "grid_id": 49, "index_right": 71, "node_id": "116585", "snap_distance_m": 2273.0881444263832, "parks_within_10min": 56, "parks_within_15min": 58, "nearest_distance_m": 0.0 }, "geometry": { "type": "Point", "coordinates": [ 126.920150558061493, 37.470614326146759 ] } },
{ "type": "Feature", "properties": { "grid_id": 50, "index_right": 71, "node_id": "116585", "snap_distance_m": 2158.6839148545873, "parks_within_10min": 56, "parks_within_15min": 58, "nearest_distance_m": 0.0 }, "geometry": { "type": "Point", "coordinates": [ 126.920148161863864, 37.472866850069323 ] } },
{ "type": "Feature", "properties": { "grid_id": 51, "index_right": 71, "node_id": "116585", "snap_distance_m": 2068.3091587507115, "parks_within_10min": 56, "parks_within_15min": 58, "nearest_distance_m": 0.0 }, "geometry": { "type": "Point", "coordinates": [ 126.920145765399525, 37.475119373130916 ] } },
{ "type": "Feature", "properties": { "grid_id": 52, "index_right": 71, "node_id": "116585", "snap_distance_m": 2005.2155265936437, "parks_within_10min": 56, "parks_within_15min": 58, "nearest_distance_m": 0.0 }, "geometry": { "type": "Point", "coordinates": [ 126.920143368668391, 37.477371895331494 ] } },
{ "type": "Feature", "properties": { "grid_id": 53, "index_right": 71, "node_id": "116585", "snap_distance_m": 1972.0232858697113, "parks_within_10min": 56, "parks_within_15min": 58, "nearest_distance_m": 0.0 }, "geometry": { "type": "Point", "coordinates": [ 126.920140971670506, 37.479624416671072 ] } },
{ "type": "Feature", "properties": { "grid_id": 54, "index_right": 71, "node_id": "116585", "snap_distance_m": 1970.2442416950551, "parks_within_10min": 56, "parks_within_15min": 58, "nearest_distance_m": 0.0 }, "geometry": { "type": "Point", "coordinates": [ 126.920138574405811, 37.481876937149586 ] } },
{ "type": "Feature", "properties": { "grid_id": 55, "index_right": 71, "node_id": "116585", "snap_distance_m": 1999.9622256064417, "parks_within_10min": 56, "parks_within_15min": 58, "nearest_distance_m": 0.0 }, "geometry": { "type": "Point", "coordinates": [ 126.920136176874252, 37.484129456767072 ] } },
{ "type": "Feature", "properties": { "grid_id": 56, "index_right": 24, "node_id": "116582", "snap_distance_m": 2058.7224908003204, "parks_within_10min": 56, "parks_within_15min": 60, "nearest_distance_m": 0.0 }, "geometry": { "type": "Point", "coordinates": [ 126.920133779075812, 37.486381975523479 ] } },
{ "type": "Feature", "properties": { "grid_id": 57, "index_right": 24, "node_id": "116582", "snap_distance_m": 2142.7724236056542, "parks_within_10min": 56, "parks_within_15min": 60, "nearest_distance_m": 0.0 }, "geometry": { "type": "Point", "coordinates": [ 126.920131381010478, 37.4886344934188 ] } },
{ "type": "Feature", "properties": { "grid_id": 58, "index_right": 183, "node_id": "116588", "snap_distance_m": 3351.1141651671328, "parks_within_10min": 56, "parks_within_15min": 58, "nearest_distance_m": 0.0 }, "geometry": { "type": "Point", "coordinates": [ 126.922992861357883, 37.454848509470935 ] } },
{ "type": "Feature", "properties": { "grid_id": 59, "index_right": 183, "node_id": "116588", "snap_distance_m": 3139.7798608543512, "parks_within_10min": 56, "parks_within_15min": 58, "nearest_distance_m": 0.0 }, "geometry": { "type": "Point", "coordinates": [ 126.922990551769402, 37.457101039571619 ] } },
{ "type": "Feature", "properties": { "grid_id": 60, "index_right": 183, "node_id": "116588", "snap_distance_m": 2934.5304566947898, "parks_within_10min": 56, "parks_within_15min": 58, "nearest_distance_m": 0.0 }, "geometry": { "type": "Point", "coordinates": [ 126.922988241923832, 37.459353568811459 ] } },
{ "type": "Feature", "properties": { "grid_id": 61, "index_right": 183, "node_id": "116588", "snap_distance_m": 2736.7353594953406, "parks_within_10min": 56, "parks_within_15min": 58, "nearest_distance_m": 0.0 }, "geometry": { "type": "Point", "coordinates": [ 126.92298593182116, 37.461606097190426 ] } },
{ "type": "Feature", "properties": { "grid_id": 62, "index_right": 183, "node_id": "116588", "snap_distance_m": 2548.1310512912896, "parks_within_10min": 56, "parks_within_15min": 58, "nearest_distance_m": 0.0 }, "geometry": { "type": "Point", "coordinates": [ 126.922983621461356, 37.4638586247085 ] } },
{ "type": "Feature", "properties": { "grid_id": 63, "index_right": 183, "node_id": "116588", "snap_distance_m": 2370.911909202367, "parks_within_10min": 56, "parks_within_15min": 58, "nearest_distance_m": 0.0 }, "geometry": { "type": "Point", "coordinates": [ 126.922981310844392, 37.466111151365681 ] } },
{ "type": "Feature", "properties": { "grid_id": 64, "index_right": 183, "node_id": "116588", "snap_distance_m": 2207.8212581276534, "parks_within_10min": 56, "parks_within_15min": 58, "nearest_distance_m": 0.0 }, "geometry": { "type": "Point", "coordinates": [ 126.92297899997024, 37.468363677161946 ] } },
{ "type": "Feature", "properties": { "grid_id": 65, "index_right": 71, "node_id": "116585", "snap_distance_m": 2060.5512512356281, "parks_within_10min": 56, "parks_within_15min": 58, "nearest_distance_m": 0.0 }, "geometry": { "type": "Point", "coordinates": [ 126.922976688838858, 37.470616202097268 ] } },
{ "type": "Feature", "properties": { "grid_id": 66, "index_right": 71, "node_id": "116585", "snap_distance_m": 1933.6126786119448, "parks_within_10min": 56, "parks_within_15min": 58, "nearest_distance_m": 0.0 }, "geometry": { "type": "Point", "coordinates": [ 126.922974377450231, 37.472868726171633 ] } },
{ "type": "Feature", "properties": { "grid_id": 67, "index_right": 71, "node_id": "116585", "snap_distance_m": 1832.169348834602, "parks_within_10min": 56, "parks_within_15min": 58, "nearest_distance_m": 0.0 }, "geometry": { "type": "Point", "coordinates": [ 126.922972065804316, 37.475121249385033 ] } },
{ "type": "Feature", "properties": { "grid_id": 68, "index_right": 71, "node_id": "116585", "snap_distance_m": 1760.6337082792543, "parks_within_10min": 56, "parks_within_15min": 58, "nearest_distance_m": 0.0 }, "geometry": { "type": "Point", "coordinates": [ 126.9229697539011, 37.477373771737426 ] } },
{ "type": "Feature", "properties": { "grid_id": 69, "index_right": 71, "node_id": "116585", "snap_distance_m": 1722.7354952659759, "parks_within_10min": 56, "parks_within_15min": 58, "nearest_distance_m": 0.0 }, "geometry": { "type": "Point", "coordinates": [ 126.922967441740511, 37.479626293228812 ] } },
{ "type": "Feature", "properties": { "grid_id": 70, "index_right": 71, "node_id": "116585", "snap_distance_m": 1720.6987297517996, "parks_within_10min": 56, "parks_within_15min": 58, "nearest_distance_m": 0.0 }, "geometry": { "type": "Point", "coordinates": [ 126.922965129322591, 37.481878813859176 ] } },
{ "type": "Feature", "properties": { "grid_id": 71, "index_right": 71, "node_id": "116585", "snap_distance_m": 1754.6482982323282, "parks_within_10min": 56, "parks_within_15min": 58, "nearest_distance_m": 0.0 }, "geometry": { "type": "Point", "coordinates": [ 126.922962816647242, 37.484131333628497 ] } },
{ "type": "Feature", "properties": { "grid_id": 72, "index_right": 24, "node_id": "116582", "snap_distance_m": 1820.263400513752, "parks_within_10min": 56, "parks_within_15min": 60, "nearest_distance_m": 0.0 }, "geometry": { "type": "Point", "coordinates": [ 126.922960503714464, 37.486383852536754 ] } },
{ "type": "Feature", "properties": { "grid_id": 73, "index_right": 24, "node_id": "116582", "snap_distance_m": 1914.8091843543214, "parks_within_10min": 56, "parks_within_15min": 60, "nearest_distance_m": 0.0 }, "geometry": { "type": "Point", "coordinates": [ 126.922958190524213, 37.488636370583926 ] } },
{ "type": "Feature", "properties": { "grid_id": 74, "index_right": 473, "node_id": "116544", "snap_distance_m": 3225.585668723671, "parks_within_10min": 57, "parks_within_15min": 60, "nearest_distance_m": 0.0 }, "geometry": { "type": "Point", "coordinates": [ 126.925818398993528, 37.454850316805384 ] } },
{ "type": "Feature", "properties": { "grid_id": 75, "index_right": 183, "node_id": "116588", "snap_distance_m": 3009.0610223341023, "parks_within_10min": 56, "parks_within_15min": 58, "nearest_distance_m": 0.0 }, "geometry": { "type": "Point", "coordinates": [ 126.925816174148025, 37.457102847052333 ] } },
{ "type": "Feature", "properties": { "grid_id": 76, "index_right": 183, "node_id": "116588", "snap_distance_m": 2794.2261294986693, "parks_within_10min": 56, "parks_within_15min": 58, "nearest_distance_m": 0.0 }, "geometry": { "type": "Point", "coordinates": [ 126.92581394905487, 37.459355376438445 ] } },
{ "type": "Feature", "properties": { "grid_id": 77, "index_right": 183, "node_id": "116588", "snap_distance_m": 2585.7206131784374, "parks_within_10min": 56, "parks_within_15min": 58, "nearest_distance_m": 0.0 }, "geometry": { "type": "Point", "coordinates": [ 126.925811723714048, 37.461607904963699 ] } },
{ "type": "Feature", "properties": { "grid_id": 78, "index_right": 183, "node_id": "116588", "snap_distance_m": 2385.2049211878284, "parks_within_10min": 56, "parks_within_15min": 58, "nearest_distance_m": 0.0 }, "geometry": { "type": "Point", "coordinates": [ 126.925809498125503, 37.463860432628081 ] } },
{ "type": "Feature", "properties": { "grid_id": 79, "index_right": 183, "node_id": "116588", "snap_distance_m": 2194.8699147560874, "parks_within_10min": 56, "parks_within_15min": 58, "nearest_distance_m": 0.0 }, "geometry": { "type": "Point", "coordinates": [ 126.925807272289276, 37.466112959431548 ] } },
{ "type": "Feature", "properties": { "grid_id": 80, "index_right": 183, "node_id": "116588", "snap_distance_m": 2017.5989119109267, "parks_within_10min": 56, "parks_within_15min": 58, "nearest_distance_m": 0.0 }, "geometry": { "type": "Point", "coordinates": [ 126.925805046205255, 37.468365485374122 ] } },
{ "type": "Feature", "properties": { "grid_id": 81, "index_right": 183, "node_id": "116588", "snap_distance_m": 1857.136719788534, "parks_within_10min": 56, "parks_within_15min": 58, "nearest_distance_m": 0.0 }, "geometry": { "type": "Point", "coordinates": [ 126.925802819873468, 37.470618010455759 ] } },
{ "type": "Feature", "properties": { "grid_id": 82, "index_right": 71, "node_id": "116585", "snap_distance_m": 1715.4590457151096, "parks_within_10min": 56, "parks_within_15min": 58, "nearest_distance_m": 0.0 }, "geometry": { "type": "Point", "coordinates": [ 126.925800593293872, 37.472870534676453 ] } },
{ "type": "Feature", "properties": { "grid_id": 83, "index_right": 71, "node_id": "116585", "snap_distance_m": 1600.2456903381878, "parks_within_10min": 56, "parks_within_15min": 58, "nearest_distance_m": 0.0 }, "geometry": { "type": "Point", "coordinates": [ 126.925798366466424, 37.475123058036189 ] } },
{ "type": "Feature", "properties": { "grid_id": 84, "index_right": 71, "node_id": "116585", "snap_distance_m": 1517.818434914431, "parks_within_10min": 56, "parks_within_15min": 58, "nearest_distance_m": 0.0 }, "geometry": { "type": "Point", "coordinates": [ 126.925796139391124, 37.477375580534925 ] } },
{ "type": "Feature", "properties": { "grid_id": 85, "index_right": 71, "node_id": "116585", "snap_distance_m": 1473.6890219059928, "parks_within_10min": 56, "parks_within_15min": 58, "nearest_distance_m": 0.0 }, "geometry": { "type": "Point", "coordinates": [ 126.925793912067917, 37.479628102172661 ] } },
{ "type": "Feature", "properties": { "grid_id": 86, "index_right": 71, "node_id": "116585", "snap_distance_m": 1471.307535903487, "parks_within_10min": 56, "parks_within_15min": 58, "nearest_distance_m": 0.0 }, "geometry": { "type": "Point", "coordinates": [ 126.925791684496758, 37.48188062294939 ] } },
{ "type": "Feature", "properties": { "grid_id": 87, "index_right": 71, "node_id": "116585", "snap_distance_m": 1510.8714032393821, "parks_within_10min": 56, "parks_within_15min": 58, "nearest_distance_m": 0.0 }, "geometry": { "type": "Point", "coordinates": [ 126.925789456677663, 37.484133142865076 ] } },
{ "type": "Feature", "properties": { "grid_id": 88, "index_right": 24, "node_id": "116582", "snap_distance_m": 1585.3641223304826, "parks_within_10min": 56, "parks_within_15min": 60, "nearest_distance_m": 0.0 }, "geometry": { "type": "Point", "coordinates": [ 126.92578722861056, 37.486385661919719 ] } },
{ "type": "Feature", "properties": { "grid_id": 89, "index_right": 24, "node_id": "116582", "snap_distance_m": 1693.0784877289282, "parks_within_10min": 56, "parks_within_15min": 60, "nearest_distance_m": 0.0 }, "geometry": { "type": "Point", "coordinates": [ 126.925785000295448, 37.488638180113277 ] } },
{ "type": "Feature", "properties": { "grid_id": 90, "index_right": 24, "node_id": "116582", "snap_distance_m": 1828.838464941135, "parks_within_10min": 56, "parks_within_15min": 60, "nearest_distance_m": 0.0 }, "geometry": { "type": "Point", "coordinates": [ 126.925782771732315, 37.490890697445742 ] } },
{ "type": "Feature", "properties": { "grid_id": 91, "index_right": 436, "node_id": "83904", "snap_distance_m": 3498.2785661386251, "parks_within_10min": 0, "parks_within_15min": 2, "nearest_distance_m": 966.023 }, "geometry": { "type": "Point", "coordinates": [ 126.928648216367293, 37.450346993228145 ] } },
{ "type": "Feature", "properties": { "grid_id": 92, "index_right": 319, "node_id": "120141", "snap_distance_m": 3288.0548411225168, "parks_within_10min": 7, "parks_within_15min": 10, "nearest_distance_m": 0.0 }, "geometry": { "type": "Point", "coordinates": [ 126.928646076741117, 37.452599525337519 ] } },
{ "type": "Feature", "properties": { "grid_id": 93, "index_right": 319, "node_id": "120141", "snap_distance_m": 3082.2817558742408, "parks_within_10min": 7, "parks_within_15min": 10, "nearest_distance_m": 0.0 }, "geometry": { "type": "Point", "coordinates": [ 126.92864393687681, 37.454852056586077 ] } },
{ "type": "Feature", "properties": { "grid_id": 94, "index_right": 319, "node_id": "120141", "snap_distance_m": 2883.5077608636957, "parks_within_10min": 7, "parks_within_15min": 10, "nearest_distance_m": 0.0 }, "geometry": { "type": "Point", "coordinates": [ 126.928641796774272, 37.457104586973827 ] } },
{ "type": "Feature", "properties": { "grid_id": 95, "index_right": 473, "node_id": "116544", "snap_distance_m": 2667.6064923939648, "parks_within_10min": 57, "parks_within_15min": 60, "nearest_distance_m": 0.0 }, "geometry": { "type": "Point", "coordinates": [ 126.92863965643356, 37.459357116500748 ] } },
{ "type": "Feature", "properties": { "grid_id": 96, "index_right": 183, "node_id": "116588", "snap_distance_m": 2450.9552731373242, "parks_within_10min": 56, "parks_within_15min": 58, "nearest_distance_m": 0.0 }, "geometry": { "type": "Point", "coordinates": [ 126.928637515854618, 37.461609645166817 ] } },
{ "type": "Feature", "properties": { "grid_id": 97, "index_right": 183, "node_id": "116588", "snap_distance_m": 2238.3996911995891, "parks_within_10min": 56, "parks_within_15min": 58, "nearest_distance_m": 0.0 }, "geometry": { "type": "Point", "coordinates": [ 126.928635375037416, 37.463862172972014 ] } },
{ "type": "Feature", "properties": { "grid_id": 98, "index_right": 183, "node_id": "116588", "snap_distance_m": 2034.3757283759498, "parks_within_10min": 56, "parks_within_15min": 58, "nearest_distance_m": 0.0 }, "geometry": { "type": "Point", "coordinates": [ 126.928633233981913, 37.466114699916325 ] } },
{ "type": "Feature", "properties": { "grid_id": 99, "index_right": 183, "node_id": "116588", "snap_distance_m": 1841.7209427185044, "parks_within_10min": 56, "parks_within_15min": 58, "nearest_distance_m": 0.0 }, "geometry": { "type": "Point", "coordinates": [ 126.928631092688079, 37.468367225999735 ] } },
{ "type": "Feature", "properties": { "grid_id": 100, "index_right": 183, "node_id": "116588", "snap_distance_m": 1664.3880129016484, "parks_within_10min": 56, "parks_within_15min": 58, "nearest_distance_m": 0.0 }, "geometry": { "type": "Point", "coordinates": [ 126.928628951155915, 37.470619751222223 ] } },
{ "type": "Feature", "properties": { "grid_id": 101, "index_right": 71, "node_id": "116585", "snap_distance_m": 1507.2297383487125, "parks_within_10min": 56, "parks_within_15min": 58, "nearest_distance_m": 0.0 }, "geometry": { "type": "Point", "coordinates": [ 126.928626809385378, 37.472872275583775 ] } },
{ "type": "Feature", "properties": { "grid_id": 102, "index_right": 71, "node_id": "116585", "snap_distance_m": 1374.6737853334068, "parks_within_10min": 56, "parks_within_15min": 58, "nearest_distance_m": 0.0 }, "geometry": { "type": "Point", "coordinates": [ 126.928624667376425, 37.475124799084369 ] } },
{ "type": "Feature", "properties": { "grid_id": 103, "index_right": 71, "node_id": "116585", "snap_distance_m": 1277.7771902812426, "parks_within_10min": 56, "parks_within_15min": 58, "nearest_distance_m": 0.0 }, "geometry": { "type": "Point", "coordinates": [ 126.928622525129057, 37.477377321723971 ] } },
{ "type": "Feature", "properties": { "grid_id": 104, "index_right": 71, "node_id": "116585", "snap_distance_m": 1225.0310526362896, "parks_within_10min": 56, "parks_within_15min": 58, "nearest_distance_m": 0.0 }, "geometry": { "type": "Point", "coordinates": [ 126.928620382643231, 37.479629843502607 ] } },
{ "type": "Feature", "properties": { "grid_id": 105, "index_right": 71, "node_id": "116585", "snap_distance_m": 1222.165132804616, "parks_within_10min": 56, "parks_within_15min": 58, "nearest_distance_m": 0.0 }, "geometry": { "type": "Point", "coordinates": [ 126.928618239918904, 37.481882364420215 ] } },
{ "type": "Feature", "properties": { "grid_id": 106, "index_right": 24, "node_id": "116582", "snap_distance_m": 1268.9620121413177, "parks_within_10min": 56, "parks_within_15min": 60, "nearest_distance_m": 0.0 }, "geometry": { "type": "Point", "coordinates": [ 126.928616096956077, 37.484134884476809 ] } },
{ "type": "Feature", "properties": { "grid_id": 107, "index_right": 24, "node_id": "116582", "snap_distance_m": 1355.8760833850247, "parks_within_10min": 56, "parks_within_15min": 60, "nearest_distance_m": 0.0 }, "geometry": { "type": "Point", "coordinates": [ 126.928613953754692, 37.486387403672353 ] } },
{ "type": "Feature", "properties": { "grid_id": 108, "index_right": 24, "node_id": "116582", "snap_distance_m": 1480.3835039385192, "parks_within_10min": 56, "parks_within_15min": 60, "nearest_distance_m": 0.0 }, "geometry": { "type": "Point", "coordinates": [ 126.928611810314749, 37.488639922006826 ] } },
{ "type": "Feature", "properties": { "grid_id": 109, "index_right": 24, "node_id": "116582", "snap_distance_m": 1633.912691661051, "parks_within_10min": 56, "parks_within_15min": 60, "nearest_distance_m": 0.0 }, "geometry": { "type": "Point", "coordinates": [ 126.928609666636206, 37.49089243948022 ] } },
{ "type": "Feature", "properties": { "grid_id": 110, "index_right": 137, "node_id": "213876", "snap_distance_m": 1799.8212140692092, "parks_within_10min": 56, "parks_within_15min": 60, "nearest_distance_m": 0.0 }, "geometry": { "type": "Point", "coordinates": [ 126.928607522719034, 37.493144956092529 ] } },
{ "type": "Feature", "properties": { "grid_id": 111, "index_right": 436, "node_id": "83904", "snap_distance_m": 3771.9628297860691, "parks_within_10min": 0, "parks_within_15min": 2, "nearest_distance_m": 966.023 }, "geometry": { "type": "Point", "coordinates": [ 126.93147769414891, 37.445843598112788 ] } },
{ "type": "Feature", "properties": { "grid_id": 112, "index_right": 436, "node_id": "83904", "snap_distance_m": 3558.4605598121339, "parks_within_10min": 0, "parks_within_15min": 2, "nearest_distance_m": 966.023 }, "geometry": { "type": "Point", "coordinates": [ 126.931475639704274, 37.448096132078994 ] } },
{ "type": "Feature", "properties": { "grid_id": 113, "index_right": 436, "node_id": "83904", "snap_distance_m": 3350.0118689624433, "parks_within_10min": 0, "parks_within_15min": 2, "nearest_distance_m": 966.023 }, "geometry": { "type": "Point", "coordinates": [ 126.931473585030957, 37.450348665184428 ] } },
{ "type": "Feature", "properties": { "grid_id": 114, "index_right": 436, "node_id": "83904", "snap_distance_m": 3147.6209251814298, "parks_within_10min": 0, "parks_within_15min": 2, "nearest_distance_m": 966.023 }, "geometry": { "type": "Point", "coordinates": [ 126.93147153012896, 37.452601197429104 ] } },
{ "type": "Feature", "properties": { "grid_id": 115, "index_right": 319, "node_id": "120141", "snap_distance_m": 2942.6547512759685, "parks_within_10min": 7, "parks_within_15min": 10, "nearest_distance_m": 0.0 }, "geometry": { "type": "Point", "coordinates": [ 126.931469474998238, 37.454853728812992 ] } },
{ "type": "Feature", "properties": { "grid_id": 116, "index_right": 319, "node_id": "120141", "snap_distance_m": 2733.7470931988214, "parks_within_10min": 7, "parks_within_15min": 10, "nearest_distance_m": 0.0 }, "geometry": { "type": "Point", "coordinates": [ 126.931467419638764, 37.457106259336079 ] } },
{ "type": "Feature", "properties": { "grid_id": 117, "index_right": 319, "node_id": "120141", "snap_distance_m": 2532.2972483377575, "parks_within_10min": 7, "parks_within_15min": 10, "nearest_distance_m": 0.0 }, "geometry": { "type": "Point", "coordinates": [ 126.931465364050496, 37.459358788998337 ] } },
{ "type": "Feature", "properties": { "grid_id": 118, "index_right": 473, "node_id": "116544", "snap_distance_m": 2327.1674717601591, "parks_within_10min": 57, "parks_within_15min": 60, "nearest_distance_m": 0.0 }, "geometry": { "type": "Point", "coordinates": [ 126.931463308233461, 37.461611317799743 ] } },
{ "type": "Feature", "properties": { "grid_id": 119, "index_right": 473, "node_id": "116544", "snap_distance_m": 2110.1767438414563, "parks_within_10min": 57, "parks_within_15min": 60, "nearest_distance_m": 0.0 }, "geometry": { "type": "Point", "coordinates": [ 126.931461252187574, 37.463863845740306 ] } },
{ "type": "Feature", "properties": { "grid_id": 120, "index_right": 183, "node_id": "116588", "snap_distance_m": 1893.3872466320663, "parks_within_10min": 56, "parks_within_15min": 58, "nearest_distance_m": 0.0 }, "geometry": { "type": "Point", "coordinates": [ 126.931459195912836, 37.46611637281999 ] } },
{ "type": "Feature", "properties": { "grid_id": 121, "index_right": 183, "node_id": "116588", "snap_distance_m": 1684.6859328526839, "parks_within_10min": 56, "parks_within_15min": 58, "nearest_distance_m": 0.0 }, "geometry": { "type": "Point", "coordinates": [ 126.931457139409233, 37.468368899038765 ] } },
{ "type": "Feature", "properties": { "grid_id": 122, "index_right": 183, "node_id": "116588", "snap_distance_m": 1488.7639567757135, "parks_within_10min": 56, "parks_within_15min": 58, "nearest_distance_m": 0.0 }, "geometry": { "type": "Point", "coordinates": [ 126.931455082676706, 37.470621424396633 ] } },
{ "type": "Feature", "properties": { "grid_id": 123, "index_right": 183, "node_id": "116588", "snap_distance_m": 1311.3617142639323, "parks_within_10min": 56, "parks_within_15min": 58, "nearest_distance_m": 0.0 }, "geometry": { "type": "Point", "coordinates": [ 126.931453025715257, 37.472873948893572 ] } },
{ "type": "Feature", "properties": { "grid_id": 124, "index_right": 71, "node_id": "116585", "snap_distance_m": 1159.1677025865636, "parks_within_10min": 56, "parks_within_15min": 58, "nearest_distance_m": 0.0 }, "geometry": { "type": "Point", "coordinates": [ 126.931450968524857, 37.47512647252956 ] } },
{ "type": "Feature", "properties": { "grid_id": 125, "index_right": 71, "node_id": "116585", "snap_distance_m": 1042.4280764829584, "parks_within_10min": 56, "parks_within_15min": 58, "nearest_distance_m": 0.0 }, "geometry": { "type": "Point", "coordinates": [ 126.931448911105434, 37.477378995304583 ] } },
{ "type": "Feature", "properties": { "grid_id": 126, "index_right": 71, "node_id": "116585", "snap_distance_m": 977.05825136483543, "parks_within_10min": 56, "parks_within_15min": 58, "nearest_distance_m": 0.0 }, "geometry": { "type": "Point", "coordinates": [ 126.931446853457032, 37.479631517218614 ] } },
{ "type": "Feature", "properties": { "grid_id": 127, "index_right": 71, "node_id": "116585", "snap_distance_m": 973.46256141685228, "parks_within_10min": 56, "parks_within_15min": 58, "nearest_distance_m": 0.0 }, "geometry": { "type": "Point", "coordinates": [ 126.931444795579552, 37.481884038271659 ] } },
{ "type": "Feature", "properties": { "grid_id": 128, "index_right": 24, "node_id": "116582", "snap_distance_m": 1029.7014816831888, "parks_within_10min": 56, "parks_within_15min": 60, "nearest_distance_m": 0.0 }, "geometry": { "type": "Point", "coordinates": [ 126.93144273747302, 37.484136558463675 ] } },
{ "type": "Feature", "properties": { "grid_id": 129, "index_right": 24, "node_id": "116582", "snap_distance_m": 1135.0861229961045, "parks_within_10min": 56, "parks_within_15min": 60, "nearest_distance_m": 0.0 }, "geometry": { "type": "Point", "coordinates": [ 126.931440679137395, 37.486389077794655 ] } },
{ "type": "Feature", "properties": { "grid_id": 130, "index_right": 24, "node_id": "116582", "snap_distance_m": 1281.2321693807489, "parks_within_10min": 56, "parks_within_15min": 60, "nearest_distance_m": 0.0 }, "geometry": { "type": "Point", "coordinates": [ 126.931438620572635, 37.488641596264578 ] } },
{ "type": "Feature", "properties": { "grid_id": 131, "index_right": 137, "node_id": "213876", "snap_distance_m": 1446.4878178437771, "parks_within_10min": 56, "parks_within_15min": 60, "nearest_distance_m": 0.0 }, "geometry": { "type": "Point", "coordinates": [ 126.931436561778725, 37.490894113873409 ] } },
{ "type": "Feature", "properties": { "grid_id": 132, "index_right": 137, "node_id": "213876", "snap_distance_m": 1626.5671537599756, "parks_within_10min": 56, "parks_within_15min": 60, "nearest_distance_m": 0.0 }, "geometry": { "type": "Point", "coordinates": [ 126.931434502755636, 37.493146630621176 ] } },
{ "type": "Feature", "properties": { "grid_id": 133, "index_right": 436, "node_id": "83904", "snap_distance_m": 3876.5180534496803, "parks_within_10min": 0, "parks_within_15min": 2, "nearest_distance_m": 966.023 }, "geometry": { "type": "Point", "coordinates": [ 126.934304863141236, 37.443592667309765 ] } },
{ "type": "Feature", "properties": { "grid_id": 134, "index_right": 436, "node_id": "83904", "snap_distance_m": 3652.0309671704672, "parks_within_10min": 0, "parks_within_15min": 2, "nearest_distance_m": 966.023 }, "geometry": { "type": "Point", "coordinates": [ 126.934302893621137, 37.445845202266533 ] } },
{ "type": "Feature", "properties": { "grid_id": 135, "index_right": 436, "node_id": "83904", "snap_distance_m": 3431.0739064646818, "parks_within_10min": 0, "parks_within_15min": 2, "nearest_distance_m": 966.023 }, "geometry": { "type": "Point", "coordinates": [ 126.93430092388185, 37.44809773636257 ] } },
{ "type": "Feature", "properties": { "grid_id": 136, "index_right": 436, "node_id": "83904", "snap_distance_m": 3214.374918716479, "parks_within_10min": 0, "parks_within_15min": 2, "nearest_distance_m": 966.023 }, "geometry": { "type": "Point", "coordinates": [ 126.934298953923303, 37.450350269597848 ] } },
{ "type": "Feature", "properties": { "grid_id": 137, "index_right": 436, "node_id": "83904", "snap_distance_m": 3002.8559879761683, "parks_within_10min": 0, "parks_within_15min": 2, "nearest_distance_m": 966.023 }, "geometry": { "type": "Point", "coordinates": [ 126.934296983745497, 37.452602801972375 ] } },
{ "type": "Feature", "properties": { "grid_id": 138, "index_right": 436, "node_id": "83904", "snap_distance_m": 2797.6922723872058, "parks_within_10min": 0, "parks_within_15min": 2, "nearest_distance_m": 966.023 }, "geometry": { "type": "Point", "coordinates": [ 126.934295013348404, 37.454855333486115 ] } },
{ "type": "Feature", "properties": { "grid_id": 139, "index_right": 319, "node_id": "120141", "snap_distance_m": 2599.4478898767807, "parks_within_10min": 7, "parks_within_15min": 10, "nearest_distance_m": 0.0 }, "geometry": { "type": "Point", "coordinates": [ 126.934293042731994, 37.457107864139061 ] } },
{ "type": "Feature", "properties": { "grid_id": 140, "index_right": 319, "node_id": "120141", "snap_distance_m": 2386.6892375319453, "parks_within_10min": 7, "parks_within_15min": 10, "nearest_distance_m": 0.0 }, "geometry": { "type": "Point", "coordinates": [ 126.934291071896254, 37.459360393931199 ] } },
{ "type": "Feature", "properties": { "grid_id": 141, "index_right": 319, "node_id": "120141", "snap_distance_m": 2181.8436472205776, "parks_within_10min": 7, "parks_within_15min": 10, "nearest_distance_m": 0.0 }, "geometry": { "type": "Point", "coordinates": [ 126.934289100841113, 37.461612922862493 ] } },
{ "type": "Feature", "properties": { "grid_id": 142, "index_right": 319, "node_id": "120141", "snap_distance_m": 1987.3595259244778, "parks_within_10min": 7, "parks_within_15min": 10, "nearest_distance_m": 0.0 }, "geometry": { "type": "Point", "coordinates": [ 126.934287129566613, 37.463865450932943 ] } },
{ "type": "Feature", "properties": { "grid_id": 143, "index_right": 473, "node_id": "116544", "snap_distance_m": 1768.4541084250591, "parks_within_10min": 57, "parks_within_15min": 60, "nearest_distance_m": 0.0 }, "geometry": { "type": "Point", "coordinates": [ 126.934285158072697, 37.466117978142506 ] } },
{ "type": "Feature", "properties": { "grid_id": 144, "index_right": 183, "node_id": "116588", "snap_distance_m": 1552.2233582366616, "parks_within_10min": 56, "parks_within_15min": 58, "nearest_distance_m": 0.0 }, "geometry": { "type": "Point", "coordinates": [ 126.934283186359309, 37.468370504491197 ] } },
{ "type": "Feature", "properties": { "grid_id": 145, "index_right": 183, "node_id": "116588", "snap_distance_m": 1337.0298353059516, "parks_within_10min": 56, "parks_within_15min": 58, "nearest_distance_m": 0.0 }, "geometry": { "type": "Point", "coordinates": [ 126.934281214426463, 37.470623029978974 ] } },
{ "type": "Feature", "properties": { "grid_id": 146, "index_right": 183, "node_id": "116588", "snap_distance_m": 1136.1778941437915, "parks_within_10min": 56, "parks_within_15min": 58, "nearest_distance_m": 0.0 }, "geometry": { "type": "Point", "coordinates": [ 126.934279242274116, 37.472875554605842 ] } },
{ "type": "Feature", "properties": { "grid_id": 147, "index_right": 183, "node_id": "116588", "snap_distance_m": 958.72396120248368, "parks_within_10min": 56, "parks_within_15min": 58, "nearest_distance_m": 0.0 }, "geometry": { "type": "Point", "coordinates": [ 126.934277269902267, 37.475128078371746 ] } },
{ "type": "Feature", "properties": { "grid_id": 148, "index_right": 71, "node_id": "116585", "snap_distance_m": 815.84192174519626, "parks_within_10min": 56, "parks_within_15min": 58, "nearest_distance_m": 0.0 }, "geometry": { "type": "Point", "coordinates": [ 126.934275297310847, 37.4773806012767 ] } },
{ "type": "Feature", "properties": { "grid_id": 149, "index_right": 71, "node_id": "116585", "snap_distance_m": 730.46873526321724, "parks_within_10min": 56, "parks_within_15min": 58, "nearest_distance_m": 0.0 }, "geometry": { "type": "Point", "coordinates": [ 126.934273324499856, 37.479633123320689 ] } },
{ "type": "Feature", "properties": { "grid_id": 150, "index_right": 71, "node_id": "116585", "snap_distance_m": 725.65219293900918, "parks_within_10min": 56, "parks_within_15min": 58, "nearest_distance_m": 0.0 }, "geometry": { "type": "Point", "coordinates": [ 126.934271351469263, 37.481885644503663 ] } },
{ "type": "Feature", "properties": { "grid_id": 151, "index_right": 24, "node_id": "116582", "snap_distance_m": 797.06065923702909, "parks_within_10min": 56, "parks_within_15min": 60, "nearest_distance_m": 0.0 }, "geometry": { "type": "Point", "coordinates": [ 126.934269378219071, 37.484138164825644 ] } },
{ "type": "Feature", "properties": { "grid_id": 152, "index_right": 24, "node_id": "116582", "snap_distance_m": 929.21529245979389, "parks_within_10min": 56, "parks_within_15min": 60, "nearest_distance_m": 0.0 }, "geometry": { "type": "Point", "coordinates": [ 126.934267404749193, 37.48639068428659 ] } },
{ "type": "Feature", "properties": { "grid_id": 153, "index_right": 137, "node_id": "213876", "snap_distance_m": 1093.2966714151019, "parks_within_10min": 56, "parks_within_15min": 60, "nearest_distance_m": 0.0 }, "geometry": { "type": "Point", "coordinates": [ 126.934265431059671, 37.488643202886479 ] } },
{ "type": "Feature", "properties": { "grid_id": 154, "index_right": 137, "node_id": "213876", "snap_distance_m": 1274.2414646556272, "parks_within_10min": 56, "parks_within_15min": 60, "nearest_distance_m": 0.0 }, "geometry": { "type": "Point", "coordinates": [ 126.934263457150422, 37.490895720625304 ] } },
{ "type": "Feature", "properties": { "grid_id": 155, "index_right": 436, "node_id": "83904", "snap_distance_m": 4009.6235294794037, "parks_within_10min": 0, "parks_within_15min": 2, "nearest_distance_m": 966.023 }, "geometry": { "type": "Point", "coordinates": [ 126.93713186275113, 37.44134166786538 ] } },
{ "type": "Feature", "properties": { "grid_id": 156, "index_right": 436, "node_id": "83904", "snap_distance_m": 3776.5088129919181, "parks_within_10min": 0, "parks_within_15min": 2, "nearest_distance_m": 966.023 }, "geometry": { "type": "Point", "coordinates": [ 126.937129978136738, 37.443594203807201 ] } },
{ "type": "Feature", "properties": { "grid_id": 157, "index_right": 436, "node_id": "83904", "snap_distance_m": 3545.6955285326439, "parks_within_10min": 0, "parks_within_15min": 2, "nearest_distance_m": 966.023 }, "geometry": { "type": "Point", "coordinates": [ 126.937128093312595, 37.445846738888328 ] } },
{ "type": "Feature", "properties": { "grid_id": 158, "index_right": 436, "node_id": "83904", "snap_distance_m": 3317.6640498258926, "parks_within_10min": 0, "parks_within_15min": 2, "nearest_distance_m": 966.023 }, "geometry": { "type": "Point", "coordinates": [ 126.937126208278656, 37.448099273108738 ] } },
{ "type": "Feature", "properties": { "grid_id": 159, "index_right": 436, "node_id": "83904", "snap_distance_m": 3093.0296982017326, "parks_within_10min": 0, "parks_within_15min": 2, "nearest_distance_m": 966.023 }, "geometry": { "type": "Point", "coordinates": [ 126.937124323034908, 37.45035180646839 ] } },
{ "type": "Feature", "properties": { "grid_id": 160, "index_right": 436, "node_id": "83904", "snap_distance_m": 2872.5895426267671, "parks_within_10min": 0, "parks_within_15min": 2, "nearest_distance_m": 966.023 }, "geometry": { "type": "Point", "coordinates": [ 126.937122437581337, 37.452604338967298 ] } },
{ "type": "Feature", "properties": { "grid_id": 161, "index_right": 436, "node_id": "83904", "snap_distance_m": 2657.3875605299681, "parks_within_10min": 0, "parks_within_15min": 2, "nearest_distance_m": 966.023 }, "geometry": { "type": "Point", "coordinates": [ 126.937120551917914, 37.45485687060544 ] } },
{ "type": "Feature", "properties": { "grid_id": 162, "index_right": 436, "node_id": "83904", "snap_distance_m": 2448.8051399223609, "parks_within_10min": 0, "parks_within_15min": 2, "nearest_distance_m": 966.023 }, "geometry": { "type": "Point", "coordinates": [ 126.937118666044583, 37.457109401382787 ] } },
{ "type": "Feature", "properties": { "grid_id": 163, "index_right": 436, "node_id": "83904", "snap_distance_m": 2248.6850779424253, "parks_within_10min": 0, "parks_within_15min": 2, "nearest_distance_m": 966.023 }, "geometry": { "type": "Point", "coordinates": [ 126.937116779961357, 37.459361931299327 ] } },
{ "type": "Feature", "properties": { "grid_id": 164, "index_right": 319, "node_id": "120141", "snap_distance_m": 2041.8613722602797, "parks_within_10min": 7, "parks_within_15min": 10, "nearest_distance_m": 0.0 }, "geometry": { "type": "Point", "coordinates": [ 126.937114893668195, 37.46161446035503 ] } },
{ "type": "Feature", "properties": { "grid_id": 165, "index_right": 319, "node_id": "120141", "snap_distance_m": 1832.5812527401358, "parks_within_10min": 7, "parks_within_15min": 10, "nearest_distance_m": 0.0 }, "geometry": { "type": "Point", "coordinates": [ 126.937113007165053, 37.463866988549896 ] } },
{ "type": "Feature", "properties": { "grid_id": 166, "index_right": 319, "node_id": "120141", "snap_distance_m": 1634.7814019802704, "parks_within_10min": 7, "parks_within_15min": 10, "nearest_distance_m": 0.0 }, "geometry": { "type": "Point", "coordinates": [ 126.937111120451945, 37.466119515883889 ] } },
{ "type": "Feature", "properties": { "grid_id": 167, "index_right": 473, "node_id": "116544", "snap_distance_m": 1432.4852449367881, "parks_within_10min": 57, "parks_within_15min": 60, "nearest_distance_m": 0.0 }, "geometry": { "type": "Point", "coordinates": [ 126.937109233528858, 37.468372042357011 ] } },
{ "type": "Feature", "properties": { "grid_id": 168, "index_right": 473, "node_id": "116544", "snap_distance_m": 1210.0212500581843, "parks_within_10min": 57, "parks_within_15min": 60, "nearest_distance_m": 0.0 }, "geometry": { "type": "Point", "coordinates": [ 126.937107346395692, 37.470624567969232 ] } },
{ "type": "Feature", "properties": { "grid_id": 169, "index_right": 183, "node_id": "116588", "snap_distance_m": 993.54459821630678, "parks_within_10min": 56, "parks_within_15min": 58, "nearest_distance_m": 0.0 }, "geometry": { "type": "Point", "coordinates": [ 126.937105459052503, 37.472877092720537 ] } },
{ "type": "Feature", "properties": { "grid_id": 170, "index_right": 183, "node_id": "116588", "snap_distance_m": 784.46306177382439, "parks_within_10min": 56, "parks_within_15min": 58, "nearest_distance_m": 0.0 }, "geometry": { "type": "Point", "coordinates": [ 126.937103571499208, 37.475129616610907 ] } },
{ "type": "Feature", "properties": { "grid_id": 171, "index_right": 183, "node_id": "116588", "snap_distance_m": 607.15214067836712, "parks_within_10min": 56, "parks_within_15min": 58, "nearest_distance_m": 0.0 }, "geometry": { "type": "Point", "coordinates": [ 126.937101683735833, 37.477382139640326 ] } },
{ "type": "Feature", "properties": { "grid_id": 172, "index_right": 71, "node_id": "116585", "snap_distance_m": 487.36672007224513, "parks_within_10min": 56, "parks_within_15min": 58, "nearest_distance_m": 0.0 }, "geometry": { "type": "Point", "coordinates": [ 126.937099795762279, 37.479634661808781 ] } },
{ "type": "Feature", "properties": { "grid_id": 173, "index_right": 71, "node_id": "116585", "snap_distance_m": 480.11753951936305, "parks_within_10min": 56, "parks_within_15min": 58, "nearest_distance_m": 0.0 }, "geometry": { "type": "Point", "coordinates": [ 126.937097907578618, 37.481887183116243 ] } },
{ "type": "Feature", "properties": { "grid_id": 174, "index_right": 24, "node_id": "116582", "snap_distance_m": 579.07361157816581, "parks_within_10min": 56, "parks_within_15min": 60, "nearest_distance_m": 0.0 }, "geometry": { "type": "Point", "coordinates": [ 126.937096019184764, 37.484139703562704 ] } },
{ "type": "Feature", "properties": { "grid_id": 175, "index_right": 137, "node_id": "213876", "snap_distance_m": 740.45135983684327, "parks_within_10min": 56, "parks_within_15min": 60, "nearest_distance_m": 0.0 }, "geometry": { "type": "Point", "coordinates": [ 126.937094130580704, 37.486392223148144 ] } },
{ "type": "Feature", "properties": { "grid_id": 176, "index_right": 137, "node_id": "213876", "snap_distance_m": 922.85530545400604, "parks_within_10min": 56, "parks_within_15min": 60, "nearest_distance_m": 0.0 }, "geometry": { "type": "Point", "coordinates": [ 126.937092241766393, 37.488644741872541 ] } },
{ "type": "Feature", "properties": { "grid_id": 177, "index_right": 350, "node_id": "121172", "snap_distance_m": 1098.5919033247512, "parks_within_10min": 6, "parks_within_15min": 6, "nearest_distance_m": 0.0 }, "geometry": { "type": "Point", "coordinates": [ 126.937090352741848, 37.490897259735867 ] } },
{ "type": "Feature", "properties": { "grid_id": 178, "index_right": 438, "node_id": "83483", "snap_distance_m": 4401.2432875920231, "parks_within_10min": 4, "parks_within_15min": 4, "nearest_distance_m": 156.955 }, "geometry": { "type": "Point", "coordinates": [ 126.939960492524605, 37.43683806201399 ] } },
{ "type": "Feature", "properties": { "grid_id": 179, "index_right": 438, "node_id": "83483", "snap_distance_m": 4162.1944743540416, "parks_within_10min": 4, "parks_within_15min": 4, "nearest_distance_m": 156.955 }, "geometry": { "type": "Point", "coordinates": [ 126.939958692997379, 37.439090599796039 ] } },
{ "type": "Feature", "properties": { "grid_id": 180, "index_right": 438, "node_id": "83483", "snap_distance_m": 3924.5105692446277, "parks_within_10min": 4, "parks_within_15min": 4, "nearest_distance_m": 156.955 }, "geometry": { "type": "Point", "coordinates": [ 126.939956893269851, 37.441343136717435 ] } },
{ "type": "Feature", "properties": { "grid_id": 181, "index_right": 438, "node_id": "83483", "snap_distance_m": 3688.4554455601424, "parks_within_10min": 4, "parks_within_15min": 4, "nearest_distance_m": 156.955 }, "geometry": { "type": "Point", "coordinates": [ 126.939955093341993, 37.443595672778152 ] } },
{ "type": "Feature", "properties": { "grid_id": 182, "index_right": 436, "node_id": "83904", "snap_distance_m": 3454.2124105128096, "parks_within_10min": 0, "parks_within_15min": 2, "nearest_distance_m": 966.023 }, "geometry": { "type": "Point", "coordinates": [ 126.939953293213819, 37.445848207978159 ] } },
{ "type": "Feature", "properties": { "grid_id": 183, "index_right": 436, "node_id": "83904", "snap_distance_m": 3219.7082699200359, "parks_within_10min": 0, "parks_within_15min": 2, "nearest_distance_m": 966.023 }, "geometry": { "type": "Point", "coordinates": [ 126.939951492885299, 37.448100742317472 ] } },
{ "type": "Feature", "properties": { "grid_id": 184, "index_right": 436, "node_id": "83904", "snap_distance_m": 2987.7180773697892, "parks_within_10min": 0, "parks_within_15min": 2, "nearest_distance_m": 966.023 }, "geometry": { "type": "Point", "coordinates": [ 126.939949692356365, 37.450353275796047 ] } },
{ "type": "Feature", "properties": { "grid_id": 185, "index_right": 436, "node_id": "83904", "snap_distance_m": 2758.8760893329345, "parks_within_10min": 0, "parks_within_15min": 2, "nearest_distance_m": 966.023 }, "geometry": { "type": "Point", "coordinates": [ 126.939947891627043, 37.452605808413864 ] } },
{ "type": "Feature", "properties": { "grid_id": 186, "index_right": 436, "node_id": "83904", "snap_distance_m": 2534.0353673032555, "parks_within_10min": 0, "parks_within_15min": 2, "nearest_distance_m": 966.023 }, "geometry": { "type": "Point", "coordinates": [ 126.939946090697291, 37.454858340170929 ] } },
{ "type": "Feature", "properties": { "grid_id": 187, "index_right": 436, "node_id": "83904", "snap_distance_m": 2314.3623763781034, "parks_within_10min": 0, "parks_within_15min": 2, "nearest_distance_m": 966.023 }, "geometry": { "type": "Point", "coordinates": [ 126.93994428956708, 37.457110871067208 ] } },
{ "type": "Feature", "properties": { "grid_id": 188, "index_right": 436, "node_id": "83904", "snap_distance_m": 2101.4783309958875, "parks_within_10min": 0, "parks_within_15min": 2, "nearest_distance_m": 966.023 }, "geometry": { "type": "Point", "coordinates": [ 126.939942488236383, 37.459363401102685 ] } },
{ "type": "Feature", "properties": { "grid_id": 189, "index_right": 436, "node_id": "83904", "snap_distance_m": 1897.6693974704915, "parks_within_10min": 0, "parks_within_15min": 2, "nearest_distance_m": 966.023 }, "geometry": { "type": "Point", "coordinates": [ 126.939940686705199, 37.46161593027734 ] } },
{ "type": "Feature", "properties": { "grid_id": 190, "index_right": 319, "node_id": "120141", "snap_distance_m": 1700.6205368942378, "parks_within_10min": 7, "parks_within_15min": 10, "nearest_distance_m": 0.0 }, "geometry": { "type": "Point", "coordinates": [ 126.939938884973486, 37.463868458591158 ] } },
{ "type": "Feature", "properties": { "grid_id": 191, "index_right": 319, "node_id": "120141", "snap_distance_m": 1485.3505966176533, "parks_within_10min": 7, "parks_within_15min": 10, "nearest_distance_m": 0.0 }, "geometry": { "type": "Point", "coordinates": [ 126.939937083041258, 37.466120986044103 ] } },
{ "type": "Feature", "properties": { "grid_id": 192, "index_right": 319, "node_id": "120141", "snap_distance_m": 1282.740261798308, "parks_within_10min": 7, "parks_within_15min": 10, "nearest_distance_m": 0.0 }, "geometry": { "type": "Point", "coordinates": [ 126.939935280908415, 37.468373512636191 ] } },
{ "type": "Feature", "properties": { "grid_id": 193, "index_right": 319, "node_id": "120141", "snap_distance_m": 1099.8085122440016, "parks_within_10min": 7, "parks_within_15min": 10, "nearest_distance_m": 0.0 }, "geometry": { "type": "Point", "coordinates": [ 126.939933478574986, 37.470626038367385 ] } },
{ "type": "Feature", "properties": { "grid_id": 194, "index_right": 473, "node_id": "116544", "snap_distance_m": 873.91960096367552, "parks_within_10min": 57, "parks_within_15min": 60, "nearest_distance_m": 0.0 }, "geometry": { "type": "Point", "coordinates": [ 126.939931676040942, 37.472878563237686 ] } },
{ "type": "Feature", "properties": { "grid_id": 195, "index_right": 473, "node_id": "116544", "snap_distance_m": 652.58939432025045, "parks_within_10min": 57, "parks_within_15min": 60, "nearest_distance_m": 0.0 }, "geometry": { "type": "Point", "coordinates": [ 126.939929873306269, 37.475131087247036 ] } },
{ "type": "Feature", "properties": { "grid_id": 196, "index_right": 183, "node_id": "116588", "snap_distance_m": 435.73430371512535, "parks_within_10min": 56, "parks_within_15min": 58, "nearest_distance_m": 0.0 }, "geometry": { "type": "Point", "coordinates": [ 126.939928070370925, 37.477383610395442 ] } },
{ "type": "Feature", "properties": { "grid_id": 197, "index_right": 71, "node_id": "116585", "snap_distance_m": 257.81401527246783, "parks_within_10min": 56, "parks_within_15min": 58, "nearest_distance_m": 0.0 }, "geometry": { "type": "Point", "coordinates": [ 126.939926267234895, 37.479636132682906 ] } },
{ "type": "Feature", "properties": { "grid_id": 198, "index_right": 24, "node_id": "116582", "snap_distance_m": 239.18912080448089, "parks_within_10min": 56, "parks_within_15min": 60, "nearest_distance_m": 0.0 }, "geometry": { "type": "Point", "coordinates": [ 126.939924463898151, 37.481888654109376 ] } },
{ "type": "Feature", "properties": { "grid_id": 199, "index_right": 137, "node_id": "213876", "snap_distance_m": 388.89435691601329, "parks_within_10min": 56, "parks_within_15min": 60, "nearest_distance_m": 0.0 }, "geometry": { "type": "Point", "coordinates": [ 126.939922660360665, 37.484141174674853 ] } },
{ "type": "Feature", "properties": { "grid_id": 200, "index_right": 137, "node_id": "213876", "snap_distance_m": 574.13632471869937, "parks_within_10min": 56, "parks_within_15min": 60, "nearest_distance_m": 0.0 }, "geometry": { "type": "Point", "coordinates": [ 126.939920856622408, 37.486393694379309 ] } },
{ "type": "Feature", "properties": { "grid_id": 201, "index_right": 350, "node_id": "121172", "snap_distance_m": 755.44463719169141, "parks_within_10min": 6, "parks_within_15min": 6, "nearest_distance_m": 0.0 }, "geometry": { "type": "Point", "coordinates": [ 126.939919052683393, 37.488646213222729 ] } },
{ "type": "Feature", "properties": { "grid_id": 202, "index_right": 350, "node_id": "121172", "snap_distance_m": 900.73099308149392, "parks_within_10min": 6, "parks_within_15min": 6, "nearest_distance_m": 0.0 }, "geometry": { "type": "Point", "coordinates": [ 126.939917248543551, 37.490898731205107 ] } },
{ "type": "Feature", "properties": { "grid_id": 203, "index_right": 438, "node_id": "83483", "snap_distance_m": 4093.8901988290936, "parks_within_10min": 4, "parks_within_15min": 4, "nearest_distance_m": 156.955 }, "geometry": { "type": "Point", "coordinates": [ 126.942783639039263, 37.439092001013641 ] } },
{ "type": "Feature", "properties": { "grid_id": 204, "index_right": 438, "node_id": "83483", "snap_distance_m": 3851.9939415630433, "parks_within_10min": 4, "parks_within_15min": 4, "nearest_distance_m": 156.955 }, "geometry": { "type": "Point", "coordinates": [ 126.942781923988861, 37.441344538048448 ] } },
{ "type": "Feature", "properties": { "grid_id": 205, "index_right": 438, "node_id": "83483", "snap_distance_m": 3611.2016963343194, "parks_within_10min": 4, "parks_within_15min": 4, "nearest_distance_m": 156.955 }, "geometry": { "type": "Point", "coordinates": [ 126.942780208747578, 37.443597074222581 ] } },
{ "type": "Feature", "properties": { "grid_id": 206, "index_right": 438, "node_id": "83483", "snap_distance_m": 3371.7499992403555, "parks_within_10min": 4, "parks_within_15min": 4, "nearest_distance_m": 156.955 }, "geometry": { "type": "Point", "coordinates": [ 126.942778493315416, 37.445849609536033 ] } },
{ "type": "Feature", "properties": { "grid_id": 207, "index_right": 438, "node_id": "83483", "snap_distance_m": 3133.9461423494204, "parks_within_10min": 4, "parks_within_15min": 4, "nearest_distance_m": 156.955 }, "geometry": { "type": "Point", "coordinates": [ 126.942776777692288, 37.448102143988777 ] } },
{ "type": "Feature", "properties": { "grid_id": 208, "index_right": 438, "node_id": "83483", "snap_distance_m": 2898.1957816745726, "parks_within_10min": 4, "parks_within_15min": 4, "nearest_distance_m": 156.955 }, "geometry": { "type": "Point", "coordinates": [ 126.942775061878223, 37.450354677580791 ] } },
{ "type": "Feature", "properties": { "grid_id": 209, "index_right": 436, "node_id": "83904", "snap_distance_m": 2663.8363073164455, "parks_within_10min": 0, "parks_within_15min": 2, "nearest_distance_m": 966.023 }, "geometry": { "type": "Point", "coordinates": [ 126.942773345873178, 37.45260721031206 ] } },
{ "type": "Feature", "properties": { "grid_id": 210, "index_right": 436, "node_id": "83904", "snap_distance_m": 2430.2184754931136, "parks_within_10min": 0, "parks_within_15min": 2, "nearest_distance_m": 966.023 }, "geometry": { "type": "Point", "coordinates": [ 126.942771629677111, 37.454859742182585 ] } },
{ "type": "Feature", "properties": { "grid_id": 211, "index_right": 436, "node_id": "83904", "snap_distance_m": 2200.2044916504537, "parks_within_10min": 0, "parks_within_15min": 2, "nearest_distance_m": 966.023 }, "geometry": { "type": "Point", "coordinates": [ 126.942769913290036, 37.45711227319233 ] } },
{ "type": "Feature", "properties": { "grid_id": 212, "index_right": 436, "node_id": "83904", "snap_distance_m": 1975.0538654754685, "parks_within_10min": 0, "parks_within_15min": 2, "nearest_distance_m": 966.023 }, "geometry": { "type": "Point", "coordinates": [ 126.942768196711938, 37.459364803341273 ] } },
{ "type": "Feature", "properties": { "grid_id": 213, "index_right": 436, "node_id": "83904", "snap_distance_m": 1756.6376228409624, "parks_within_10min": 0, "parks_within_15min": 2, "nearest_distance_m": 966.023 }, "geometry": { "type": "Point", "coordinates": [ 126.942766479942733, 37.461617332629402 ] } },
{ "type": "Feature", "properties": { "grid_id": 214, "index_right": 436, "node_id": "83904", "snap_distance_m": 1547.8093243132712, "parks_within_10min": 0, "parks_within_15min": 2, "nearest_distance_m": 966.023 }, "geometry": { "type": "Point", "coordinates": [ 126.942764762982478, 37.4638698610567 ] } },
{ "type": "Feature", "properties": { "grid_id": 215, "index_right": 436, "node_id": "83904", "snap_distance_m": 1353.0157688962324, "parks_within_10min": 0, "parks_within_15min": 2, "nearest_distance_m": 966.023 }, "geometry": { "type": "Point", "coordinates": [ 126.9427630458311, 37.466122388623155 ] } },
{ "type": "Feature", "properties": { "grid_id": 216, "index_right": 319, "node_id": "120141", "snap_distance_m": 1142.0064543820372, "parks_within_10min": 7, "parks_within_15min": 10, "nearest_distance_m": 0.0 }, "geometry": { "type": "Point", "coordinates": [ 126.942761328488572, 37.468374915328724 ] } },
{ "type": "Feature", "properties": { "grid_id": 217, "index_right": 319, "node_id": "120141", "snap_distance_m": 931.8449045931435, "parks_within_10min": 7, "parks_within_15min": 10, "nearest_distance_m": 0.0 }, "geometry": { "type": "Point", "coordinates": [ 126.942759610954894, 37.470627441173427 ] } },
{ "type": "Feature", "properties": { "grid_id": 218, "index_right": 319, "node_id": "120141", "snap_distance_m": 746.65327333520588, "parks_within_10min": 7, "parks_within_15min": 10, "nearest_distance_m": 0.0 }, "geometry": { "type": "Point", "coordinates": [ 126.942757893230052, 37.472879966157237 ] } },
{ "type": "Feature", "properties": { "grid_id": 219, "index_right": 473, "node_id": "116544", "snap_distance_m": 559.74950853453083, "parks_within_10min": 57, "parks_within_15min": 60, "nearest_distance_m": 0.0 }, "geometry": { "type": "Point", "coordinates": [ 126.942756175314003, 37.475132490280103 ] } },
{ "type": "Feature", "properties": { "grid_id": 220, "index_right": 473, "node_id": "116544", "snap_distance_m": 316.94946116914309, "parks_within_10min": 57, "parks_within_15min": 60, "nearest_distance_m": 0.0 }, "geometry": { "type": "Point", "coordinates": [ 126.942754457206718, 37.477385013542047 ] } },
{ "type": "Feature", "properties": { "grid_id": 221, "index_right": 473, "node_id": "116544", "snap_distance_m": 112.22481706900442, "parks_within_10min": 57, "parks_within_15min": 60, "nearest_distance_m": 0.0 }, "geometry": { "type": "Point", "coordinates": [ 126.942752738908197, 37.47963753594302 ] } },
{ "type": "Feature", "properties": { "grid_id": 222, "index_right": 54, "node_id": "116578", "snap_distance_m": 58.333455859398391, "parks_within_10min": 56, "parks_within_15min": 60, "nearest_distance_m": 20.496 }, "geometry": { "type": "Point", "coordinates": [ 126.942751020418399, 37.481890057483035 ] } },
{ "type": "Feature", "properties": { "grid_id": 223, "index_right": 137, "node_id": "213876", "snap_distance_m": 240.0065080750625, "parks_within_10min": 56, "parks_within_15min": 60, "nearest_distance_m": 0.0 }, "geometry": { "type": "Point", "coordinates": [ 126.942749301737308, 37.484142578162057 ] } },
{ "type": "Feature", "properties": { "grid_id": 224, "index_right": 350, "node_id": "121172", "snap_distance_m": 429.52186169352632, "parks_within_10min": 6, "parks_within_15min": 6, "nearest_distance_m": 0.0 }, "geometry": { "type": "Point", "coordinates": [ 126.942747582864925, 37.486395097980065 ] } },
{ "type": "Feature", "properties": { "grid_id": 225, "index_right": 350, "node_id": "121172", "snap_distance_m": 547.82182478298625, "parks_within_10min": 6, "parks_within_15min": 6, "nearest_distance_m": 0.0 }, "geometry": { "type": "Point", "coordinates": [ 126.942745863801207, 37.488647616937051 ] } },
{ "type": "Feature", "properties": { "grid_id": 226, "index_right": 336, "node_id": "121111", "snap_distance_m": 704.35419586395528, "parks_within_10min": 1, "parks_within_15min": 2, "nearest_distance_m": 0.0 }, "geometry": { "type": "Point", "coordinates": [ 126.942744144546111, 37.49090013503298 ] } },
{ "type": "Feature", "properties": { "grid_id": 227, "index_right": 438, "node_id": "83483", "snap_distance_m": 4039.9271129309395, "parks_within_10min": 4, "parks_within_15min": 4, "nearest_distance_m": 156.955 }, "geometry": { "type": "Point", "coordinates": [ 126.945608585272012, 37.439093334715643 ] } },
{ "type": "Feature", "properties": { "grid_id": 228, "index_right": 438, "node_id": "83483", "snap_distance_m": 3794.5923949172707, "parks_within_10min": 4, "parks_within_15min": 4, "nearest_distance_m": 156.955 }, "geometry": { "type": "Point", "coordinates": [ 126.945606954898793, 37.441345871858402 ] } },
{ "type": "Feature", "properties": { "grid_id": 229, "index_right": 438, "node_id": "83483", "snap_distance_m": 3549.9087043659961, "parks_within_10min": 4, "parks_within_15min": 4, "nearest_distance_m": 156.955 }, "geometry": { "type": "Point", "coordinates": [ 126.9456053243441, 37.443598408140488 ] } },
{ "type": "Feature", "properties": { "grid_id": 230, "index_right": 438, "node_id": "83483", "snap_distance_m": 3306.0205950814852, "parks_within_10min": 4, "parks_within_15min": 4, "nearest_distance_m": 156.955 }, "geometry": { "type": "Point", "coordinates": [ 126.945603693607922, 37.445850943561908 ] } },
{ "type": "Feature", "properties": { "grid_id": 231, "index_right": 438, "node_id": "83483", "snap_distance_m": 3063.1181075617069, "parks_within_10min": 4, "parks_within_15min": 4, "nearest_distance_m": 156.955 }, "geometry": { "type": "Point", "coordinates": [ 126.945602062690241, 37.448103478122626 ] } },
{ "type": "Feature", "properties": { "grid_id": 232, "index_right": 438, "node_id": "83483", "snap_distance_m": 2821.4558133420919, "parks_within_10min": 4, "parks_within_15min": 4, "nearest_distance_m": 156.955 }, "geometry": { "type": "Point", "coordinates": [ 126.945600431591046, 37.45035601182262 ] } },
{ "type": "Feature", "properties": { "grid_id": 233, "index_right": 438, "node_id": "83483", "snap_distance_m": 2581.3820469685152, "parks_within_10min": 4, "parks_within_15min": 4, "nearest_distance_m": 156.955 }, "geometry": { "type": "Point", "coordinates": [ 126.945598800310293, 37.452608544661878 ] } },
{ "type": "Feature", "properties": { "grid_id": 234, "index_right": 438, "node_id": "83483", "snap_distance_m": 2343.3850810698686, "parks_within_10min": 4, "parks_within_15min": 4, "nearest_distance_m": 156.955 }, "geometry": { "type": "Point", "coordinates": [ 126.945597168847982, 37.454861076640384 ] } },
{ "type": "Feature", "properties": { "grid_id": 235, "index_right": 438, "node_id": "83483", "snap_distance_m": 2108.1684002826505, "parks_within_10min": 4, "parks_within_15min": 4, "nearest_distance_m": 156.955 }, "geometry": { "type": "Point", "coordinates": [ 126.945595537204056, 37.457113607758117 ] } },
{ "type": "Feature", "properties": { "grid_id": 236, "index_right": 436, "node_id": "83904", "snap_distance_m": 1873.6233259153021, "parks_within_10min": 0, "parks_within_15min": 2, "nearest_distance_m": 966.023 }, "geometry": { "type": "Point", "coordinates": [ 126.945593905378544, 37.459366138015064 ] } },
{ "type": "Feature", "properties": { "grid_id": 237, "index_right": 436, "node_id": "83904", "snap_distance_m": 1641.7680511767417, "parks_within_10min": 0, "parks_within_15min": 2, "nearest_distance_m": 966.023 }, "geometry": { "type": "Point", "coordinates": [ 126.945592273371389, 37.461618667411209 ] } },
{ "type": "Feature", "properties": { "grid_id": 238, "index_right": 436, "node_id": "83904", "snap_distance_m": 1416.1003849711483, "parks_within_10min": 0, "parks_within_15min": 2, "nearest_distance_m": 966.023 }, "geometry": { "type": "Point", "coordinates": [ 126.945590641182577, 37.463871195946531 ] } },
{ "type": "Feature", "properties": { "grid_id": 239, "index_right": 436, "node_id": "83904", "snap_distance_m": 1200.1159388851527, "parks_within_10min": 0, "parks_within_15min": 2, "nearest_distance_m": 966.023 }, "geometry": { "type": "Point", "coordinates": [ 126.945589008812078, 37.466123723620981 ] } },
{ "type": "Feature", "properties": { "grid_id": 240, "index_right": 436, "node_id": "83904", "snap_distance_m": 1000.108110764506, "parks_within_10min": 0, "parks_within_15min": 2, "nearest_distance_m": 966.023 }, "geometry": { "type": "Point", "coordinates": [ 126.945587376259894, 37.468376250434602 ] } },
{ "type": "Feature", "properties": { "grid_id": 241, "index_right": 319, "node_id": "120141", "snap_distance_m": 807.52157174161312, "parks_within_10min": 7, "parks_within_15min": 10, "nearest_distance_m": 0.0 }, "geometry": { "type": "Point", "coordinates": [ 126.945585743525996, 37.47062877638735 ] } },
{ "type": "Feature", "properties": { "grid_id": 242, "index_right": 319, "node_id": "120141", "snap_distance_m": 584.1637383422717, "parks_within_10min": 7, "parks_within_15min": 10, "nearest_distance_m": 0.0 }, "geometry": { "type": "Point", "coordinates": [ 126.945584110610369, 37.472881301479177 ] } },
{ "type": "Feature", "properties": { "grid_id": 243, "index_right": 319, "node_id": "120141", "snap_distance_m": 394.21245231472705, "parks_within_10min": 7, "parks_within_15min": 10, "nearest_distance_m": 0.0 }, "geometry": { "type": "Point", "coordinates": [ 126.945582477512957, 37.475133825710103 ] } },
{ "type": "Feature", "properties": { "grid_id": 244, "index_right": 93, "node_id": "120879", "snap_distance_m": 261.27691985600023, "parks_within_10min": 54, "parks_within_15min": 65, "nearest_distance_m": 385.026 }, "geometry": { "type": "Point", "coordinates": [ 126.94558084423376, 37.477386349080085 ] } },
{ "type": "Feature", "properties": { "grid_id": 245, "index_right": 357, "node_id": "120859", "snap_distance_m": 98.572135913922367, "parks_within_10min": 58, "parks_within_15min": 65, "nearest_distance_m": 0.0 }, "geometry": { "type": "Point", "coordinates": [ 126.945579210772777, 37.479638871589131 ] } },
{ "type": "Feature", "properties": { "grid_id": 246, "index_right": 251, "node_id": "76242", "snap_distance_m": 7.4285129804215781, "parks_within_10min": 58, "parks_within_15min": 69, "nearest_distance_m": 294.612 }, "geometry": { "type": "Point", "coordinates": [ 126.945577577129953, 37.481891393237213 ] } },
{ "type": "Feature", "properties": { "grid_id": 247, "index_right": 411, "node_id": "215545", "snap_distance_m": 131.42489806607782, "parks_within_10min": 6, "parks_within_15min": 24, "nearest_distance_m": 306.66 }, "geometry": { "type": "Point", "coordinates": [ 126.9455759433053, 37.484143914024301 ] } },
{ "type": "Feature", "properties": { "grid_id": 248, "index_right": 350, "node_id": "121172", "snap_distance_m": 197.23382448136869, "parks_within_10min": 6, "parks_within_15min": 6, "nearest_distance_m": 0.0 }, "geometry": { "type": "Point", "coordinates": [ 126.945574309298763, 37.486396433950389 ] } },
{ "type": "Feature", "properties": { "grid_id": 249, "index_right": 336, "node_id": "121111", "snap_distance_m": 355.1211401655475, "parks_within_10min": 1, "parks_within_15min": 2, "nearest_distance_m": 0.0 }, "geometry": { "type": "Point", "coordinates": [ 126.945572675110355, 37.488648953015471 ] } },
{ "type": "Feature", "properties": { "grid_id": 250, "index_right": 336, "node_id": "121111", "snap_distance_m": 532.53766303671694, "parks_within_10min": 1, "parks_within_15min": 2, "nearest_distance_m": 0.0 }, "geometry": { "type": "Point", "coordinates": [ 126.94557104074002, 37.490901471219495 ] } },
{ "type": "Feature", "properties": { "grid_id": 251, "index_right": 336, "node_id": "121111", "snap_distance_m": 752.38401160094918, "parks_within_10min": 1, "parks_within_15min": 2, "nearest_distance_m": 0.0 }, "geometry": { "type": "Point", "coordinates": [ 126.945569406187744, 37.493153988562462 ] } },
{ "type": "Feature", "properties": { "grid_id": 252, "index_right": 438, "node_id": "83483", "snap_distance_m": 4000.8855514148504, "parks_within_10min": 4, "parks_within_15min": 4, "nearest_distance_m": 156.955 }, "geometry": { "type": "Point", "coordinates": [ 126.948433531686206, 37.439094600902031 ] } },
{ "type": "Feature", "properties": { "grid_id": 253, "index_right": 438, "node_id": "83483", "snap_distance_m": 3752.9995418717526, "parks_within_10min": 4, "parks_within_15min": 4, "nearest_distance_m": 156.955 }, "geometry": { "type": "Point", "coordinates": [ 126.948431985990169, 37.441347138147272 ] } },
{ "type": "Feature", "properties": { "grid_id": 254, "index_right": 438, "node_id": "83483", "snap_distance_m": 3505.4138025430125, "parks_within_10min": 4, "parks_within_15min": 4, "nearest_distance_m": 156.955 }, "geometry": { "type": "Point", "coordinates": [ 126.948430440122095, 37.44359967453186 ] } },
{ "type": "Feature", "properties": { "grid_id": 255, "index_right": 438, "node_id": "83483", "snap_distance_m": 3258.1967854671602, "parks_within_10min": 4, "parks_within_15min": 4, "nearest_distance_m": 156.955 }, "geometry": { "type": "Point", "coordinates": [ 126.948428894081943, 37.445852210055783 ] } },
{ "type": "Feature", "properties": { "grid_id": 256, "index_right": 438, "node_id": "83483", "snap_distance_m": 3011.4393001682784, "parks_within_10min": 4, "parks_within_15min": 4, "nearest_distance_m": 156.955 }, "geometry": { "type": "Point", "coordinates": [ 126.948427347869739, 37.448104744718997 ] } },
{ "type": "Feature", "properties": { "grid_id": 257, "index_right": 438, "node_id": "83483", "snap_distance_m": 2765.2643678982099, "parks_within_10min": 4, "parks_within_15min": 4, "nearest_distance_m": 156.955 }, "geometry": { "type": "Point", "coordinates": [ 126.948425801485428, 37.450357278521494 ] } },
{ "type": "Feature", "properties": { "grid_id": 258, "index_right": 438, "node_id": "83483", "snap_distance_m": 2519.8427312308518, "parks_within_10min": 4, "parks_within_15min": 4, "nearest_distance_m": 156.955 }, "geometry": { "type": "Point", "coordinates": [ 126.94842425492898, 37.452609811463283 ] } },
{ "type": "Feature", "properties": { "grid_id": 259, "index_right": 438, "node_id": "83483", "snap_distance_m": 2275.4181496829178, "parks_within_10min": 4, "parks_within_15min": 4, "nearest_distance_m": 156.955 }, "geometry": { "type": "Point", "coordinates": [ 126.948422708200411, 37.454862343544313 ] } },
{ "type": "Feature", "properties": { "grid_id": 260, "index_right": 438, "node_id": "83483", "snap_distance_m": 2032.3503934302046, "parks_within_10min": 4, "parks_within_15min": 4, "nearest_distance_m": 156.955 }, "geometry": { "type": "Point", "coordinates": [ 126.948421161299706, 37.457114874764578 ] } },
{ "type": "Feature", "properties": { "grid_id": 261, "index_right": 438, "node_id": "83483", "snap_distance_m": 1791.1919180940333, "parks_within_10min": 4, "parks_within_15min": 4, "nearest_distance_m": 156.955 }, "geometry": { "type": "Point", "coordinates": [ 126.948419614226779, 37.459367405124063 ] } },
{ "type": "Feature", "properties": { "grid_id": 262, "index_right": 438, "node_id": "83483", "snap_distance_m": 1552.8325258104483, "parks_within_10min": 4, "parks_within_15min": 4, "nearest_distance_m": 156.955 }, "geometry": { "type": "Point", "coordinates": [ 126.94841806698166, 37.461619934622746 ] } },
{ "type": "Feature", "properties": { "grid_id": 263, "index_right": 438, "node_id": "83483", "snap_distance_m": 1318.7908169927218, "parks_within_10min": 4, "parks_within_15min": 4, "nearest_distance_m": 156.955 }, "geometry": { "type": "Point", "coordinates": [ 126.948416519564333, 37.463872463260614 ] } },
{ "type": "Feature", "properties": { "grid_id": 264, "index_right": 436, "node_id": "83904", "snap_distance_m": 1083.9302849586409, "parks_within_10min": 0, "parks_within_15min": 2, "nearest_distance_m": 966.023 }, "geometry": { "type": "Point", "coordinates": [ 126.948414971974771, 37.466124991037631 ] } },
{ "type": "Feature", "properties": { "grid_id": 265, "index_right": 436, "node_id": "83904", "snap_distance_m": 857.22974114369026, "parks_within_10min": 0, "parks_within_15min": 2, "nearest_distance_m": 966.023 }, "geometry": { "type": "Point", "coordinates": [ 126.948413424212944, 37.468377517953797 ] } },
{ "type": "Feature", "properties": { "grid_id": 266, "index_right": 436, "node_id": "83904", "snap_distance_m": 647.90492786522009, "parks_within_10min": 0, "parks_within_15min": 2, "nearest_distance_m": 966.023 }, "geometry": { "type": "Point", "coordinates": [ 126.94841187627884, 37.470630044009106 ] } },
{ "type": "Feature", "properties": { "grid_id": 267, "index_right": 436, "node_id": "83904", "snap_distance_m": 479.2898517627865, "parks_within_10min": 0, "parks_within_15min": 2, "nearest_distance_m": 966.023 }, "geometry": { "type": "Point", "coordinates": [ 126.948410328172415, 37.472882569203513 ] } },
{ "type": "Feature", "properties": { "grid_id": 268, "index_right": 319, "node_id": "120141", "snap_distance_m": 253.29749341797944, "parks_within_10min": 7, "parks_within_15min": 10, "nearest_distance_m": 0.0 }, "geometry": { "type": "Point", "coordinates": [ 126.948408779893697, 37.47513509353702 ] } },
{ "type": "Feature", "properties": { "grid_id": 269, "index_right": 319, "node_id": "120141", "snap_distance_m": 57.583022999875723, "parks_within_10min": 7, "parks_within_15min": 10, "nearest_distance_m": 0.0 }, "geometry": { "type": "Point", "coordinates": [ 126.948407231442602, 37.47738761700959 ] } },
{ "type": "Feature", "properties": { "grid_id": 270, "index_right": 15, "node_id": "120864", "snap_distance_m": 15.402559581377847, "parks_within_10min": 24, "parks_within_15min": 64, "nearest_distance_m": 232.462 }, "geometry": { "type": "Point", "coordinates": [ 126.948405682819185, 37.479640139621225 ] } },
{ "type": "Feature", "properties": { "grid_id": 271, "index_right": 170, "node_id": "74465", "snap_distance_m": 11.421869418736858, "parks_within_10min": 64, "parks_within_15min": 69, "nearest_distance_m": 431.616 }, "geometry": { "type": "Point", "coordinates": [ 126.948404134023349, 37.481892661371894 ] } },
{ "type": "Feature", "properties": { "grid_id": 272, "index_right": 507, "node_id": "120927", "snap_distance_m": 24.832805251649237, "parks_within_10min": 6, "parks_within_15min": 30, "nearest_distance_m": 38.14 }, "geometry": { "type": "Point", "coordinates": [ 126.948402585055149, 37.484145182261599 ] } },
{ "type": "Feature", "properties": { "grid_id": 273, "index_right": 89, "node_id": "121110", "snap_distance_m": 60.159287838661129, "parks_within_10min": 1, "parks_within_15min": 2, "nearest_distance_m": 18.774 }, "geometry": { "type": "Point", "coordinates": [ 126.9484010359145, 37.48639770229029 ] } },
{ "type": "Feature", "properties": { "grid_id": 274, "index_right": 336, "node_id": "121111", "snap_distance_m": 196.44987532173997, "parks_within_10min": 1, "parks_within_15min": 2, "nearest_distance_m": 0.0 }, "geometry": { "type": "Point", "coordinates": [ 126.948399486601431, 37.488650221457981 ] } },
{ "type": "Feature", "properties": { "grid_id": 275, "index_right": 336, "node_id": "121111", "snap_distance_m": 442.80683359006167, "parks_within_10min": 1, "parks_within_15min": 2, "nearest_distance_m": 0.0 }, "geometry": { "type": "Point", "coordinates": [ 126.948397937115871, 37.490902739764621 ] } },
{ "type": "Feature", "properties": { "grid_id": 276, "index_right": 281, "node_id": "83527", "snap_distance_m": 609.50615970174886, "parks_within_10min": 1, "parks_within_15min": 2, "nearest_distance_m": 589.016 }, "geometry": { "type": "Point", "coordinates": [ 126.948396387457848, 37.493155257210226 ] } },
{ "type": "Feature", "properties": { "grid_id": 277, "index_right": 438, "node_id": "83483", "snap_distance_m": 3977.2049624385354, "parks_within_10min": 4, "parks_within_15min": 4, "nearest_distance_m": 156.955 }, "geometry": { "type": "Point", "coordinates": [ 126.951258478272408, 37.439095799572804 ] } },
{ "type": "Feature", "properties": { "grid_id": 278, "index_right": 438, "node_id": "83483", "snap_distance_m": 3727.744583392911, "parks_within_10min": 4, "parks_within_15min": 4, "nearest_distance_m": 156.955 }, "geometry": { "type": "Point", "coordinates": [ 126.951257017253567, 37.441348336915077 ] } },
{ "type": "Feature", "properties": { "grid_id": 279, "index_right": 438, "node_id": "83483", "snap_distance_m": 3478.3616897592265, "parks_within_10min": 4, "parks_within_15min": 4, "nearest_distance_m": 156.955 }, "geometry": { "type": "Point", "coordinates": [ 126.951255556072141, 37.44360087339669 ] } },
{ "type": "Feature", "properties": { "grid_id": 280, "index_right": 438, "node_id": "83483", "snap_distance_m": 3229.0742342897811, "parks_within_10min": 4, "parks_within_15min": 4, "nearest_distance_m": 156.955 }, "geometry": { "type": "Point", "coordinates": [ 126.951254094728057, 37.445853409017637 ] } },
{ "type": "Feature", "properties": { "grid_id": 281, "index_right": 438, "node_id": "83483", "snap_distance_m": 2979.9061690468725, "parks_within_10min": 4, "parks_within_15min": 4, "nearest_distance_m": 156.955 }, "geometry": { "type": "Point", "coordinates": [ 126.951252633221316, 37.44810594377789 ] } },
{ "type": "Feature", "properties": { "grid_id": 282, "index_right": 438, "node_id": "83483", "snap_distance_m": 2730.8901739346979, "parks_within_10min": 4, "parks_within_15min": 4, "nearest_distance_m": 156.955 }, "geometry": { "type": "Point", "coordinates": [ 126.951251171551917, 37.450358477677447 ] } },
{ "type": "Feature", "properties": { "grid_id": 283, "index_right": 438, "node_id": "83483", "snap_distance_m": 2482.0720190724842, "parks_within_10min": 4, "parks_within_15min": 4, "nearest_distance_m": 156.955 }, "geometry": { "type": "Point", "coordinates": [ 126.951249709719832, 37.452611010716282 ] } },
{ "type": "Feature", "properties": { "grid_id": 284, "index_right": 438, "node_id": "83483", "snap_distance_m": 2233.5178247849362, "parks_within_10min": 4, "parks_within_15min": 4, "nearest_distance_m": 156.955 }, "geometry": { "type": "Point", "coordinates": [ 126.951248247725019, 37.454863542894365 ] } },
{ "type": "Feature", "properties": { "grid_id": 285, "index_right": 438, "node_id": "83483", "snap_distance_m": 1985.3267336641359, "parks_within_10min": 4, "parks_within_15min": 4, "nearest_distance_m": 156.955 }, "geometry": { "type": "Point", "coordinates": [ 126.951246785567491, 37.45711607421169 ] } },
{ "type": "Feature", "properties": { "grid_id": 286, "index_right": 438, "node_id": "83483", "snap_distance_m": 1737.65433995688, "parks_within_10min": 4, "parks_within_15min": 4, "nearest_distance_m": 156.955 }, "geometry": { "type": "Point", "coordinates": [ 126.951245323247235, 37.459368604668242 ] } },
{ "type": "Feature", "properties": { "grid_id": 287, "index_right": 438, "node_id": "83483", "snap_distance_m": 1490.7591928076295, "parks_within_10min": 4, "parks_within_15min": 4, "nearest_distance_m": 156.955 }, "geometry": { "type": "Point", "coordinates": [ 126.951243860764166, 37.461621134263993 ] } },
{ "type": "Feature", "properties": { "grid_id": 288, "index_right": 438, "node_id": "83483", "snap_distance_m": 1245.1037453601725, "parks_within_10min": 4, "parks_within_15min": 4, "nearest_distance_m": 156.955 }, "geometry": { "type": "Point", "coordinates": [ 126.951242398118339, 37.463873662998942 ] } },
{ "type": "Feature", "properties": { "grid_id": 289, "index_right": 438, "node_id": "83483", "snap_distance_m": 1001.6005703270159, "parks_within_10min": 4, "parks_within_15min": 4, "nearest_distance_m": 156.955 }, "geometry": { "type": "Point", "coordinates": [ 126.951240935309713, 37.466126190873048 ] } },
{ "type": "Feature", "properties": { "grid_id": 290, "index_right": 438, "node_id": "83483", "snap_distance_m": 762.31494032904652, "parks_within_10min": 4, "parks_within_15min": 4, "nearest_distance_m": 156.955 }, "geometry": { "type": "Point", "coordinates": [ 126.951239472338258, 37.468378717886317 ] } },
{ "type": "Feature", "properties": { "grid_id": 291, "index_right": 436, "node_id": "83904", "snap_distance_m": 528.59000315590981, "parks_within_10min": 0, "parks_within_15min": 2, "nearest_distance_m": 966.023 }, "geometry": { "type": "Point", "coordinates": [ 126.951238009203962, 37.470631244038714 ] } },
{ "type": "Feature", "properties": { "grid_id": 292, "index_right": 436, "node_id": "83904", "snap_distance_m": 298.90693850615537, "parks_within_10min": 0, "parks_within_15min": 2, "nearest_distance_m": 966.023 }, "geometry": { "type": "Point", "coordinates": [ 126.951236545906809, 37.472883769330224 ] } },
{ "type": "Feature", "properties": { "grid_id": 293, "index_right": 436, "node_id": "83904", "snap_distance_m": 155.8310762905794, "parks_within_10min": 0, "parks_within_15min": 2, "nearest_distance_m": 966.023 }, "geometry": { "type": "Point", "coordinates": [ 126.951235082446757, 37.475136293760833 ] } },
{ "type": "Feature", "properties": { "grid_id": 294, "index_right": 482, "node_id": "120117", "snap_distance_m": 91.439289602917327, "parks_within_10min": 7, "parks_within_15min": 10, "nearest_distance_m": 202.739 }, "geometry": { "type": "Point", "coordinates": [ 126.951233618823821, 37.477388817330521 ] } },
{ "type": "Feature", "properties": { "grid_id": 295, "index_right": 437, "node_id": "120093", "snap_distance_m": 39.995261303990077, "parks_within_10min": 7, "parks_within_15min": 63, "nearest_distance_m": 219.589 }, "geometry": { "type": "Point", "coordinates": [ 126.951232155037971, 37.479641340039265 ] } },
{ "type": "Feature", "properties": { "grid_id": 296, "index_right": 400, "node_id": "83768", "snap_distance_m": 83.010323292347223, "parks_within_10min": 10, "parks_within_15min": 63, "nearest_distance_m": 165.64 }, "geometry": { "type": "Point", "coordinates": [ 126.951230691089165, 37.48189386188708 ] } },
{ "type": "Feature", "properties": { "grid_id": 297, "index_right": 274, "node_id": "83713", "snap_distance_m": 30.273144827366757, "parks_within_10min": 6, "parks_within_15min": 6, "nearest_distance_m": 241.03 }, "geometry": { "type": "Point", "coordinates": [ 126.951229226977404, 37.484146382873902 ] } },
{ "type": "Feature", "properties": { "grid_id": 298, "index_right": 4, "node_id": "83762", "snap_distance_m": 17.988070065809847, "parks_within_10min": 1, "parks_within_15min": 2, "nearest_distance_m": 232.07 }, "geometry": { "type": "Point", "coordinates": [ 126.951227762702672, 37.486398902999731 ] } },
{ "type": "Feature", "properties": { "grid_id": 299, "index_right": 524, "node_id": "120160", "snap_distance_m": 129.64057906900794, "parks_within_10min": 1, "parks_within_15min": 2, "nearest_distance_m": 538.396 }, "geometry": { "type": "Point", "coordinates": [ 126.951226298264942, 37.488651422264567 ] } },
{ "type": "Feature", "properties": { "grid_id": 300, "index_right": 281, "node_id": "83527", "snap_distance_m": 258.32576123076132, "parks_within_10min": 1, "parks_within_15min": 2, "nearest_distance_m": 589.016 }, "geometry": { "type": "Point", "coordinates": [ 126.951224833664213, 37.490903940668368 ] } },
{ "type": "Feature", "properties": { "grid_id": 301, "index_right": 438, "node_id": "83483", "snap_distance_m": 3969.1602929298924, "parks_within_10min": 4, "parks_within_15min": 4, "nearest_distance_m": 156.955 }, "geometry": { "type": "Point", "coordinates": [ 126.95408342502121, 37.439096930727942 ] } },
{ "type": "Feature", "properties": { "grid_id": 302, "index_right": 438, "node_id": "83483", "snap_distance_m": 3719.1603617941487, "parks_within_10min": 4, "parks_within_15min": 4, "nearest_distance_m": 156.955 }, "geometry": { "type": "Point", "coordinates": [ 126.954082048679609, 37.441349468161761 ] } },
{ "type": "Feature", "properties": { "grid_id": 303, "index_right": 438, "node_id": "83483", "snap_distance_m": 3469.1604405836088, "parks_within_10min": 4, "parks_within_15min": 4, "nearest_distance_m": 156.955 }, "geometry": { "type": "Point", "coordinates": [ 126.954080672184801, 37.443602004734942 ] } },
{ "type": "Feature", "properties": { "grid_id": 304, "index_right": 438, "node_id": "83483", "snap_distance_m": 3219.1605316106452, "parks_within_10min": 4, "parks_within_15min": 4, "nearest_distance_m": 156.955 }, "geometry": { "type": "Point", "coordinates": [ 126.9540792955368, 37.445854540447463 ] } },
{ "type": "Feature", "properties": { "grid_id": 305, "index_right": 438, "node_id": "83483", "snap_distance_m": 2969.1606379664281, "parks_within_10min": 4, "parks_within_15min": 4, "nearest_distance_m": 156.955 }, "geometry": { "type": "Point", "coordinates": [ 126.954077918735564, 37.448107075299305 ] } },
{ "type": "Feature", "properties": { "grid_id": 306, "index_right": 438, "node_id": "83483", "snap_distance_m": 2719.1607638789369, "parks_within_10min": 4, "parks_within_15min": 4, "nearest_distance_m": 156.955 }, "geometry": { "type": "Point", "coordinates": [ 126.954076541781106, 37.450359609290423 ] } },
{ "type": "Feature", "properties": { "grid_id": 307, "index_right": 438, "node_id": "83483", "snap_distance_m": 2469.1609152884621, "parks_within_10min": 4, "parks_within_15min": 4, "nearest_distance_m": 156.955 }, "geometry": { "type": "Point", "coordinates": [ 126.95407516467337, 37.452612142420847 ] } },
{ "type": "Feature", "properties": { "grid_id": 308, "index_right": 438, "node_id": "83483", "snap_distance_m": 2219.1611008121135, "parks_within_10min": 4, "parks_within_15min": 4, "nearest_distance_m": 156.955 }, "geometry": { "type": "Point", "coordinates": [ 126.954073787412355, 37.454864674690519 ] } },
{ "type": "Feature", "properties": { "grid_id": 309, "index_right": 438, "node_id": "83483", "snap_distance_m": 1969.1613334430231, "parks_within_10min": 4, "parks_within_15min": 4, "nearest_distance_m": 156.955 }, "geometry": { "type": "Point", "coordinates": [ 126.954072409998034, 37.457117206099447 ] } },
{ "type": "Feature", "properties": { "grid_id": 310, "index_right": 438, "node_id": "83483", "snap_distance_m": 1719.1616337321454, "parks_within_10min": 4, "parks_within_15min": 4, "nearest_distance_m": 156.955 }, "geometry": { "type": "Point", "coordinates": [ 126.95407103243042, 37.459369736647595 ] } },
{ "type": "Feature", "properties": { "grid_id": 311, "index_right": 438, "node_id": "83483", "snap_distance_m": 1469.1620362186241, "parks_within_10min": 4, "parks_within_15min": 4, "nearest_distance_m": 156.955 }, "geometry": { "type": "Point", "coordinates": [ 126.954069654709471, 37.461622266334963 ] } },
{ "type": "Feature", "properties": { "grid_id": 312, "index_right": 438, "node_id": "83483", "snap_distance_m": 1219.162603771756, "parks_within_10min": 4, "parks_within_15min": 4, "nearest_distance_m": 156.955 }, "geometry": { "type": "Point", "coordinates": [ 126.954068276835173, 37.463874795161509 ] } },
{ "type": "Feature", "properties": { "grid_id": 313, "index_right": 438, "node_id": "83483", "snap_distance_m": 969.16346413027884, "parks_within_10min": 4, "parks_within_15min": 4, "nearest_distance_m": 156.955 }, "geometry": { "type": "Point", "coordinates": [ 126.954066898807483, 37.466127323127246 ] } },
{ "type": "Feature", "properties": { "grid_id": 314, "index_right": 438, "node_id": "83483", "snap_distance_m": 719.16492265298677, "parks_within_10min": 4, "parks_within_15min": 4, "nearest_distance_m": 156.955 }, "geometry": { "type": "Point", "coordinates": [ 126.954065520626429, 37.468379850232132 ] } },
{ "type": "Feature", "properties": { "grid_id": 315, "index_right": 438, "node_id": "83483", "snap_distance_m": 469.16793554541925, "parks_within_10min": 4, "parks_within_15min": 4, "nearest_distance_m": 156.955 }, "geometry": { "type": "Point", "coordinates": [ 126.954064142291969, 37.470632376476154 ] } },
{ "type": "Feature", "properties": { "grid_id": 316, "index_right": 438, "node_id": "83483", "snap_distance_m": 219.17782167323637, "parks_within_10min": 4, "parks_within_15min": 4, "nearest_distance_m": 156.955 }, "geometry": { "type": "Point", "coordinates": [ 126.954062763804075, 37.472884901859295 ] } },
{ "type": "Feature", "properties": { "grid_id": 317, "index_right": 438, "node_id": "83483", "snap_distance_m": 30.972298637642432, "parks_within_10min": 4, "parks_within_15min": 4, "nearest_distance_m": 156.955 }, "geometry": { "type": "Point", "coordinates": [ 126.954061385162746, 37.475137426381544 ] } },
{ "type": "Feature", "properties": { "grid_id": 318, "index_right": 165, "node_id": "119909", "snap_distance_m": 45.149346336060916, "parks_within_10min": 2, "parks_within_15min": 10, "nearest_distance_m": 664.999 }, "geometry": { "type": "Point", "coordinates": [ 126.954060006367939, 37.477389950042877 ] } },
{ "type": "Feature", "properties": { "grid_id": 319, "index_right": 503, "node_id": "83478", "snap_distance_m": 15.570690858750835, "parks_within_10min": 3, "parks_within_15min": 22, "nearest_distance_m": 500.791 }, "geometry": { "type": "Point", "coordinates": [ 126.954058627419684, 37.479642472843281 ] } },
{ "type": "Feature", "properties": { "grid_id": 320, "index_right": 427, "node_id": "78520", "snap_distance_m": 12.880979344784533, "parks_within_10min": 0, "parks_within_15min": 1, "nearest_distance_m": 979.896 }, "geometry": { "type": "Point", "coordinates": [ 126.954057248317923, 37.481894994782742 ] } },
{ "type": "Feature", "properties": { "grid_id": 321, "index_right": 471, "node_id": "77156", "snap_distance_m": 27.23138867902977, "parks_within_10min": 0, "parks_within_15min": 2, "nearest_distance_m": 863.547 }, "geometry": { "type": "Point", "coordinates": [ 126.954055869062643, 37.484147515861224 ] } },
{ "type": "Feature", "properties": { "grid_id": 322, "index_right": 45, "node_id": "68240", "snap_distance_m": 15.531849225920162, "parks_within_10min": 2, "parks_within_15min": 2, "nearest_distance_m": 502.779 }, "geometry": { "type": "Point", "coordinates": [ 126.954054489653842, 37.48640003607872 ] } },
{ "type": "Feature", "properties": { "grid_id": 323, "index_right": 347, "node_id": "83496", "snap_distance_m": 30.390167976293611, "parks_within_10min": 1, "parks_within_15min": 2, "nearest_distance_m": 483.061 }, "geometry": { "type": "Point", "coordinates": [ 126.954053110091508, 37.488652555435223 ] } },
{ "type": "Feature", "properties": { "grid_id": 324, "index_right": 438, "node_id": "83483", "snap_distance_m": 3976.8464326268509, "parks_within_10min": 4, "parks_within_15min": 4, "nearest_distance_m": 156.955 }, "geometry": { "type": "Point", "coordinates": [ 126.956908371923205, 37.439097994367437 ] } },
{ "type": "Feature", "properties": { "grid_id": 325, "index_right": 438, "node_id": "83483", "snap_distance_m": 3727.3620584089203, "parks_within_10min": 4, "parks_within_15min": 4, "nearest_distance_m": 156.955 }, "geometry": { "type": "Point", "coordinates": [ 126.95690708025883, 37.441350531887352 ] } },
{ "type": "Feature", "properties": { "grid_id": 326, "index_right": 438, "node_id": "83483", "snap_distance_m": 3477.9517363292807, "parks_within_10min": 4, "parks_within_15min": 4, "nearest_distance_m": 156.955 }, "geometry": { "type": "Point", "coordinates": [ 126.956905788450698, 37.443603068546636 ] } },
{ "type": "Feature", "properties": { "grid_id": 327, "index_right": 438, "node_id": "83483", "snap_distance_m": 3228.6326279100463, "parks_within_10min": 4, "parks_within_15min": 4, "nearest_distance_m": 156.955 }, "geometry": { "type": "Point", "coordinates": [ 126.956904496498765, 37.445855604345248 ] } },
{ "type": "Feature", "properties": { "grid_id": 328, "index_right": 438, "node_id": "83483", "snap_distance_m": 2979.4276315720117, "parks_within_10min": 4, "parks_within_15min": 4, "nearest_distance_m": 156.955 }, "geometry": { "type": "Point", "coordinates": [ 126.956903204403062, 37.448108139283192 ] } },
{ "type": "Feature", "properties": { "grid_id": 329, "index_right": 438, "node_id": "83483", "snap_distance_m": 2730.3679930632575, "parks_within_10min": 4, "parks_within_15min": 4, "nearest_distance_m": 156.955 }, "geometry": { "type": "Point", "coordinates": [ 126.956901912163545, 37.450360673360436 ] } },
{ "type": "Feature", "properties": { "grid_id": 330, "index_right": 438, "node_id": "83483", "snap_distance_m": 2481.4974800135815, "parks_within_10min": 4, "parks_within_15min": 4, "nearest_distance_m": 156.955 }, "geometry": { "type": "Point", "coordinates": [ 126.956900619780185, 37.45261320657697 ] } },
{ "type": "Feature", "properties": { "grid_id": 331, "index_right": 438, "node_id": "83483", "snap_distance_m": 2232.8793315097055, "parks_within_10min": 4, "parks_within_15min": 4, "nearest_distance_m": 156.955 }, "geometry": { "type": "Point", "coordinates": [ 126.956899327252984, 37.454865738932774 ] } },
{ "type": "Feature", "properties": { "grid_id": 332, "index_right": 438, "node_id": "83483", "snap_distance_m": 1984.60839332416, "parks_within_10min": 4, "parks_within_15min": 4, "nearest_distance_m": 156.955 }, "geometry": { "type": "Point", "coordinates": [ 126.956898034581911, 37.45711827042782 ] } },
{ "type": "Feature", "properties": { "grid_id": 333, "index_right": 438, "node_id": "83483", "snap_distance_m": 1736.8335673351601, "parks_within_10min": 4, "parks_within_15min": 4, "nearest_distance_m": 156.955 }, "geometry": { "type": "Point", "coordinates": [ 126.956896741766954, 37.459370801062107 ] } },
{ "type": "Feature", "properties": { "grid_id": 334, "index_right": 438, "node_id": "83483", "snap_distance_m": 1489.8024051503112, "parks_within_10min": 4, "parks_within_15min": 4, "nearest_distance_m": 156.955 }, "geometry": { "type": "Point", "coordinates": [ 126.956895448808098, 37.461623330835607 ] } },
{ "type": "Feature", "properties": { "grid_id": 335, "index_right": 438, "node_id": "83483", "snap_distance_m": 1243.9580266878486, "parks_within_10min": 4, "parks_within_15min": 4, "nearest_distance_m": 156.955 }, "geometry": { "type": "Point", "coordinates": [ 126.956894155705356, 37.463875859748306 ] } },
{ "type": "Feature", "properties": { "grid_id": 336, "index_right": 438, "node_id": "83483", "snap_distance_m": 1000.1759534854859, "parks_within_10min": 4, "parks_within_15min": 4, "nearest_distance_m": 156.955 }, "geometry": { "type": "Point", "coordinates": [ 126.956892862458645, 37.466128387800183 ] } },
{ "type": "Feature", "properties": { "grid_id": 337, "index_right": 438, "node_id": "83483", "snap_distance_m": 760.44217643426055, "parks_within_10min": 4, "parks_within_15min": 4, "nearest_distance_m": 156.955 }, "geometry": { "type": "Point", "coordinates": [ 126.956891569067992, 37.468380914991222 ] } },
{ "type": "Feature", "properties": { "grid_id": 338, "index_right": 438, "node_id": "83483", "snap_distance_m": 530.27603139266, "parks_within_10min": 4, "parks_within_15min": 4, "nearest_distance_m": 156.955 }, "geometry": { "type": "Point", "coordinates": [ 126.956890275533368, 37.470633441321411 ] } },
{ "type": "Feature", "properties": { "grid_id": 339, "index_right": 438, "node_id": "83483", "snap_distance_m": 330.32262295977188, "parks_within_10min": 4, "parks_within_15min": 4, "nearest_distance_m": 156.955 }, "geometry": { "type": "Point", "coordinates": [ 126.95688898185476, 37.47288596679072 ] } },
{ "type": "Feature", "properties": { "grid_id": 340, "index_right": 286, "node_id": "123965", "snap_distance_m": 146.12890325988363, "parks_within_10min": 4, "parks_within_15min": 19, "nearest_distance_m": 115.697 }, "geometry": { "type": "Point", "coordinates": [ 126.956887688032168, 37.475138491399129 ] } },
{ "type": "Feature", "properties": { "grid_id": 341, "index_right": 413, "node_id": "119444", "snap_distance_m": 12.150194296471838, "parks_within_10min": 4, "parks_within_15min": 19, "nearest_distance_m": 128.277 }, "geometry": { "type": "Point", "coordinates": [ 126.956886394065549, 37.477391015146637 ] } },
{ "type": "Feature", "properties": { "grid_id": 342, "index_right": 408, "node_id": "68272", "snap_distance_m": 24.148411856893386, "parks_within_10min": 1, "parks_within_15min": 1, "nearest_distance_m": 256.994 }, "geometry": { "type": "Point", "coordinates": [ 126.956885099954903, 37.479643538033216 ] } },
{ "type": "Feature", "properties": { "grid_id": 343, "index_right": 310, "node_id": "79384", "snap_distance_m": 17.48763559256393, "parks_within_10min": 1, "parks_within_15min": 1, "nearest_distance_m": 667.664 }, "geometry": { "type": "Point", "coordinates": [ 126.956883805700201, 37.481896060058858 ] } },
{ "type": "Feature", "properties": { "grid_id": 344, "index_right": 526, "node_id": "78972", "snap_distance_m": 53.163043259679569, "parks_within_10min": 0, "parks_within_15min": 1, "nearest_distance_m": 1019.588 }, "geometry": { "type": "Point", "coordinates": [ 126.956882511301416, 37.484148581223529 ] } },
{ "type": "Feature", "properties": { "grid_id": 345, "index_right": 450, "node_id": "83439", "snap_distance_m": 25.58914850946741, "parks_within_10min": 1, "parks_within_15min": 2, "nearest_distance_m": 55.372 }, "geometry": { "type": "Point", "coordinates": [ 126.956881216758561, 37.486401101527235 ] } },
{ "type": "Feature", "properties": { "grid_id": 346, "index_right": 50, "node_id": "83209", "snap_distance_m": 139.08363848210178, "parks_within_10min": 1, "parks_within_15min": 2, "nearest_distance_m": 345.361 }, "geometry": { "type": "Point", "coordinates": [ 126.956879922071593, 37.488653620969934 ] } },
{ "type": "Feature", "properties": { "grid_id": 347, "index_right": 50, "node_id": "83209", "snap_distance_m": 304.06152814295609, "parks_within_10min": 1, "parks_within_15min": 2, "nearest_distance_m": 345.361 }, "geometry": { "type": "Point", "coordinates": [ 126.956878627240528, 37.490906139551605 ] } },
{ "type": "Feature", "properties": { "grid_id": 348, "index_right": 438, "node_id": "83483", "snap_distance_m": 3752.2396021832055, "parks_within_10min": 4, "parks_within_15min": 4, "nearest_distance_m": 156.955 }, "geometry": { "type": "Point", "coordinates": [ 126.959732111981808, 37.441351528091815 ] } },
{ "type": "Feature", "properties": { "grid_id": 349, "index_right": 438, "node_id": "83483", "snap_distance_m": 3504.6001766195036, "parks_within_10min": 4, "parks_within_15min": 4, "nearest_distance_m": 156.955 }, "geometry": { "type": "Point", "coordinates": [ 126.959730904860365, 37.443604064831725 ] } },
{ "type": "Feature", "properties": { "grid_id": 350, "index_right": 438, "node_id": "83483", "snap_distance_m": 3257.3214093378829, "parks_within_10min": 4, "parks_within_15min": 4, "nearest_distance_m": 156.955 }, "geometry": { "type": "Point", "coordinates": [ 126.959729697604558, 37.445856600710989 ] } },
{ "type": "Feature", "properties": { "grid_id": 351, "index_right": 438, "node_id": "83483", "snap_distance_m": 3010.4921739643178, "parks_within_10min": 4, "parks_within_15min": 4, "nearest_distance_m": 156.955 }, "geometry": { "type": "Point", "coordinates": [ 126.959728490214403, 37.448109135729574 ] } },
{ "type": "Feature", "properties": { "grid_id": 352, "index_right": 438, "node_id": "83483", "snap_distance_m": 2764.2328945423319, "parks_within_10min": 4, "parks_within_15min": 4, "nearest_distance_m": 156.955 }, "geometry": { "type": "Point", "coordinates": [ 126.959727282689812, 37.450361669887471 ] } },
{ "type": "Feature", "properties": { "grid_id": 353, "index_right": 438, "node_id": "83483", "snap_distance_m": 2518.7107537467168, "parks_within_10min": 4, "parks_within_15min": 4, "nearest_distance_m": 156.955 }, "geometry": { "type": "Point", "coordinates": [ 126.959726075030858, 37.452614203184638 ] } },
{ "type": "Feature", "properties": { "grid_id": 354, "index_right": 438, "node_id": "83483", "snap_distance_m": 2274.1645118172141, "parks_within_10min": 4, "parks_within_15min": 4, "nearest_distance_m": 156.955 }, "geometry": { "type": "Point", "coordinates": [ 126.959724867237483, 37.454866735621103 ] } },
{ "type": "Feature", "properties": { "grid_id": 355, "index_right": 438, "node_id": "83483", "snap_distance_m": 2030.9467232249847, "parks_within_10min": 4, "parks_within_15min": 4, "nearest_distance_m": 156.955 }, "geometry": { "type": "Point", "coordinates": [ 126.95972365930966, 37.457119267196816 ] } },
{ "type": "Feature", "properties": { "grid_id": 356, "index_right": 438, "node_id": "83483", "snap_distance_m": 1789.5991054836211, "parks_within_10min": 4, "parks_within_15min": 4, "nearest_distance_m": 156.955 }, "geometry": { "type": "Point", "coordinates": [ 126.959722451247387, 37.459371797911771 ] } },
{ "type": "Feature", "properties": { "grid_id": 357, "index_right": 438, "node_id": "83483", "snap_distance_m": 1550.9949465157038, "parks_within_10min": 4, "parks_within_15min": 4, "nearest_distance_m": 156.955 }, "geometry": { "type": "Point", "coordinates": [ 126.959721243050666, 37.461624327765939 ] } },
{ "type": "Feature", "properties": { "grid_id": 358, "index_right": 438, "node_id": "83483", "snap_distance_m": 1316.6266326816897, "parks_within_10min": 4, "parks_within_15min": 4, "nearest_distance_m": 156.955 }, "geometry": { "type": "Point", "coordinates": [ 126.959720034719453, 37.463876856759306 ] } },
{ "type": "Feature", "properties": { "grid_id": 359, "index_right": 438, "node_id": "83483", "snap_distance_m": 1089.2318649654899, "parks_within_10min": 4, "parks_within_15min": 4, "nearest_distance_m": 156.955 }, "geometry": { "type": "Point", "coordinates": [ 126.959718826253749, 37.466129384891872 ] } },
{ "type": "Feature", "properties": { "grid_id": 360, "index_right": 438, "node_id": "83483", "snap_distance_m": 874.26907838815487, "parks_within_10min": 4, "parks_within_15min": 4, "nearest_distance_m": 156.955 }, "geometry": { "type": "Point", "coordinates": [ 126.959717617653538, 37.468381912163601 ] } },
{ "type": "Feature", "properties": { "grid_id": 361, "index_right": 267, "node_id": "68252", "snap_distance_m": 671.05389005958841, "parks_within_10min": 4, "parks_within_15min": 18, "nearest_distance_m": 0.0 }, "geometry": { "type": "Point", "coordinates": [ 126.959716408918766, 37.470634438574464 ] } },
{ "type": "Feature", "properties": { "grid_id": 362, "index_right": 267, "node_id": "68252", "snap_distance_m": 433.93999857986569, "parks_within_10min": 4, "parks_within_15min": 18, "nearest_distance_m": 0.0 }, "geometry": { "type": "Point", "coordinates": [ 126.959715200049473, 37.472886964124477 ] } },
{ "type": "Feature", "properties": { "grid_id": 363, "index_right": 267, "node_id": "68252", "snap_distance_m": 226.48293836596486, "parks_within_10min": 4, "parks_within_15min": 18, "nearest_distance_m": 0.0 }, "geometry": { "type": "Point", "coordinates": [ 126.959713991045618, 37.475139488813596 ] } },
{ "type": "Feature", "properties": { "grid_id": 364, "index_right": 212, "node_id": "68021", "snap_distance_m": 78.787383615707427, "parks_within_10min": 18, "parks_within_15min": 19, "nearest_distance_m": 297.558 }, "geometry": { "type": "Point", "coordinates": [ 126.9597127819072, 37.477392012641801 ] } },
{ "type": "Feature", "properties": { "grid_id": 365, "index_right": 152, "node_id": "67913", "snap_distance_m": 59.145573765495946, "parks_within_10min": 15, "parks_within_15min": 18, "nearest_distance_m": 373.741 }, "geometry": { "type": "Point", "coordinates": [ 126.959711572634163, 37.479644535609097 ] } },
{ "type": "Feature", "properties": { "grid_id": 366, "index_right": 383, "node_id": "67901", "snap_distance_m": 105.70609879385194, "parks_within_10min": 1, "parks_within_15min": 1, "nearest_distance_m": 609.122 }, "geometry": { "type": "Point", "coordinates": [ 126.959710363226534, 37.481897057715443 ] } },
{ "type": "Feature", "properties": { "grid_id": 367, "index_right": 458, "node_id": "119595", "snap_distance_m": 247.12247856287118, "parks_within_10min": 0, "parks_within_15min": 1, "nearest_distance_m": 817.248 }, "geometry": { "type": "Point", "coordinates": [ 126.959709153684287, 37.484149578960853 ] } },
{ "type": "Feature", "properties": { "grid_id": 368, "index_right": 450, "node_id": "83439", "snap_distance_m": 274.99048953114135, "parks_within_10min": 1, "parks_within_15min": 2, "nearest_distance_m": 55.372 }, "geometry": { "type": "Point", "coordinates": [ 126.959707944007391, 37.486402099345256 ] } },
{ "type": "Feature", "properties": { "grid_id": 369, "index_right": 66, "node_id": "83441", "snap_distance_m": 347.06488018463995, "parks_within_10min": 1, "parks_within_15min": 2, "nearest_distance_m": 0.0 }, "geometry": { "type": "Point", "coordinates": [ 126.959706734195834, 37.488654618868686 ] } },
{ "type": "Feature", "properties": { "grid_id": 370, "index_right": 50, "node_id": "83209", "snap_distance_m": 472.9494821890068, "parks_within_10min": 1, "parks_within_15min": 2, "nearest_distance_m": 345.361 }, "geometry": { "type": "Point", "coordinates": [ 126.959705524249628, 37.490907137531096 ] } },
{ "type": "Feature", "properties": { "grid_id": 371, "index_right": 50, "node_id": "83209", "snap_distance_m": 649.45389913839097, "parks_within_10min": 1, "parks_within_15min": 2, "nearest_distance_m": 345.361 }, "geometry": { "type": "Point", "coordinates": [ 126.959704314168718, 37.493159655332484 ] } },
{ "type": "Feature", "properties": { "grid_id": 372, "index_right": 438, "node_id": "83483", "snap_distance_m": 3793.4649266755559, "parks_within_10min": 4, "parks_within_15min": 4, "nearest_distance_m": 156.955 }, "geometry": { "type": "Point", "coordinates": [ 126.962557143839135, 37.441352456775157 ] } },
{ "type": "Feature", "properties": { "grid_id": 373, "index_right": 438, "node_id": "83483", "snap_distance_m": 3548.7034978548231, "parks_within_10min": 4, "parks_within_15min": 4, "nearest_distance_m": 156.955 }, "geometry": { "type": "Point", "coordinates": [ 126.962556021404396, 37.443604993590235 ] } },
{ "type": "Feature", "properties": { "grid_id": 374, "index_right": 438, "node_id": "83483", "snap_distance_m": 3304.7264457828473, "parks_within_10min": 4, "parks_within_15min": 4, "nearest_distance_m": 156.955 }, "geometry": { "type": "Point", "coordinates": [ 126.962554898844715, 37.445857529544668 ] } },
{ "type": "Feature", "properties": { "grid_id": 375, "index_right": 438, "node_id": "83483", "snap_distance_m": 3061.7212882994436, "parks_within_10min": 4, "parks_within_15min": 4, "nearest_distance_m": 156.955 }, "geometry": { "type": "Point", "coordinates": [ 126.962553776160078, 37.448110064638428 ] } },
{ "type": "Feature", "properties": { "grid_id": 376, "index_right": 438, "node_id": "83483", "snap_distance_m": 2819.9392924308636, "parks_within_10min": 4, "parks_within_15min": 4, "nearest_distance_m": 156.955 }, "geometry": { "type": "Point", "coordinates": [ 126.962552653350514, 37.450362598871493 ] } },
{ "type": "Feature", "properties": { "grid_id": 377, "index_right": 438, "node_id": "83483", "snap_distance_m": 2579.7243997692763, "parks_within_10min": 4, "parks_within_15min": 4, "nearest_distance_m": 156.955 }, "geometry": { "type": "Point", "coordinates": [ 126.962551530415936, 37.452615132243864 ] } },
{ "type": "Feature", "properties": { "grid_id": 378, "index_right": 438, "node_id": "83483", "snap_distance_m": 2341.5589560236203, "parks_within_10min": 4, "parks_within_15min": 4, "nearest_distance_m": 156.955 }, "geometry": { "type": "Point", "coordinates": [ 126.962550407356403, 37.454867664755511 ] } },
{ "type": "Feature", "properties": { "grid_id": 379, "index_right": 438, "node_id": "83483", "snap_distance_m": 2106.1383407326075, "parks_within_10min": 4, "parks_within_15min": 4, "nearest_distance_m": 156.955 }, "geometry": { "type": "Point", "coordinates": [ 126.962549284171871, 37.457120196406422 ] } },
{ "type": "Feature", "properties": { "grid_id": 380, "index_right": 438, "node_id": "83483", "snap_distance_m": 1874.4970194890616, "parks_within_10min": 4, "parks_within_15min": 4, "nearest_distance_m": 156.955 }, "geometry": { "type": "Point", "coordinates": [ 126.962548160862298, 37.45937272719658 ] } },
{ "type": "Feature", "properties": { "grid_id": 381, "index_right": 438, "node_id": "83483", "snap_distance_m": 1648.2291836522156, "parks_within_10min": 4, "parks_within_15min": 4, "nearest_distance_m": 156.955 }, "geometry": { "type": "Point", "coordinates": [ 126.962547037427711, 37.461625257125945 ] } },
{ "type": "Feature", "properties": { "grid_id": 382, "index_right": 438, "node_id": "83483", "snap_distance_m": 1429.8880402368304, "parks_within_10min": 4, "parks_within_15min": 4, "nearest_distance_m": 156.955 }, "geometry": { "type": "Point", "coordinates": [ 126.96254591386807, 37.46387778619453 ] } },
{ "type": "Feature", "properties": { "grid_id": 383, "index_right": 267, "node_id": "68252", "snap_distance_m": 1223.5636589956907, "parks_within_10min": 4, "parks_within_15min": 18, "nearest_distance_m": 0.0 }, "geometry": { "type": "Point", "coordinates": [ 126.962544790183358, 37.466130314402292 ] } },
{ "type": "Feature", "properties": { "grid_id": 384, "index_right": 267, "node_id": "68252", "snap_distance_m": 992.52134819272806, "parks_within_10min": 4, "parks_within_15min": 18, "nearest_distance_m": 0.0 }, "geometry": { "type": "Point", "coordinates": [ 126.962543666373577, 37.468382841749239 ] } },
{ "type": "Feature", "properties": { "grid_id": 385, "index_right": 267, "node_id": "68252", "snap_distance_m": 773.36228613871401, "parks_within_10min": 4, "parks_within_15min": 18, "nearest_distance_m": 0.0 }, "geometry": { "type": "Point", "coordinates": [ 126.962542542438726, 37.470635368235328 ] } },
{ "type": "Feature", "properties": { "grid_id": 386, "index_right": 267, "node_id": "68252", "snap_distance_m": 579.72392103921834, "parks_within_10min": 4, "parks_within_15min": 18, "nearest_distance_m": 0.0 }, "geometry": { "type": "Point", "coordinates": [ 126.962541418378748, 37.472887893860566 ] } },
{ "type": "Feature", "properties": { "grid_id": 387, "index_right": 353, "node_id": "68009", "snap_distance_m": 358.20214856505589, "parks_within_10min": 15, "parks_within_15min": 18, "nearest_distance_m": 0.0 }, "geometry": { "type": "Point", "coordinates": [ 126.962540294193658, 37.47514041862491 ] } },
{ "type": "Feature", "properties": { "grid_id": 388, "index_right": 353, "node_id": "68009", "snap_distance_m": 145.53923804121467, "parks_within_10min": 15, "parks_within_15min": 18, "nearest_distance_m": 0.0 }, "geometry": { "type": "Point", "coordinates": [ 126.962539169883428, 37.477392942528347 ] } },
{ "type": "Feature", "properties": { "grid_id": 389, "index_right": 520, "node_id": "68032", "snap_distance_m": 84.105868814598054, "parks_within_10min": 15, "parks_within_15min": 18, "nearest_distance_m": 0.0 }, "geometry": { "type": "Point", "coordinates": [ 126.962538045448042, 37.479645465570876 ] } },
{ "type": "Feature", "properties": { "grid_id": 390, "index_right": 268, "node_id": "67971", "snap_distance_m": 35.392511158084467, "parks_within_10min": 15, "parks_within_15min": 16, "nearest_distance_m": 73.981 }, "geometry": { "type": "Point", "coordinates": [ 126.962536920887487, 37.481897987752482 ] } },
{ "type": "Feature", "properties": { "grid_id": 391, "index_right": 438, "node_id": "83483", "snap_distance_m": 3132.1256943091544, "parks_within_10min": 4, "parks_within_15min": 4, "nearest_distance_m": 156.955 }, "geometry": { "type": "Point", "coordinates": [ 126.965379062230753, 37.448110926009733 ] } },
{ "type": "Feature", "properties": { "grid_id": 392, "index_right": 438, "node_id": "83483", "snap_distance_m": 2896.2271545445251, "parks_within_10min": 4, "parks_within_15min": 4, "nearest_distance_m": 156.955 }, "geometry": { "type": "Point", "coordinates": [ 126.965378024136172, 37.450363460312524 ] } },
{ "type": "Feature", "properties": { "grid_id": 393, "index_right": 438, "node_id": "83483", "snap_distance_m": 2662.9029453756948, "parks_within_10min": 4, "parks_within_15min": 4, "nearest_distance_m": 156.955 }, "geometry": { "type": "Point", "coordinates": [ 126.965376985926028, 37.452615993754613 ] } },
{ "type": "Feature", "properties": { "grid_id": 394, "index_right": 438, "node_id": "83483", "snap_distance_m": 2432.8938452509647, "parks_within_10min": 4, "parks_within_15min": 4, "nearest_distance_m": 156.955 }, "geometry": { "type": "Point", "coordinates": [ 126.965375947600336, 37.454868526335979 ] } },
{ "type": "Feature", "properties": { "grid_id": 395, "index_right": 438, "node_id": "83483", "snap_distance_m": 2207.2364685346924, "parks_within_10min": 4, "parks_within_15min": 4, "nearest_distance_m": 156.955 }, "geometry": { "type": "Point", "coordinates": [ 126.965374909159081, 37.457121058056622 ] } },
{ "type": "Feature", "properties": { "grid_id": 396, "index_right": 438, "node_id": "83483", "snap_distance_m": 1987.4136946793371, "parks_within_10min": 4, "parks_within_15min": 4, "nearest_distance_m": 156.955 }, "geometry": { "type": "Point", "coordinates": [ 126.965373870602235, 37.459373588916506 ] } },
{ "type": "Feature", "properties": { "grid_id": 397, "index_right": 438, "node_id": "83483", "snap_distance_m": 1775.5938610978717, "parks_within_10min": 4, "parks_within_15min": 4, "nearest_distance_m": 156.955 }, "geometry": { "type": "Point", "coordinates": [ 126.965372831929784, 37.461626118915611 ] } },
{ "type": "Feature", "properties": { "grid_id": 398, "index_right": 267, "node_id": "68252", "snap_distance_m": 1551.4165562056914, "parks_within_10min": 4, "parks_within_15min": 18, "nearest_distance_m": 0.0 }, "geometry": { "type": "Point", "coordinates": [ 126.965371793141742, 37.463878648053935 ] } },
{ "type": "Feature", "properties": { "grid_id": 399, "index_right": 267, "node_id": "68252", "snap_distance_m": 1330.3698470246968, "parks_within_10min": 4, "parks_within_15min": 18, "nearest_distance_m": 0.0 }, "geometry": { "type": "Point", "coordinates": [ 126.965370754238066, 37.466131176331437 ] } },
{ "type": "Feature", "properties": { "grid_id": 400, "index_right": 267, "node_id": "68252", "snap_distance_m": 1121.5500563398418, "parks_within_10min": 4, "parks_within_15min": 18, "nearest_distance_m": 0.0 }, "geometry": { "type": "Point", "coordinates": [ 126.965369715218728, 37.468383703748124 ] } },
{ "type": "Feature", "properties": { "grid_id": 401, "index_right": 353, "node_id": "68009", "snap_distance_m": 915.17322141365673, "parks_within_10min": 15, "parks_within_15min": 18, "nearest_distance_m": 0.0 }, "geometry": { "type": "Point", "coordinates": [ 126.965368676083756, 37.470636230303981 ] } },
{ "type": "Feature", "properties": { "grid_id": 402, "index_right": 353, "node_id": "68009", "snap_distance_m": 693.11969800723807, "parks_within_10min": 15, "parks_within_15min": 18, "nearest_distance_m": 0.0 }, "geometry": { "type": "Point", "coordinates": [ 126.965367636833136, 37.472888755998959 ] } },
{ "type": "Feature", "properties": { "grid_id": 403, "index_right": 353, "node_id": "68009", "snap_distance_m": 498.28486464936884, "parks_within_10min": 15, "parks_within_15min": 18, "nearest_distance_m": 0.0 }, "geometry": { "type": "Point", "coordinates": [ 126.965366597466797, 37.475141280833078 ] } },
{ "type": "Feature", "properties": { "grid_id": 404, "index_right": 39, "node_id": "68030", "snap_distance_m": 367.27451438134653, "parks_within_10min": 15, "parks_within_15min": 18, "nearest_distance_m": 0.0 }, "geometry": { "type": "Point", "coordinates": [ 126.965365557984796, 37.477393804806276 ] } },
{ "type": "Feature", "properties": { "grid_id": 405, "index_right": 438, "node_id": "83483", "snap_distance_m": 2991.522329591854, "parks_within_10min": 4, "parks_within_15min": 4, "nearest_distance_m": 156.955 }, "geometry": { "type": "Point", "coordinates": [ 126.968203395037364, 37.450364254210541 ] } },
{ "type": "Feature", "properties": { "grid_id": 406, "index_right": 438, "node_id": "83483", "snap_distance_m": 2766.2476776702679, "parks_within_10min": 4, "parks_within_15min": 4, "nearest_distance_m": 156.955 }, "geometry": { "type": "Point", "coordinates": [ 126.968202441551654, 37.452616787716877 ] } },
{ "type": "Feature", "properties": { "grid_id": 407, "index_right": 438, "node_id": "83483", "snap_distance_m": 2545.5935614283803, "parks_within_10min": 4, "parks_within_15min": 4, "nearest_distance_m": 156.955 }, "geometry": { "type": "Point", "coordinates": [ 126.968201487959831, 37.454869320362512 ] } },
{ "type": "Feature", "properties": { "grid_id": 408, "index_right": 438, "node_id": "83483", "snap_distance_m": 2330.8725717539983, "parks_within_10min": 4, "parks_within_15min": 4, "nearest_distance_m": 156.955 }, "geometry": { "type": "Point", "coordinates": [ 126.968200534261882, 37.457121852147402 ] } },
{ "type": "Feature", "properties": { "grid_id": 409, "index_right": 267, "node_id": "68252", "snap_distance_m": 2110.3762780888019, "parks_within_10min": 4, "parks_within_15min": 18, "nearest_distance_m": 0.0 }, "geometry": { "type": "Point", "coordinates": [ 126.968199580457764, 37.459374383071548 ] } },
{ "type": "Feature", "properties": { "grid_id": 410, "index_right": 267, "node_id": "68252", "snap_distance_m": 1888.5652316304386, "parks_within_10min": 4, "parks_within_15min": 18, "nearest_distance_m": 0.0 }, "geometry": { "type": "Point", "coordinates": [ 126.968198626547505, 37.461626913134928 ] } },
{ "type": "Feature", "properties": { "grid_id": 411, "index_right": 267, "node_id": "68252", "snap_distance_m": 1674.7146721536535, "parks_within_10min": 4, "parks_within_15min": 18, "nearest_distance_m": 0.0 }, "geometry": { "type": "Point", "coordinates": [ 126.968197672531048, 37.463879442337515 ] } },
{ "type": "Feature", "properties": { "grid_id": 412, "index_right": 267, "node_id": "68252", "snap_distance_m": 1472.2974672701528, "parks_within_10min": 4, "parks_within_15min": 18, "nearest_distance_m": 0.0 }, "geometry": { "type": "Point", "coordinates": [ 126.968196718408407, 37.466131970679299 ] } },
{ "type": "Feature", "properties": { "grid_id": 413, "index_right": 353, "node_id": "68009", "snap_distance_m": 1250.8589695571889, "parks_within_10min": 15, "parks_within_15min": 18, "nearest_distance_m": 0.0 }, "geometry": { "type": "Point", "coordinates": [ 126.968195764179555, 37.468384498160269 ] } },
{ "type": "Feature", "properties": { "grid_id": 414, "index_right": 353, "node_id": "68009", "snap_distance_m": 1040.4427193722236, "parks_within_10min": 15, "parks_within_15min": 18, "nearest_distance_m": 0.0 }, "geometry": { "type": "Point", "coordinates": [ 126.968194809844491, 37.470637024780402 ] } },
{ "type": "Feature", "properties": { "grid_id": 415, "index_right": 353, "node_id": "68009", "snap_distance_m": 851.70061809749927, "parks_within_10min": 15, "parks_within_15min": 18, "nearest_distance_m": 0.0 }, "geometry": { "type": "Point", "coordinates": [ 126.9681938554032, 37.472889550539676 ] } },
{ "type": "Feature", "properties": { "grid_id": 416, "index_right": 353, "node_id": "68009", "snap_distance_m": 702.32957608280833, "parks_within_10min": 15, "parks_within_15min": 18, "nearest_distance_m": 0.0 }, "geometry": { "type": "Point", "coordinates": [ 126.968192900855669, 37.475142075438072 ] } },
{ "type": "Feature", "properties": { "grid_id": 417, "index_right": 438, "node_id": "83483", "snap_distance_m": 2887.594211786301, "parks_within_10min": 4, "parks_within_15min": 4, "nearest_distance_m": 156.955 }, "geometry": { "type": "Point", "coordinates": [ 126.971027897283435, 37.452617514130665 ] } },
{ "type": "Feature", "properties": { "grid_id": 418, "index_right": 267, "node_id": "68252", "snap_distance_m": 2669.3599868453039, "parks_within_10min": 4, "parks_within_15min": 18, "nearest_distance_m": 0.0 }, "geometry": { "type": "Point", "coordinates": [ 126.971027028425482, 37.454870046835083 ] } },
{ "type": "Feature", "properties": { "grid_id": 419, "index_right": 267, "node_id": "68252", "snap_distance_m": 2447.1357417140043, "parks_within_10min": 4, "parks_within_15min": 18, "nearest_distance_m": 0.0 }, "geometry": { "type": "Point", "coordinates": [ 126.971026159470853, 37.457122578678771 ] } },
{ "type": "Feature", "properties": { "grid_id": 420, "index_right": 267, "node_id": "68252", "snap_distance_m": 2230.7989459782198, "parks_within_10min": 4, "parks_within_15min": 18, "nearest_distance_m": 0.0 }, "geometry": { "type": "Point", "coordinates": [ 126.971025290419476, 37.459375109661714 ] } },
{ "type": "Feature", "properties": { "grid_id": 421, "index_right": 267, "node_id": "68252", "snap_distance_m": 2022.2399799185366, "parks_within_10min": 4, "parks_within_15min": 18, "nearest_distance_m": 0.0 }, "geometry": { "type": "Point", "coordinates": [ 126.97102442127138, 37.461627639783885 ] } },
{ "type": "Feature", "properties": { "grid_id": 422, "index_right": 353, "node_id": "68009", "snap_distance_m": 1809.387025397745, "parks_within_10min": 15, "parks_within_15min": 18, "nearest_distance_m": 0.0 }, "geometry": { "type": "Point", "coordinates": [ 126.971023552026523, 37.463880169045289 ] } },
{ "type": "Feature", "properties": { "grid_id": 423, "index_right": 353, "node_id": "68009", "snap_distance_m": 1594.2880223631785, "parks_within_10min": 15, "parks_within_15min": 18, "nearest_distance_m": 0.0 }, "geometry": { "type": "Point", "coordinates": [ 126.971022682684932, 37.466132697445872 ] } },
{ "type": "Feature", "properties": { "grid_id": 424, "index_right": 353, "node_id": "68009", "snap_distance_m": 1390.9087636591014, "parks_within_10min": 15, "parks_within_15min": 18, "nearest_distance_m": 0.0 }, "geometry": { "type": "Point", "coordinates": [ 126.971021813246566, 37.468385224985653 ] } },
{ "type": "Feature", "properties": { "grid_id": 425, "index_right": 353, "node_id": "68009", "snap_distance_m": 1205.1971122586897, "parks_within_10min": 15, "parks_within_15min": 18, "nearest_distance_m": 0.0 }, "geometry": { "type": "Point", "coordinates": [ 126.971020943711437, 37.470637751664597 ] } },
{ "type": "Feature", "properties": { "grid_id": 426, "index_right": 353, "node_id": "68009", "snap_distance_m": 1046.6006735950821, "parks_within_10min": 15, "parks_within_15min": 18, "nearest_distance_m": 0.0 }, "geometry": { "type": "Point", "coordinates": [ 126.971020074079505, 37.472890277482698 ] } },
{ "type": "Feature", "properties": { "grid_id": 427, "index_right": 39, "node_id": "68030", "snap_distance_m": 925.87273200965001, "parks_within_10min": 15, "parks_within_15min": 18, "nearest_distance_m": 0.0 }, "geometry": { "type": "Point", "coordinates": [ 126.971019204350796, 37.475142802439912 ] } },
{ "type": "Feature", "properties": { "grid_id": 428, "index_right": 267, "node_id": "68252", "snap_distance_m": 2788.056427267632, "parks_within_10min": 4, "parks_within_15min": 18, "nearest_distance_m": 0.0 }, "geometry": { "type": "Point", "coordinates": [ 126.973852568987823, 37.454870705753699 ] } },
{ "type": "Feature", "properties": { "grid_id": 429, "index_right": 267, "node_id": "68252", "snap_distance_m": 2576.0918540750331, "parks_within_10min": 4, "parks_within_15min": 18, "nearest_distance_m": 0.0 }, "geometry": { "type": "Point", "coordinates": [ 126.9738517847765, 37.457123237650713 ] } },
{ "type": "Feature", "properties": { "grid_id": 430, "index_right": 353, "node_id": "68009", "snap_distance_m": 2368.1458260913173, "parks_within_10min": 15, "parks_within_15min": 18, "nearest_distance_m": 0.0 }, "geometry": { "type": "Point", "coordinates": [ 126.973851000477893, 37.459375768686982 ] } },
{ "type": "Feature", "properties": { "grid_id": 431, "index_right": 353, "node_id": "68009", "snap_distance_m": 2150.8109038701477, "parks_within_10min": 15, "parks_within_15min": 18, "nearest_distance_m": 0.0 }, "geometry": { "type": "Point", "coordinates": [ 126.973850216092004, 37.461628298862486 ] } },
{ "type": "Feature", "properties": { "grid_id": 432, "index_right": 353, "node_id": "68009", "snap_distance_m": 1941.3553087417349, "parks_within_10min": 15, "parks_within_15min": 18, "nearest_distance_m": 0.0 }, "geometry": { "type": "Point", "coordinates": [ 126.973849431618774, 37.463880828177224 ] } },
{ "type": "Feature", "properties": { "grid_id": 433, "index_right": 353, "node_id": "68009", "snap_distance_m": 1742.6225424206793, "parks_within_10min": 15, "parks_within_15min": 18, "nearest_distance_m": 0.0 }, "geometry": { "type": "Point", "coordinates": [ 126.973848647058247, 37.466133356631154 ] } },
{ "type": "Feature", "properties": { "grid_id": 434, "index_right": 353, "node_id": "68009", "snap_distance_m": 1558.7194153938378, "parks_within_10min": 15, "parks_within_15min": 18, "nearest_distance_m": 0.0 }, "geometry": { "type": "Point", "coordinates": [ 126.973847862410366, 37.468385884224276 ] } },
{ "type": "Feature", "properties": { "grid_id": 435, "index_right": 353, "node_id": "68009", "snap_distance_m": 1395.5210878015073, "parks_within_10min": 15, "parks_within_15min": 18, "nearest_distance_m": 0.0 }, "geometry": { "type": "Point", "coordinates": [ 126.97384707767516, 37.470638410956553 ] } },
{ "type": "Feature", "properties": { "grid_id": 436, "index_right": 353, "node_id": "68009", "snap_distance_m": 1261.0915894857508, "parks_within_10min": 15, "parks_within_15min": 18, "nearest_distance_m": 0.0 }, "geometry": { "type": "Point", "coordinates": [ 126.973846292852613, 37.472890936828001 ] } },
{ "type": "Feature", "properties": { "grid_id": 437, "index_right": 520, "node_id": "68032", "snap_distance_m": 1153.6926039612185, "parks_within_10min": 15, "parks_within_15min": 18, "nearest_distance_m": 0.0 }, "geometry": { "type": "Point", "coordinates": [ 126.973845507942698, 37.475143461838563 ] } },
{ "type": "Feature", "properties": { "grid_id": 438, "index_right": 353, "node_id": "68009", "snap_distance_m": 2708.3612739372029, "parks_within_10min": 15, "parks_within_15min": 18, "nearest_distance_m": 0.0 }, "geometry": { "type": "Point", "coordinates": [ 126.976677410169472, 37.457123829063214 ] } },
{ "type": "Feature", "properties": { "grid_id": 439, "index_right": 353, "node_id": "68009", "snap_distance_m": 2495.6148903097496, "parks_within_10min": 15, "parks_within_15min": 18, "nearest_distance_m": 0.0 }, "geometry": { "type": "Point", "coordinates": [ 126.976676710623622, 37.459376360147338 ] } },
{ "type": "Feature", "properties": { "grid_id": 440, "index_right": 353, "node_id": "68009", "snap_distance_m": 2290.4075120617158, "parks_within_10min": 15, "parks_within_15min": 18, "nearest_distance_m": 0.0 }, "geometry": { "type": "Point", "coordinates": [ 126.97667601099991, 37.461628890370719 ] } },
{ "type": "Feature", "properties": { "grid_id": 441, "index_right": 353, "node_id": "68009", "snap_distance_m": 2094.9557183582028, "parks_within_10min": 15, "parks_within_15min": 18, "nearest_distance_m": 0.0 }, "geometry": { "type": "Point", "coordinates": [ 126.976675311298337, 37.463881419733326 ] } },
{ "type": "Feature", "properties": { "grid_id": 442, "index_right": 353, "node_id": "68009", "snap_distance_m": 1912.2532134774228, "parks_within_10min": 15, "parks_within_15min": 18, "nearest_distance_m": 0.0 }, "geometry": { "type": "Point", "coordinates": [ 126.97667461151886, 37.466133948235118 ] } },
{ "type": "Feature", "properties": { "grid_id": 443, "index_right": 353, "node_id": "68009", "snap_distance_m": 1746.3061710443919, "parks_within_10min": 15, "parks_within_15min": 18, "nearest_distance_m": 0.0 }, "geometry": { "type": "Point", "coordinates": [ 126.976673911661507, 37.468386475876109 ] } },
{ "type": "Feature", "properties": { "grid_id": 444, "index_right": 353, "node_id": "68009", "snap_distance_m": 1602.3289717160828, "parks_within_10min": 15, "parks_within_15min": 18, "nearest_distance_m": 0.0 }, "geometry": { "type": "Point", "coordinates": [ 126.976673211726236, 37.47063900265627 ] } },
{ "type": "Feature", "properties": { "grid_id": 445, "index_right": 39, "node_id": "68030", "snap_distance_m": 1484.7862010552133, "parks_within_10min": 15, "parks_within_15min": 18, "nearest_distance_m": 0.0 }, "geometry": { "type": "Point", "coordinates": [ 126.976672511713062, 37.472891528575595 ] } },
{ "type": "Feature", "properties": { "grid_id": 446, "index_right": 520, "node_id": "68032", "snap_distance_m": 1387.654730655584, "parks_within_10min": 15, "parks_within_15min": 18, "nearest_distance_m": 0.0 }, "geometry": { "type": "Point", "coordinates": [ 126.976671811621998, 37.475144053634047 ] } },
{ "type": "Feature", "properties": { "grid_id": 447, "index_right": 353, "node_id": "68009", "snap_distance_m": 2842.5692282273035, "parks_within_10min": 15, "parks_within_15min": 18, "nearest_distance_m": 0.0 }, "geometry": { "type": "Point", "coordinates": [ 126.979503035640292, 37.457124352916281 ] } },
{ "type": "Feature", "properties": { "grid_id": 448, "index_right": 353, "node_id": "68009", "snap_distance_m": 2640.6576279097148, "parks_within_10min": 15, "parks_within_15min": 18, "nearest_distance_m": 0.0 }, "geometry": { "type": "Point", "coordinates": [ 126.979502420847211, 37.459376884042797 ] } },
{ "type": "Feature", "properties": { "grid_id": 449, "index_right": 353, "node_id": "68009", "snap_distance_m": 2447.6408229989052, "parks_within_10min": 15, "parks_within_15min": 18, "nearest_distance_m": 0.0 }, "geometry": { "type": "Point", "coordinates": [ 126.979501805985706, 37.461629414308575 ] } },
{ "type": "Feature", "properties": { "grid_id": 450, "index_right": 353, "node_id": "68009", "snap_distance_m": 2265.7931258135091, "parks_within_10min": 15, "parks_within_15min": 18, "nearest_distance_m": 0.0 }, "geometry": { "type": "Point", "coordinates": [ 126.979501191055775, 37.46388194371356 ] } },
{ "type": "Feature", "properties": { "grid_id": 451, "index_right": 353, "node_id": "68009", "snap_distance_m": 2098.0208243858656, "parks_within_10min": 15, "parks_within_15min": 18, "nearest_distance_m": 0.0 }, "geometry": { "type": "Point", "coordinates": [ 126.979500576057376, 37.466134472257771 ] } },
{ "type": "Feature", "properties": { "grid_id": 452, "index_right": 353, "node_id": "68009", "snap_distance_m": 1947.9641347134043, "parks_within_10min": 15, "parks_within_15min": 18, "nearest_distance_m": 0.0 }, "geometry": { "type": "Point", "coordinates": [ 126.979499960990552, 37.468386999941167 ] } },
{ "type": "Feature", "properties": { "grid_id": 453, "index_right": 353, "node_id": "68009", "snap_distance_m": 1820.0102089556358, "parks_within_10min": 15, "parks_within_15min": 18, "nearest_distance_m": 0.0 }, "geometry": { "type": "Point", "coordinates": [ 126.979499345855245, 37.47063952676374 ] } },
{ "type": "Feature", "properties": { "grid_id": 454, "index_right": 520, "node_id": "68032", "snap_distance_m": 1711.8624471807589, "parks_within_10min": 15, "parks_within_15min": 18, "nearest_distance_m": 0.0 }, "geometry": { "type": "Point", "coordinates": [ 126.979498730651457, 37.472892052725477 ] } },
{ "type": "Feature", "properties": { "grid_id": 455, "index_right": 520, "node_id": "68032", "snap_distance_m": 1626.3962243521182, "parks_within_10min": 15, "parks_within_15min": 18, "nearest_distance_m": 0.0 }, "geometry": { "type": "Point", "coordinates": [ 126.979498115379187, 37.475144577826327 ] } },
{ "type": "Feature", "properties": { "grid_id": 456, "index_right": 353, "node_id": "68009", "snap_distance_m": 2991.6849507203769, "parks_within_10min": 15, "parks_within_15min": 18, "nearest_distance_m": 0.0 }, "geometry": { "type": "Point", "coordinates": [ 126.982328661179537, 37.457124809209894 ] } },
{ "type": "Feature", "properties": { "grid_id": 457, "index_right": 353, "node_id": "68009", "snap_distance_m": 2800.5448996471705, "parks_within_10min": 15, "parks_within_15min": 18, "nearest_distance_m": 0.0 }, "geometry": { "type": "Point", "coordinates": [ 126.982328131139241, 37.459377340373344 ] } },
{ "type": "Feature", "properties": { "grid_id": 458, "index_right": 353, "node_id": "68009", "snap_distance_m": 2619.336676624976, "parks_within_10min": 15, "parks_within_15min": 18, "nearest_distance_m": 0.0 }, "geometry": { "type": "Point", "coordinates": [ 126.982327601039955, 37.461629870676042 ] } },
{ "type": "Feature", "properties": { "grid_id": 459, "index_right": 353, "node_id": "68009", "snap_distance_m": 2450.2647848928023, "parks_within_10min": 15, "parks_within_15min": 18, "nearest_distance_m": 0.0 }, "geometry": { "type": "Point", "coordinates": [ 126.982327070881666, 37.463882400117974 ] } },
{ "type": "Feature", "properties": { "grid_id": 460, "index_right": 353, "node_id": "68009", "snap_distance_m": 2296.011848109405, "parks_within_10min": 15, "parks_within_15min": 18, "nearest_distance_m": 0.0 }, "geometry": { "type": "Point", "coordinates": [ 126.982326540664374, 37.466134928699113 ] } },
{ "type": "Feature", "properties": { "grid_id": 461, "index_right": 353, "node_id": "68009", "snap_distance_m": 2159.7553790260044, "parks_within_10min": 15, "parks_within_15min": 18, "nearest_distance_m": 0.0 }, "geometry": { "type": "Point", "coordinates": [ 126.98232601038805, 37.468387456419443 ] } },
{ "type": "Feature", "properties": { "grid_id": 462, "index_right": 39, "node_id": "68030", "snap_distance_m": 2043.7562990261172, "parks_within_10min": 15, "parks_within_15min": 18, "nearest_distance_m": 0.0 }, "geometry": { "type": "Point", "coordinates": [ 126.982325480052694, 37.470639983278957 ] } },
{ "type": "Feature", "properties": { "grid_id": 463, "index_right": 520, "node_id": "68032", "snap_distance_m": 1942.9493213009187, "parks_within_10min": 15, "parks_within_15min": 18, "nearest_distance_m": 0.0 }, "geometry": { "type": "Point", "coordinates": [ 126.982324949658334, 37.472892509277614 ] } },
{ "type": "Feature", "properties": { "grid_id": 464, "index_right": 353, "node_id": "68009", "snap_distance_m": 2972.8825678189505, "parks_within_10min": 15, "parks_within_15min": 18, "nearest_distance_m": 0.0 }, "geometry": { "type": "Point", "coordinates": [ 126.985153841490245, 37.459377729138971 ] } },
{ "type": "Feature", "properties": { "grid_id": 465, "index_right": 353, "node_id": "68009", "snap_distance_m": 2802.8384992030474, "parks_within_10min": 15, "parks_within_15min": 18, "nearest_distance_m": 0.0 }, "geometry": { "type": "Point", "coordinates": [ 126.985153396153208, 37.461630259473139 ] } },
{ "type": "Feature", "properties": { "grid_id": 466, "index_right": 353, "node_id": "68009", "snap_distance_m": 2645.5200893563042, "parks_within_10min": 15, "parks_within_15min": 18, "nearest_distance_m": 0.0 }, "geometry": { "type": "Point", "coordinates": [ 126.985152950766576, 37.46388278894652 ] } },
{ "type": "Feature", "properties": { "grid_id": 467, "index_right": 353, "node_id": "68009", "snap_distance_m": 2503.3276720718727, "parks_within_10min": 15, "parks_within_15min": 18, "nearest_distance_m": 0.0 }, "geometry": { "type": "Point", "coordinates": [ 126.985152505330348, 37.466135317559122 ] } },
{ "type": "Feature", "properties": { "grid_id": 468, "index_right": 353, "node_id": "68009", "snap_distance_m": 2378.9750575266185, "parks_within_10min": 15, "parks_within_15min": 18, "nearest_distance_m": 0.0 }, "geometry": { "type": "Point", "coordinates": [ 126.985152059844552, 37.468387845310914 ] } },
{ "type": "Feature", "properties": { "grid_id": 469, "index_right": 353, "node_id": "68009", "snap_distance_m": 2849.3430067806516, "parks_within_10min": 15, "parks_within_15min": 18, "nearest_distance_m": 0.0 }, "geometry": { "type": "Point", "coordinates": [ 126.987978830701053, 37.46388311019922 ] } }
]
}
